gvkey,window_idx,param,ac_1,geweke_z,abs_geweke_z,flag_geweke_2,flag_ac1_03
100022,0,mu,0.010303367834773855,0.2356660763530483,0.2356660763530483,False,False
100022,0,sigma,0.03684122261322439,2.439469150755693,2.439469150755693,True,False
100022,0,theta,0.010480548274363467,0.20810560003781498,0.20810560003781498,False,False
100022,1,mu,-0.010431297524194236,-0.23414077721919396,0.23414077721919396,False,False
100022,1,sigma,-0.01613466304076893,-0.0676335563922323,0.0676335563922323,False,False
100022,1,theta,-0.010299323603325927,-0.23231438698382192,0.23231438698382192,False,False
100022,2,mu,0.007078715764352091,1.0172907247661838,1.0172907247661838,False,False
100022,2,sigma,0.03185044306844076,-0.6483075430258807,0.6483075430258807,False,False
100022,2,theta,0.007268718576727458,1.0257405056864457,1.0257405056864457,False,False
100022,3,mu,0.012981220335644418,-2.5296491956746676,2.5296491956746676,True,False
100022,3,sigma,0.009872654211915273,-1.077179807518053,1.077179807518053,False,False
100022,3,theta,0.013289677982892458,-2.5110670527699046,2.5110670527699046,True,False
100022,4,mu,0.028342573641954198,0.6935112010048265,0.6935112010048265,False,False
100022,4,sigma,-0.027123220163847616,-1.1455887252525951,1.1455887252525951,False,False
100022,4,theta,0.028521907058165548,0.7060926797779179,0.7060926797779179,False,False
100022,5,mu,0.032208390154715834,0.013622641048409897,0.013622641048409897,False,False
100022,5,sigma,-0.0219953685014558,1.72749791831034,1.72749791831034,False,False
100022,5,theta,0.03270639649471723,-0.003189024311252024,0.003189024311252024,False,False
100022,6,mu,-0.0038726990354336016,0.039378738819232074,0.039378738819232074,False,False
100022,6,sigma,0.033803918409089834,-0.3806103900293087,0.3806103900293087,False,False
100022,6,theta,-0.003475691491094946,0.04370686658590966,0.04370686658590966,False,False
100022,7,mu,-0.01301855181406928,-0.8141691634945346,0.8141691634945346,False,False
100022,7,sigma,0.017163519159054414,-1.3666849454928023,1.3666849454928023,False,False
100022,7,theta,-0.013127635634333725,-0.8007125634291284,0.8007125634291284,False,False
100022,8,mu,-0.022081942609041855,0.7355379865655951,0.7355379865655951,False,False
100022,8,sigma,0.02064631655630638,-0.7087862376499495,0.7087862376499495,False,False
100022,8,theta,-0.022360510485906728,0.7417812259459982,0.7417812259459982,False,False
100022,9,mu,0.0011394692822246344,1.4988716603668821,1.4988716603668821,False,False
100022,9,sigma,-0.0038781080558035067,-1.3008538751503993,1.3008538751503993,False,False
100022,9,theta,0.001416165191440165,1.506154495751906,1.506154495751906,False,False
100022,10,mu,0.01544963920560789,-1.1135272932933016,1.1135272932933016,False,False
100022,10,sigma,-0.004967573205204213,0.09145851644040442,0.09145851644040442,False,False
100022,10,theta,0.0153292000290165,-1.1139761067647969,1.1139761067647969,False,False
100022,11,mu,-0.009749634024677628,-1.68918580760284,1.68918580760284,False,False
100022,11,sigma,-0.009493842077864481,-1.116423481185198,1.116423481185198,False,False
100022,11,theta,-0.009594500507457412,-1.6799768651290419,1.6799768651290419,False,False
100022,12,mu,-0.0380261599707839,0.6414643151193787,0.6414643151193787,False,False
100022,12,sigma,-0.009308443941851256,-0.01706832514983979,0.01706832514983979,False,False
100022,12,theta,-0.0377974654886978,0.6416787970546,0.6416787970546,False,False
100022,13,mu,-0.009179368651786205,-1.6388474182554338,1.6388474182554338,False,False
100022,13,sigma,0.013071313972109398,1.5451697248543288,1.5451697248543288,False,False
100022,13,theta,-0.009128003911514441,-1.6470378303697866,1.6470378303697866,False,False
100022,14,mu,0.017312978787651315,-0.0696737620198104,0.0696737620198104,False,False
100022,14,sigma,-0.009829677094742138,-0.3855839591607995,0.3855839591607995,False,False
100022,14,theta,0.017428612197842683,-0.06750715482959559,0.06750715482959559,False,False
100022,15,mu,-0.010525117349916875,-0.15178525391724865,0.15178525391724865,False,False
100022,15,sigma,-0.025663585222177675,0.344277300473919,0.344277300473919,False,False
100022,15,theta,-0.010185588416448437,-0.15392346925085698,0.15392346925085698,False,False
100022,16,mu,0.0045804253068780195,-0.7118694632618359,0.7118694632618359,False,False
100022,16,sigma,0.015390946405065197,-1.7002171620545383,1.7002171620545383,False,False
100022,16,theta,0.004118134099639545,-0.702249166410803,0.702249166410803,False,False
100022,17,mu,0.010949380004961439,-0.5560213239054593,0.5560213239054593,False,False
100022,17,sigma,0.014719462434759996,0.4939812402192723,0.4939812402192723,False,False
100022,17,theta,0.0109297133602747,-0.5603576491432457,0.5603576491432457,False,False
100022,18,mu,-0.0060907174503081795,-1.4428793482399271,1.4428793482399271,False,False
100022,18,sigma,-0.002227347191353636,-0.18467553370840425,0.18467553370840425,False,False
100022,18,theta,-0.006097781015815566,-1.4404766426585494,1.4404766426585494,False,False
100022,19,mu,0.01871641515051472,0.7986223575056539,0.7986223575056539,False,False
100022,19,sigma,0.004754595697448982,-0.6234663239358514,0.6234663239358514,False,False
100022,19,theta,0.018903556179700978,0.8044734556805125,0.8044734556805125,False,False
100022,20,mu,6.906239638171453e-05,-1.432936883379077,1.432936883379077,False,False
100022,20,sigma,0.026826096157191906,-0.4039907770755483,0.4039907770755483,False,False
100022,20,theta,0.0002763833227678695,-1.4300806565610449,1.4300806565610449,False,False
100022,21,mu,0.0002439218194927489,0.23739936535384298,0.23739936535384298,False,False
100022,21,sigma,-0.011362712830161334,-1.2902545985100302,1.2902545985100302,False,False
100022,21,theta,0.0007546380690425911,0.24887289130911514,0.24887289130911514,False,False
100022,22,mu,0.002263418787831293,0.2156786741836485,0.2156786741836485,False,False
100022,22,sigma,0.02805098426635562,0.26202510886119995,0.26202510886119995,False,False
100022,22,theta,0.002166474562465756,0.21118946451172568,0.21118946451172568,False,False
100022,23,mu,0.0189845561090349,1.1985457414555933,1.1985457414555933,False,False
100022,23,sigma,0.012084907162410147,0.12249664970151176,0.12249664970151176,False,False
100022,23,theta,0.019102051263039613,1.1983550873091298,1.1983550873091298,False,False
100022,24,mu,0.04451965320035769,-0.6275163877476854,0.6275163877476854,False,False
100022,24,sigma,-0.0020490926166043862,-0.43492246794808237,0.43492246794808237,False,False
100022,24,theta,0.044560828369448593,-0.6237214460206384,0.6237214460206384,False,False
100022,25,mu,0.04106527051311928,-1.2788837680202834,1.2788837680202834,False,False
100022,25,sigma,-0.04935670821014241,-0.20923691201263364,0.20923691201263364,False,False
100022,25,theta,0.040982459873611536,-1.2760491659793691,1.2760491659793691,False,False
100022,26,mu,-0.0056032547448510335,0.8880426034374869,0.8880426034374869,False,False
100022,26,sigma,-0.013240267600116182,0.15465414022985216,0.15465414022985216,False,False
100022,26,theta,-0.005482494232990625,0.8883746961290172,0.8883746961290172,False,False
100022,27,mu,-0.034604288867326506,-1.4144633969187357,1.4144633969187357,False,False
100022,27,sigma,0.002442285297279277,-1.4309010126302906,1.4309010126302906,False,False
100022,27,theta,-0.03456677585185728,-1.4060647575333938,1.4060647575333938,False,False
100022,28,mu,0.039677036475295836,-1.7115374786319166,1.7115374786319166,False,False
100022,28,sigma,0.010764541081135524,2.1402360424131435,2.1402360424131435,True,False
100022,28,theta,0.03931129206844755,-1.723865914347087,1.723865914347087,False,False
100022,29,mu,-0.01705591993396611,0.3980381754664014,0.3980381754664014,False,False
100022,29,sigma,0.033797270490658025,-0.38888152605011367,0.38888152605011367,False,False
100022,29,theta,-0.01672223683858432,0.4009537430494935,0.4009537430494935,False,False
100022,30,mu,-0.0052358710397096605,0.04192766074389105,0.04192766074389105,False,False
100022,30,sigma,-0.013893270879370579,0.895803511050265,0.895803511050265,False,False
100022,30,theta,-0.005135598734177875,0.03577204393455329,0.03577204393455329,False,False
100022,31,mu,-0.01619702742729953,0.7220037358154742,0.7220037358154742,False,False
100022,31,sigma,0.022270513181872367,1.073623015843346,1.073623015843346,False,False
100022,31,theta,-0.016292900563348447,0.7133027600197519,0.7133027600197519,False,False
100022,32,mu,0.0026624875932532016,0.28933300214681124,0.28933300214681124,False,False
100022,32,sigma,-0.031187930490169734,0.4340493662706621,0.4340493662706621,False,False
100022,32,theta,0.0027516313999074917,0.28667883545899914,0.28667883545899914,False,False
100022,33,mu,0.006460576117493937,-1.0892489571572492,1.0892489571572492,False,False
100022,33,sigma,0.0360029793426067,-0.5486433782973077,0.5486433782973077,False,False
100022,33,theta,0.0061540173314995365,-1.0859829827800658,1.0859829827800658,False,False
100022,34,mu,-0.004508285276927804,-0.32941723270151474,0.32941723270151474,False,False
100022,34,sigma,-0.013338764594744345,0.6067288555671754,0.6067288555671754,False,False
100022,34,theta,-0.004478219797992909,-0.33503733289646015,0.33503733289646015,False,False
100022,35,mu,-0.027850919188035242,-0.2188114774569805,0.2188114774569805,False,False
100022,35,sigma,-0.013025103198532466,0.4277173857004415,0.4277173857004415,False,False
100022,35,theta,-0.0282131676674164,-0.22281373139319258,0.22281373139319258,False,False
100080,0,mu,0.010129735985402039,0.2635551539947468,0.2635551539947468,False,False
100080,0,sigma,0.03684062906374141,2.439472828976455,2.439472828976455,True,False
100080,0,theta,0.010480770689006812,0.20811646600704545,0.20811646600704545,False,False
100080,1,mu,-0.010527426971470305,-0.23544900018675816,0.23544900018675816,False,False
100080,1,sigma,-0.016134937634313975,-0.06760718864511862,0.06760718864511862,False,False
100080,1,theta,-0.010299215834627819,-0.2323196162676126,0.2323196162676126,False,False
100080,2,mu,0.006942389633468237,1.0108486739527087,1.0108486739527087,False,False
100080,2,sigma,0.031850082930960186,-0.6483021523274382,0.6483021523274382,False,False
100080,2,theta,0.0072692623958436845,1.0257308260142068,1.0257308260142068,False,False
100080,3,mu,0.012751669494430377,-2.543235751867418,2.543235751867418,True,False
100080,3,sigma,0.00987288445905127,-1.0771872938516207,1.0771872938516207,False,False
100080,3,theta,0.013290259858252149,-2.5110732010732026,2.5110732010732026,True,False
100080,4,mu,0.028209042474822983,0.6848135521440878,0.6848135521440878,False,False
100080,4,sigma,-0.027124028863402573,-1.1455930071052933,1.1455930071052933,False,False
100080,4,theta,0.028521369859384305,0.706099795949992,0.706099795949992,False,False
100080,5,mu,0.031985842006202234,0.02098687890612488,0.02098687890612488,False,False
100080,5,sigma,-0.021995396510741033,1.7274976630759455,1.7274976630759455,False,False
100080,5,theta,0.032706220578632664,-0.0031854583674734063,0.0031854583674734063,False,False
100080,6,mu,-0.004039500006549576,0.037520264991921605,0.037520264991921605,False,False
100080,6,sigma,0.03380392030427438,-0.3806044178411314,0.3806044178411314,False,False
100080,6,theta,-0.0034754380368425476,0.043702847910144386,0.043702847910144386,False,False
100080,7,mu,-0.012973702658939571,-0.8194689364795491,0.8194689364795491,False,False
100080,7,sigma,0.01716309363699086,-1.3666865724450774,1.3666865724450774,False,False
100080,7,theta,-0.013127677456608124,-0.8007108223161857,0.8007108223161857,False,False
100080,8,mu,-0.021970283725702873,0.7330661144859355,0.7330661144859355,False,False
100080,8,sigma,0.020646124664517245,-0.7087859530587253,0.7087859530587253,False,False
100080,8,theta,-0.02236056184803558,0.7417804131281965,0.7417804131281965,False,False
100080,9,mu,0.0008742243558963551,1.4918591360382003,1.4918591360382003,False,False
100080,9,sigma,-0.0038783324947825044,-1.3008665564892319,1.3008665564892319,False,False
100080,9,theta,0.0014158691514045267,1.5061657197346296,1.5061657197346296,False,False
100080,10,mu,0.0155596231721661,-1.1130741560664046,1.1130741560664046,False,False
100080,10,sigma,-0.004967274230490925,0.09145548642796829,0.09145548642796829,False,False
100080,10,theta,0.015329417354391372,-1.113981559079354,1.113981559079354,False,False
100080,11,mu,-0.009953786109953285,-1.7012095054463234,1.7012095054463234,False,False
100080,11,sigma,-0.009494066523207733,-1.1164392528210285,1.1164392528210285,False,False
100080,11,theta,-0.009594281545256822,-1.679975878126862,1.679975878126862,False,False
100080,12,mu,-0.0384059625395837,0.6410361331243409,0.6410361331243409,False,False
100080,12,sigma,-0.009308617497766533,-0.017087100617668827,0.017087100617668827,False,False
100080,12,theta,-0.03779803984828824,0.6416920222786574,0.6416920222786574,False,False
100080,13,mu,-0.00937792673640193,-1.6029577182816517,1.6029577182816517,False,False
100080,13,sigma,0.013070762796037909,1.5451326310666558,1.5451326310666558,False,False
100080,13,theta,-0.009128810245657462,-1.6470448121205152,1.6470448121205152,False,False
100080,14,mu,0.016823177250634157,-0.07841846247180556,0.07841846247180556,False,False
100080,14,sigma,-0.009829596610868133,-0.38567686154923736,0.38567686154923736,False,False
100080,14,theta,0.01743039808692377,-0.06747231437049,0.06747231437049,False,False
100080,15,mu,-0.011933933875767497,-0.1429524155496727,0.1429524155496727,False,False
100080,15,sigma,-0.025662345401692276,0.3442316287963158,0.3442316287963158,False,False
100080,15,theta,-0.010185934039476612,-0.15391506538877353,0.15391506538877353,False,False
100080,16,mu,0.00646132270833656,-0.7503162559755605,0.7503162559755605,False,False
100080,16,sigma,0.015390188419369113,-1.7002064891183033,1.7002064891183033,False,False
100080,16,theta,0.004118343299499305,-0.7023343965512655,0.7023343965512655,False,False
100080,17,mu,0.010997418545253242,-0.5461429410018925,0.5461429410018925,False,False
100080,17,sigma,0.014720152920747364,0.4939242884081476,0.4939242884081476,False,False
100080,17,theta,0.0109291259539035,-0.5603885440006331,0.5603885440006331,False,False
100080,18,mu,-0.0060751326040487585,-1.4474303337686723,1.4474303337686723,False,False
100080,18,sigma,-0.002225635616860305,-0.18464714414137476,0.18464714414137476,False,False
100080,18,theta,-0.006099721639272192,-1.4404981186894892,1.4404981186894892,False,False
100080,19,mu,0.01832697905716815,0.7863504943508983,0.7863504943508983,False,False
100080,19,sigma,0.0047538390516961545,-0.6234077464086455,0.6234077464086455,False,False
100080,19,theta,0.01890334236000474,0.8044177303059405,0.8044177303059405,False,False
100080,20,mu,-0.00030893834444901947,-1.437852956483853,1.437852956483853,False,False
100080,20,sigma,0.026826900277973034,-0.4040181730191817,0.4040181730191817,False,False
100080,20,theta,0.0002753219618503319,-1.4301198116900464,1.4301198116900464,False,False
100080,21,mu,-2.4296512189000437e-05,0.23136925301412367,0.23136925301412367,False,False
100080,21,sigma,-0.011362630303943671,-1.290261571873797,1.290261571873797,False,False
100080,21,theta,0.0007546377612054632,0.24886662529239406,0.24886662529239406,False,False
100080,22,mu,0.002313074028054062,0.21789161201189558,0.21789161201189558,False,False
100080,22,sigma,0.028051577750538247,0.26203322355683084,0.26203322355683084,False,False
100080,22,theta,0.002166368454929839,0.21119484207225306,0.21119484207225306,False,False
100080,23,mu,0.018930097157772722,1.1986036869330516,1.1986036869330516,False,False
100080,23,sigma,0.012084840576534632,0.12249207762002026,0.12249207762002026,False,False
100080,23,theta,0.019102150529754832,1.1983621775258662,1.1983621775258662,False,False
100080,24,mu,0.0444988134803145,-0.6291026585577686,0.6291026585577686,False,False
100080,24,sigma,-0.002049168146623623,-0.4349124798830263,0.4349124798830263,False,False
100080,24,theta,0.044560775006271244,-0.6237159505290273,0.6237159505290273,False,False
100080,25,mu,0.04110886760811255,-1.2805161574344057,1.2805161574344057,False,False
100080,25,sigma,-0.04935669428877104,-0.20923466767201668,0.20923466767201668,False,False
100080,25,theta,0.040982405449502574,-1.276048782299335,1.276048782299335,False,False
100080,26,mu,-0.005682842855913019,0.8878015363573938,0.8878015363573938,False,False
100080,26,sigma,-0.013240248413623607,0.15465276368462108,0.15465276368462108,False,False
100080,26,theta,-0.005482422654859773,0.8883742347265521,0.8883742347265521,False,False
100080,27,mu,-0.03462201832838487,-1.4187617801116774,1.4187617801116774,False,False
100080,27,sigma,0.002442426819689387,-1.4309039049083747,1.4309039049083747,False,False
100080,27,theta,-0.03456674499929706,-1.4060665828662353,1.4060665828662353,False,False
100080,28,mu,0.03988336283893199,-1.704524351703866,1.704524351703866,False,False
100080,28,sigma,0.01076447231676221,2.140240080867555,2.140240080867555,True,False
100080,28,theta,0.039311281575220326,-1.7238673608959083,1.7238673608959083,False,False
100080,29,mu,-0.0172274239436216,0.39651802015934323,0.39651802015934323,False,False
100080,29,sigma,0.033797268359530216,-0.3888816583638257,0.3888816583638257,False,False
100080,29,theta,-0.01672220150193857,0.40095114794580217,0.40095114794580217,False,False
100080,30,mu,-0.005284430998835934,0.04489460016203888,0.04489460016203888,False,False
100080,30,sigma,-0.013893241878773742,0.8958007985065173,0.8958007985065173,False,False
100080,30,theta,-0.005135593628301032,0.03577281136962604,0.03577281136962604,False,False
100080,31,mu,-0.016152146932159432,0.7259436807777007,0.7259436807777007,False,False
100080,31,sigma,0.022270647776352872,1.0736232647306978,1.0736232647306978,False,False
100080,31,theta,-0.01629279313269866,0.7133068951149008,0.7133068951149008,False,False
100080,32,mu,0.0026036279803217776,0.29102950452072623,0.29102950452072623,False,False
100080,32,sigma,-0.031187979010651668,0.43405330617970084,0.43405330617970084,False,False
100080,32,theta,0.0027515944744203047,0.28667931769794613,0.28667931769794613,False,False
100080,33,mu,0.006717351696901292,-1.0919406747563487,1.0919406747563487,False,False
100080,33,sigma,0.036002895836525474,-0.5486484135356839,0.5486484135356839,False,False
100080,33,theta,0.0061539826607540414,-1.0859861632610273,1.0859861632610273,False,False
100080,34,mu,-0.004528837919257581,-0.32563410718341945,0.32563410718341945,False,False
100080,34,sigma,-0.013338881949822875,0.6067262875623972,0.6067262875623972,False,False
100080,34,theta,-0.0044782088968608955,-0.3350373974981037,0.3350373974981037,False,False
100080,35,mu,-0.027628451452873924,-0.21635039708877232,0.21635039708877232,False,False
100080,35,sigma,-0.01302531156831677,0.4277254521990102,0.4277254521990102,False,False
100080,35,theta,-0.02821316086843773,-0.22281140222920495,0.22281140222920495,False,False
100957,0,mu,0.010342602706868502,0.22948642197182223,0.22948642197182223,False,False
100957,0,sigma,0.03684129998653491,2.439468671352983,2.439468671352983,True,False
100957,0,theta,0.01048051928044916,0.20810418360199298,0.20810418360199298,False,False
100957,1,mu,-0.010386118097414661,-0.23351879768900696,0.23351879768900696,False,False
100957,1,sigma,-0.016134584076522157,-0.06764113989874725,0.06764113989874725,False,False
100957,1,theta,-0.010299354603712646,-0.23231288309310208,0.23231288309310208,False,False
100957,2,mu,0.007132987525229309,1.0197671577304688,1.0197671577304688,False,False
100957,2,sigma,0.03185053043835975,-0.6483088507157714,0.6483088507157714,False,False
100957,2,theta,0.007268586647225479,1.0257428540058142,1.0257428540058142,False,False
100957,3,mu,0.013069736107532584,-2.5243516525873306,2.5243516525873306,True,False
100957,3,sigma,0.009872598736458234,-1.077178003896496,1.077178003896496,False,False
100957,3,theta,0.013289537803219354,-2.511065571462905,2.511065571462905,True,False
100957,4,mu,0.02839776261409029,0.6972585572102269,0.6972585572102269,False,False
100957,4,sigma,-0.027122999510805094,-1.145587557082833,1.145587557082833,False,False
100957,4,theta,0.028522053630283584,0.7060907381012219,0.7060907381012219,False,False
100957,5,mu,0.03235093070565875,0.008859186905364141,0.008859186905364141,False,False
100957,5,sigma,-0.02199535574850392,1.7274980345610815,1.7274980345610815,False,False
100957,5,theta,0.032706476596909756,-0.00319064816292358,0.00319064816292358,False,False
100957,6,mu,-0.0037674114606601372,0.0405402480755192,0.0405402480755192,False,False
100957,6,sigma,0.0338039175617243,-0.38061305592401656,0.38061305592401656,False,False
100957,6,theta,-0.0034758046301436953,0.043708660480333214,0.043708660480333214,False,False
100957,7,mu,-0.013043771952437505,-0.8111316293959787,0.8111316293959787,False,False
100957,7,sigma,0.01716369935911641,-1.3666842564857564,1.3666842564857564,False,False
100957,7,theta,-0.013127617922038969,-0.8007133007832027,0.8007133007832027,False,False
100957,8,mu,-0.022132327352183068,0.736659098742423,0.736659098742423,False,False
100957,8,sigma,0.020646383111067937,-0.7087863363623149,0.7087863363623149,False,False
100957,8,theta,-0.022360492672236554,0.7417815078648762,0.7417815078648762,False,False
100957,9,mu,0.0011364205354598093,1.4987912693288457,1.4987912693288457,False,False
100957,9,sigma,-0.0038781098122887842,-1.3008539743981633,1.3008539743981633,False,False
100957,9,theta,0.0014161628745970295,1.5061545835932597,1.5061545835932597,False,False
100957,10,mu,0.015445196503757709,-1.1135446708247791,1.1135446708247791,False,False
100957,10,sigma,-0.004967581229764535,0.09145859776948165,0.09145859776948165,False,False
100957,10,theta,0.015329194196023205,-1.113975960422847,1.113975960422847,False,False
100957,11,mu,-0.009742552160057996,-1.6887667169620868,1.6887667169620868,False,False
100957,11,sigma,-0.009493837497250886,-1.1164231592941465,1.1164231592941465,False,False
100957,11,theta,-0.009594504976219545,-1.6799768852736565,1.6799768852736565,False,False
100957,12,mu,-0.03802958223412816,0.6414608846343304,0.6414608846343304,False,False
100957,12,sigma,-0.009308444785592295,-0.01706841643246058,0.01706841643246058,False,False
100957,12,theta,-0.03779746828113291,0.6416788613523704,0.6416788613523704,False,False
100957,13,mu,-0.009184048270726483,-1.638082789108177,1.638082789108177,False,False
100957,13,sigma,0.01307131000347722,1.5451694575696708,1.5451694575696708,False,False
100957,13,theta,-0.0091280097219314,-1.6470378806389394,1.6470378806389394,False,False
100957,14,mu,0.017298838052042922,-0.06993579942814379,0.06993579942814379,False,False
100957,14,sigma,-0.009829676250718369,-0.3855849324271352,0.3855849324271352,False,False
100957,14,theta,0.017428630907004656,-0.0675067898457606,0.0675067898457606,False,False
100957,15,mu,-0.010567904305023954,-0.1515160578727458,0.1515160578727458,False,False
100957,15,sigma,-0.025663571985584378,0.34427681298777857,0.34427681298777857,False,False
100957,15,theta,-0.010185592105725108,-0.15392337956208785,0.15392337956208785,False,False
100957,16,mu,0.00462324564649643,-0.712757237630902,0.712757237630902,False,False
100957,16,sigma,0.015390940379623859,-1.7002170772608565,1.7002170772608565,False,False
100957,16,theta,0.004118135763138257,-0.7022498439667942,0.7022498439667942,False,False
100957,17,mu,0.010946506687405747,-0.5566437884840068,0.5566437884840068,False,False
100957,17,sigma,0.01471944310874403,0.49398283432484746,0.49398283432484746,False,False
100957,17,theta,0.010929729802302363,-0.560356784495754,0.560356784495754,False,False
100957,18,mu,-0.006091533965472642,-1.4426067013363035,1.4426067013363035,False,False
100957,18,sigma,-0.002227389476521977,-0.18467623502430394,0.18467623502430394,False,False
100957,18,theta,-0.006097733076926646,-1.4404761119393021,1.4404761119393021,False,False
100957,19,mu,0.01873241930959725,0.7991242479558944,0.7991242479558944,False,False
100957,19,sigma,0.0047546106963751115,-0.6234674849418036,0.6234674849418036,False,False
100957,19,theta,0.01890356041528526,0.8044745601243869,0.8044745601243869,False,False
100957,20,mu,8.207012956503908e-05,-1.4327607361267618,1.4327607361267618,False,False
100957,20,sigma,0.02682608280389264,-0.40399032212556707,0.40399032212556707,False,False
100957,20,theta,0.0002764009483983092,-1.4300800063934325,1.4300800063934325,False,False
100957,21,mu,0.00023694623380541663,0.2372425630506023,0.2372425630506023,False,False
100957,21,sigma,-0.011362711115216537,-1.2902547434276166,1.2902547434276166,False,False
100957,21,theta,0.0007546380626712639,0.24887276109357082,0.24887276109357082,False,False
100957,22,mu,0.0022655035564921482,0.2157727526447426,0.2157727526447426,False,False
100957,22,sigma,0.02805100472508899,0.26202538859074487,0.26202538859074487,False,False
100957,22,theta,0.002166470904753303,0.21118964989117833,0.21118964989117833,False,False
100957,23,mu,0.018974543383864135,1.1985579628890732,1.1985579628890732,False,False
100957,23,sigma,0.012084896762781194,0.12249593561315174,0.12249593561315174,False,False
100957,23,theta,0.019102066766918203,1.1983561946921666,1.1983561946921666,False,False
100957,24,mu,0.04451480451538438,-0.6279008184013105,0.6279008184013105,False,False
100957,24,sigma,-0.00204910837638277,-0.4349203837909212,0.4349203837909212,False,False
100957,24,theta,0.044560817234990543,-0.6237202993043961,0.6237202993043961,False,False
100957,25,mu,0.04109720529096008,-1.2800680424041602,1.2800680424041602,False,False
100957,25,sigma,-0.049356698756338455,-0.20923538791644594,0.20923538791644594,False,False
100957,25,theta,0.04098242291513055,-1.2760489054370034,1.2760489054370034,False,False
100957,26,mu,-0.005663340016131566,0.8878622055639864,0.8878622055639864,False,False
100957,26,sigma,-0.013240253981524735,0.1546531631904834,0.1546531631904834,False,False
100957,26,theta,-0.005482443428579675,0.8883743686378394,0.8883743686378394,False,False
100957,27,mu,-0.03462312270806266,-1.4190377975622805,1.4190377975622805,False,False
100957,27,sigma,0.002442437912092406,-1.430904131600057,1.430904131600057,False,False
100957,27,theta,-0.0345667425811025,-1.4060667259349269,1.4060667259349269,False,False
100957,28,mu,0.039885284387923714,-1.7044588338839197,1.7044588338839197,False,False
100957,28,sigma,0.010764471531863114,2.140240126964056,2.140240126964056,True,False
100957,28,theta,0.039311281455425354,-1.7238673774072784,1.7238673774072784,False,False
100957,29,mu,-0.01730762812772187,0.3958022245657496,0.3958022245657496,False,False
100957,29,sigma,0.03379726705537153,-0.38888173933799286,0.38888173933799286,False,False
100957,29,theta,-0.016722179874221633,0.40094955961201595,0.40094955961201595,False,False
100957,30,mu,-0.005299235064892483,0.045797250395696015,0.045797250395696015,False,False
100957,30,sigma,-0.013893230827692914,0.8957997649055881,0.8957997649055881,False,False
100957,30,theta,-0.00513559168294875,0.035773103795515605,0.035773103795515605,False,False
100957,31,mu,-0.016143150493010766,0.7267240299336508,0.7267240299336508,False,False
100957,31,sigma,0.02227068038945726,1.0736233250391303,1.0736233250391303,False,False
100957,31,theta,-0.01629276710111648,0.7133078970794938,0.7133078970794938,False,False
100957,32,mu,0.00261344848293303,0.2907493586916502,0.2907493586916502,False,False
100957,32,sigma,-0.03118796936710557,0.43405252309387854,0.43405252309387854,False,False
100957,32,theta,0.0027516018135200567,0.28667922185468286,0.28667922185468286,False,False
100957,33,mu,0.006681208675285716,-1.091564247888919,1.091564247888919,False,False
100957,33,sigma,0.036002910527689024,-0.5486475277011248,0.5486475277011248,False,False
100957,33,theta,0.00615398876026654,-1.0859856037331803,1.0859856037331803,False,False
100957,34,mu,-0.004524530333446658,-0.32642316426663537,0.32642316426663537,False,False
100957,34,sigma,-0.01333885264691802,0.6067269287819452,0.6067269287819452,False,False
100957,34,theta,-0.0044782116188053275,-0.33503738136666755,0.33503738136666755,False,False
100957,35,mu,-0.027702583261248578,-0.21717069452054513,0.21717069452054513,False,False
100957,35,sigma,-0.013025231343870907,0.4277223464927337,0.4277223464927337,False,False
100957,35,theta,-0.0282131634861699,-0.22281229898262028,0.22281229898262028,False,False
101202,0,mu,0.010248160204309109,0.24443584125116047,0.24443584125116047,False,False
101202,0,sigma,0.03684107914479134,2.4394700397299793,2.4394700397299793,True,False
101202,0,theta,0.010480602035567879,0.20810822645669805,0.20810822645669805,False,False
101202,1,mu,-0.010451697573322207,-0.23442012193760264,0.23442012193760264,False,False
101202,1,sigma,-0.016134709242821902,-0.06762911948122352,0.06762911948122352,False,False
101202,1,theta,-0.010299305466956985,-0.2323152668873442,0.2323152668873442,False,False
101202,2,mu,0.007040439059469794,1.0155146590892046,1.0155146590892046,False,False
101202,2,sigma,0.031850362702415876,-0.6483063401300313,0.6483063401300313,False,False
101202,2,theta,0.007268839930920167,1.0257383456223996,1.0257383456223996,False,False
101202,3,mu,0.012875260018367272,-2.535947894269081,2.535947894269081,True,False
101202,3,sigma,0.009872745015136753,-1.0771827598239359,1.0771827598239359,False,False
101202,3,theta,0.013289907445441364,-2.5110694774479114,2.5110694774479114,True,False
101202,4,mu,0.028273210167401256,0.6889316127536932,0.6889316127536932,False,False
101202,4,sigma,-0.027123594367241582,-1.145590706468452,1.145590706468452,False,False
101202,4,theta,0.028521658485798768,0.7060959726149277,0.7060959726149277,False,False
101202,5,mu,0.03183349393055992,0.025978616379185998,0.025978616379185998,False,False
101202,5,sigma,-0.021995421227980982,1.7274974379392445,1.7274974379392445,False,False
101202,5,theta,0.032706065352619995,-0.0031823121354382965,0.0031823121354382965,False,False
101202,6,mu,-0.004171958980408247,0.03602792208680503,0.03602792208680503,False,False
101202,6,sigma,0.033803922302347605,-0.38059810674565003,0.38059810674565003,False,False
101202,6,theta,-0.0034751702026804125,0.043698601245415705,0.043698601245415705,False,False
101202,7,mu,-0.012927174523978234,-0.8248371636050181,0.8248371636050181,False,False
101202,7,sigma,0.017162517650731422,-1.366688774551917,1.366688774551917,False,False
101202,7,theta,-0.01312773405979993,-0.8007084656934628,0.8007084656934628,False,False
101202,8,mu,-0.021852897218836913,0.7304855536593412,0.7304855536593412,False,False
101202,8,sigma,0.020645858995129957,-0.708785559093056,0.708785559093056,False,False
101202,8,theta,-0.022360632961199646,0.7417792878399191,0.7417792878399191,False,False
101202,9,mu,0.0007197288748324342,1.4877570963457913,1.4877570963457913,False,False
101202,9,sigma,-0.0038785298166585987,-1.3008777051801674,1.3008777051801674,False,False
101202,9,theta,0.0014156088793920074,1.5061755873663982,1.5061755873663982,False,False
101202,10,mu,0.015626454962832135,-1.112776632151791,1.112776632151791,False,False
101202,10,sigma,-0.004966995680971153,0.0914526635936759,0.0914526635936759,False,False
101202,10,theta,0.01532961983769137,-1.1139866388804929,1.1139866388804929,False,False
101202,11,mu,-0.009947515188905342,-1.7008418168912405,1.7008418168912405,False,False
101202,11,sigma,-0.009494056964491121,-1.1164385811638342,1.1164385811638342,False,False
101202,11,theta,-0.00959429087035515,-1.6799759201589464,1.6799759201589464,False,False
101202,12,mu,-0.0383330866583615,0.6411258667707708,0.6411258667707708,False,False
101202,12,sigma,-0.009308571450160721,-0.01708211936966186,0.01708211936966186,False,False
101202,12,theta,-0.037797887467651614,0.6416885135190163,0.6416885135190163,False,False
101202,13,mu,-0.00921709495549719,-1.6325868680220983,1.6325868680220983,False,False
101202,13,sigma,0.013071271246193233,1.5451668474448137,1.5451668474448137,False,False
101202,13,theta,-0.009128066462419914,-1.647038371563864,1.647038371563864,False,False
101202,14,mu,0.017224274558849992,-0.07130741537721641,0.07130741537721641,False,False
101202,14,sigma,-0.009829670256690518,-0.38559184490302334,0.38559184490302334,False,False
101202,14,theta,0.017428763786107207,-0.06750419759595253,0.06750419759595253,False,False
101202,15,mu,-0.010784566748631673,-0.15015387929693694,0.15015387929693694,False,False
101202,15,sigma,-0.025663481123079535,0.34427346657578245,0.34427346657578245,False,False
101202,15,theta,-0.010185617431129864,-0.15392276387511378,0.15392276387511378,False,False
101202,16,mu,0.0048951538851828074,-0.7183804969373946,0.7183804969373946,False,False
101202,16,sigma,0.015390889768701932,-1.700216365001481,1.700216365001481,False,False
101202,16,theta,0.004118149735435588,-0.7022555351000839,0.7022555351000839,False,False
101202,17,mu,0.010957598771155135,-0.5542627664421598,0.5542627664421598,False,False
101202,17,sigma,0.014719532854041902,0.49397543172520136,0.49397543172520136,False,False
101202,17,theta,0.010929653450052262,-0.5603607997392138,0.5603607997392138,False,False
101202,18,mu,-0.006087595845855805,-1.4438882533395272,1.4438882533395272,False,False
101202,18,sigma,-0.002227139437502772,-0.18467208798824078,0.18467208798824078,False,False
101202,18,theta,-0.0060980165508303,-1.4404792500663548,1.4404792500663548,False,False
101202,19,mu,0.0186292694263696,0.7958861477471323,0.7958861477471323,False,False
101202,19,sigma,0.004754491200009695,-0.6234582350286476,0.6234582350286476,False,False
101202,19,theta,0.018903526667230185,0.8044657608149217,0.8044657608149217,False,False
101202,20,mu,-3.253203413798464e-05,-1.4342971486410376,1.4342971486410376,False,False
101202,20,sigma,0.02682623190649467,-0.40399540206604984,0.40399540206604984,False,False
101202,20,theta,0.00027620414212845554,-1.4300872662334798,1.4300872662334798,False,False
101202,21,mu,-2.9558075849397476e-05,0.23125094077155006,0.23125094077155006,False,False
101202,21,sigma,-0.011362628345289488,-1.2902617373695466,1.2902617373695466,False,False
101202,21,theta,0.0007546377538686496,0.24886647658118488,0.24886647658118488,False,False
101202,22,mu,0.002313727240624416,0.21792034586329254,0.21792034586329254,False,False
101202,22,sigma,0.0280515869984999,0.26203335000508887,0.26203335000508887,False,False
101202,22,theta,0.002166366801485082,0.21119492586668132,0.21119492586668132,False,False
101202,23,mu,0.018923744973606646,1.1986090918472483,1.1986090918472483,False,False
101202,23,sigma,0.012084831218663439,0.12249143507160686,0.12249143507160686,False,False
101202,23,theta,0.019102164480495967,1.1983631739653129,1.1983631739653129,False,False
101202,24,mu,0.044493439920267726,-0.6294861793121557,0.6294861793121557,False,False
101202,24,sigma,-0.0020491906327876072,-0.434909506528785,0.434909506528785,False,False
101202,24,theta,0.044560759119247055,-0.623714314574104,0.623714314574104,False,False
101202,25,mu,0.04111858885320527,-1.2808967801321518,1.2808967801321518,False,False
101202,25,sigma,-0.04935669010439901,-0.20923399308038637,0.20923399308038637,False,False
101202,25,theta,0.04098238909087617,-1.2760486669593356,1.2760486669593356,False,False
101202,26,mu,-0.005706942832997877,0.8877251433023778,0.8877251433023778,False,False
101202,26,sigma,-0.01324024076130901,0.1546522145737986,0.1546522145737986,False,False
101202,26,theta,-0.005482394101812425,0.888374050666884,0.888374050666884,False,False
101202,27,mu,-0.034635377593499744,-1.4221734777074748,1.4221734777074748,False,False
101202,27,sigma,0.002442581038243324,-1.4309070565884445,1.4309070565884445,False,False
101202,27,theta,-0.034566711378975996,-1.4060685719706452,1.4060685719706452,False,False
101202,28,mu,0.040038325193926666,-1.6992284730542688,1.6992284730542688,False,False
101202,28,sigma,0.010764400392439234,2.140244304947257,2.140244304947257,True,False
101202,28,theta,0.03931127059574598,-1.7238688739162824,1.7238688739162824,False,False
101202,29,mu,-0.017451195366085588,0.39451301865725863,0.39451301865725863,False,False
101202,29,sigma,0.03379726422451068,-0.3888819151138532,0.3888819151138532,False,False
101202,29,theta,-0.016722132919816966,0.4009461112767165,0.4009461112767165,False,False
101202,30,mu,-0.005360929647010668,0.04954974693603174,0.04954974693603174,False,False
101202,30,sigma,-0.013893173759753385,0.8957944278277074,0.8957944278277074,False,False
101202,30,theta,-0.005135581639871278,0.035774613747195635,0.035774613747195635,False,False
101202,31,mu,-0.016071153526661892,0.7328611064711552,0.7328611064711552,False,False
101202,31,sigma,0.022271005929332566,1.073623927060368,1.073623927060368,False,False
101202,31,theta,-0.016292507247585995,0.7133178986605654,0.7133178986605654,False,False
101202,32,mu,0.0025423794498310153,0.29275163906335,0.29275163906335,False,False
101202,32,sigma,-0.031188052526946876,0.4340592762691868,0.4340592762691868,False,False
101202,32,theta,0.0027515385244135083,0.28668004830189525,0.28668004830189525,False,False
101202,33,mu,0.0069743890183093255,-1.0945948572950073,1.0945948572950073,False,False
101202,33,sigma,0.03600276388562376,-0.5486563695767773,0.5486563695767773,False,False
101202,33,theta,0.00615392787871198,-1.0859911885185258,1.0859911885185258,False,False
101202,34,mu,-0.004554076151365412,-0.32105035336173776,0.32105035336173776,False,False
101202,34,sigma,-0.013339102117938565,0.6067214696763984,0.6067214696763984,False,False
101202,34,theta,-0.004478188445613759,-0.33503751871816817,0.33503751871816817,False,False
101202,35,mu,-0.027348735066085744,-0.21325331408224965,0.21325331408224965,False,False
101202,35,sigma,-0.013025710891262204,0.4277409115197979,0.4277409115197979,False,False
101202,35,theta,-0.028213147837415888,-0.222806938536441,0.222806938536441,False,False
101204,0,mu,0.010177867391208233,0.2557323843786284,0.2557323843786284,False,False
101204,0,sigma,0.03684083600841946,2.4394715464203776,2.4394715464203776,True,False
101204,0,theta,0.010480693143722571,0.20811267749078943,0.20811267749078943,False,False
101204,1,mu,-0.01049798795872484,-0.2350505480941706,0.2350505480941706,False,False
101204,1,sigma,-0.016134838245902144,-0.06761673176258541,0.06761673176258541,False,False
101204,1,theta,-0.010299254835247186,-0.2323177236152859,0.2323177236152859,False,False
101204,2,mu,0.006971959340779466,1.0122739355924102,1.0122739355924102,False,False
101204,2,sigma,0.03185017878309839,-0.6483035871510494,0.6483035871510494,False,False
101204,2,theta,0.007269117654836655,1.0257334022904308,1.0257334022904308,False,False
101204,3,mu,0.012800606374558278,-2.540357619074741,2.540357619074741,True,False
101204,3,sigma,0.009872824930508567,-1.0771853582393789,1.0771853582393789,False,False
101204,3,theta,0.013290109408388045,-2.51107161144202,2.51107161144202,True,False
101204,4,mu,0.028254919095959362,0.687746598335902,0.687746598335902,False,False
101204,4,sigma,-0.027123709896479626,-1.145591318169195,1.145591318169195,False,False
101204,4,theta,0.02852158174257038,0.706096989216389,0.706096989216389,False,False
101204,5,mu,0.031966520017066645,0.021622164939524947,0.021622164939524947,False,False
101204,5,sigma,-0.021995399399166133,1.7274976367619441,1.7274976367619441,False,False
101204,5,theta,0.03270620243844493,-0.0031850906741871052,0.0031850906741871052,False,False
101204,6,mu,-0.004051655027509505,0.03738393758485386,0.03738393758485386,False,False
101204,6,sigma,0.033803920469270846,-0.3806038972566061,0.3806038972566061,False,False
101204,6,theta,-0.0034754159438423107,0.043702497612390145,0.043702497612390145,False,False
101204,7,mu,-0.01296903599565351,-0.8200131808900447,0.8200131808900447,False,False
101204,7,sigma,0.017163041906699684,-1.3666867702262555,1.3666867702262555,False,False
101204,7,theta,-0.013127682540583488,-0.8007106106570808,0.8007106106570808,False,False
101204,8,mu,-0.02196850820996955,0.7330269463711164,0.7330269463711164,False,False
101204,8,sigma,0.020646121128104305,-0.7087859478141844,0.7087859478141844,False,False
101204,8,theta,-0.022360562794619093,0.7417803981488261,0.7417803981488261,False,False
101204,9,mu,0.0008985001156121959,1.4925025019405211,1.4925025019405211,False,False
101204,9,sigma,-0.0038783059392475247,-1.30086505606753,1.30086505606753,False,False
101204,9,theta,0.0014159041787520942,1.506164391733036,1.506164391733036,False,False
101204,10,mu,0.015532614730341182,-1.1131895731824772,1.1131895731824772,False,False
101204,10,sigma,-0.004967365752864629,0.09145641395704643,0.09145641395704643,False,False
101204,10,theta,0.015329350825981941,-1.1139798900155105,1.1139798900155105,False,False
101204,11,mu,-0.009858287991853495,-1.6955988575452856,1.6955988575452856,False,False
101204,11,sigma,-0.009493939273865938,-1.1164303112560559,1.1164303112560559,False,False
101204,11,theta,-0.009594405685319248,-1.6799764376927675,1.6799764376927675,False,False
101204,12,mu,-0.0382224508979432,0.6412551310880346,0.6412551310880346,False,False
101204,12,sigma,-0.009308513257152998,-0.017075824040256583,0.017075824040256583,False,False
101204,12,theta,-0.03779769488760148,0.6416840791553191,0.6416840791553191,False,False
101204,13,mu,-0.009244876201933216,-1.6278289371058976,1.6278289371058976,False,False
101204,13,sigma,0.013071223333832717,1.5451636211471795,1.5451636211471795,False,False
101204,13,theta,-0.009128136597149615,-1.6470389784558748,1.6470389784558748,False,False
101204,14,mu,0.017159040107414626,-0.0724938858578976,0.0724938858578976,False,False
101204,14,sigma,-0.009829662934113357,-0.38560029093046244,0.38560029093046244,False,False
101204,14,theta,0.017428926145109856,-0.06750103023014692,0.06750103023014692,False,False
101204,15,mu,-0.01100165702508271,-0.14879057902296922,0.14879057902296922,False,False
101204,15,sigma,-0.02566335040570683,0.3442686521283207,0.3442686521283207,False,False
101204,15,theta,-0.010185653866169425,-0.15392187807208557,0.15392187807208557,False,False
101204,16,mu,0.005211172409549406,-0.7248858475326836,0.7248858475326836,False,False
101204,16,sigma,0.01539080426181632,-1.7002151615188796,1.7002151615188796,False,False
101204,16,theta,0.004118173340247376,-0.7022651501429871,0.7022651501429871,False,False
101204,17,mu,0.010962200667669498,-0.5532916580514206,0.5532916580514206,False,False
101204,17,sigma,0.014719581668871808,0.49397140529622247,0.49397140529622247,False,False
101204,17,theta,0.010929611920599522,-0.5603629837697641,0.5603629837697641,False,False
101204,18,mu,-0.006086381959702263,-1.444266658559939,1.444266658559939,False,False
101204,18,sigma,-0.00222703941510086,-0.1846704290326737,0.1846704290326737,False,False
101204,18,theta,-0.006098129950469097,-1.4404805053340621,1.4404805053340621,False,False
101204,19,mu,0.018590902383133837,0.7946797050593569,0.7946797050593569,False,False
101204,19,sigma,0.004754433102103265,-0.6234537376629223,0.6234537376629223,False,False
101204,19,theta,0.01890351025664644,0.8044614825066168,0.8044614825066168,False,False
101204,20,mu,-6.430067215173425e-05,-1.4347167783476833,1.4347167783476833,False,False
101204,20,sigma,0.02682628604381725,-0.40399724651935087,0.40399724651935087,False,False
101204,20,theta,0.0002761326847739087,-1.4300899022384153,1.4300899022384153,False,False
101204,21,mu,-4.235835426043044e-05,0.23096310809082332,0.23096310809082332,False,False
101204,21,sigma,-0.011362623525844183,-1.290262144585003,1.290262144585003,False,False
101204,21,theta,0.0007546377358096703,0.24886611066475495,0.24886611066475495,False,False
101204,22,mu,0.0023091504052613213,0.21771881652752179,0.21771881652752179,False,False
101204,22,sigma,0.02805152297003284,0.2620324745385133,0.2620324745385133,False,False
101204,22,theta,0.0021663782491306567,0.2111943457132511,0.2111943457132511,False,False
101204,23,mu,0.018933174103348004,1.1986009676584888,1.1986009676584888,False,False
101204,23,sigma,0.01208484499052745,0.12249238070257598,0.12249238070257598,False,False
101204,23,theta,0.019102143949358063,1.1983617075169282,1.1983617075169282,False,False
101204,24,mu,0.04449969756946001,-0.6290386392369843,0.6290386392369843,False,False
101204,24,sigma,-0.002049164555703318,-0.4349129547206515,0.4349129547206515,False,False
101204,24,theta,0.0445607775433362,-0.6237162117872489,0.6237162117872489,False,False
101204,25,mu,0.04111404341994366,-1.280717978719373,1.280717978719373,False,False
101204,25,sigma,-0.04935669211484617,-0.20923431719886784,0.20923431719886784,False,False
101204,25,theta,0.04098239695065033,-1.2760487223772032,1.2760487223772032,False,False
101204,26,mu,-0.005714199491319627,0.8877018335788432,0.8877018335788432,False,False
101204,26,sigma,-0.013240238290501914,0.15465203726372673,0.15465203726372673,False,False
101204,26,theta,-0.00548238488190131,0.8883739912328247,0.8883739912328247,False,False
101204,27,mu,-0.03463991301927311,-1.423370277194001,1.423370277194001,False,False
101204,27,sigma,0.002442643995935548,-1.4309083432000478,1.4309083432000478,False,False
101204,27,theta,-0.03456669765394066,-1.4060693840019427,1.4060693840019427,False,False
101204,28,mu,0.04009000582918686,-1.6974567247523291,1.6974567247523291,False,False
101204,28,sigma,0.010764372504214857,2.1402459428211436,2.1402459428211436,True,False
101204,28,theta,0.039311266337406954,-1.7238694605802634,1.7238694605802634,False,False
101204,29,mu,-0.017504349306884076,0.39403309930557395,0.39403309930557395,False,False
101204,29,sigma,0.03379726301323286,-0.38888199032959564,0.38888199032959564,False,False
101204,29,theta,-0.016722112825303427,0.4009446355271908,0.4009446355271908,False,False
101204,30,mu,-0.005367690103505971,0.0499600474643416,0.0499600474643416,False,False
101204,30,sigma,-0.013893166433027453,0.8957937426763489,0.8957937426763489,False,False
101204,30,theta,-0.0051355803508141284,0.03577480758692476,0.03577480758692476,False,False
101204,31,mu,-0.016072023965028766,0.7327880207225628,0.7327880207225628,False,False
101204,31,sigma,0.022271001328850386,1.0736239185523668,1.0736239185523668,False,False
101204,31,theta,-0.016292510919919644,0.7133177573184382,0.7133177573184382,False,False
101204,32,mu,0.0025060032075737053,0.29375479687357736,0.29375479687357736,False,False
101204,32,sigma,-0.031188106677118622,0.4340636740631536,0.4340636740631536,False,False
101204,32,theta,0.002751497311579304,0.2866805863952963,0.2866805863952963,False,False
101204,33,mu,0.007061415512990529,-1.0954845163062534,1.0954845163062534,False,False
101204,33,sigma,0.03600270837577771,-0.5486597164529802,0.5486597164529802,False,False
101204,33,theta,0.006153904833582432,-1.0859933024503483,1.0859933024503483,False,False
101204,34,mu,-0.004561933686159148,-0.31963657066198514,0.31963657066198514,False,False
101204,34,sigma,-0.01333918712090863,0.6067196095451478,0.6067196095451478,False,False
101204,34,theta,-0.00447818054982444,-0.3350375655267186,0.3350375655267186,False,False
101204,35,mu,-0.0273372644023675,-0.2131262419304112,0.2131262419304112,False,False
101204,35,sigma,-0.013025730515128472,0.42774167125397217,0.42774167125397217,False,False
101204,35,theta,-0.02821314719698835,-0.2228067191762344,0.2228067191762344,False,False
101336,0,mu,0.010204751994567284,0.2513941921165442,0.2513941921165442,False,False
101336,0,sigma,0.03684093715744186,2.4394709195887434,2.4394709195887434,True,False
101336,0,theta,0.01048065524129241,0.2081108257767894,0.2081108257767894,False,False
101336,1,mu,-0.010492091895438932,-0.23497051487855403,0.23497051487855403,False,False
101336,1,sigma,-0.016134819957422924,-0.06761848786982697,0.06761848786982697,False,False
101336,1,theta,-0.010299262012496773,-0.23231737533895133,0.23231737533895133,False,False
101336,2,mu,0.0069903228217271214,1.0131510942325452,1.0131510942325452,False,False
101336,2,sigma,0.031850233260506886,-0.6483044026094161,0.6483044026094161,False,False
101336,2,theta,0.007269035391910264,1.0257348665161523,1.0257348665161523,False,False
101336,3,mu,0.012823002421468277,-2.5390371296569207,2.5390371296569207,True,False
101336,3,sigma,0.009872799573360335,-1.0771845337511639,1.0771845337511639,False,False
101336,3,theta,0.013290045324089853,-2.51107093432065,2.51107093432065,True,False
101336,4,mu,0.02825841138217668,0.6879721493914751,0.6879721493914751,False,False
101336,4,sigma,-0.027123687315193445,-1.1455911986052971,1.1455911986052971,False,False
101336,4,theta,0.028521596742782627,0.706096790512306,0.706096790512306,False,False
101336,5,mu,0.03199160722657926,0.020797199966753256,0.020797199966753256,False,False
101336,5,sigma,-0.02199539566287968,1.7274976708002758,1.7274976708002758,False,False
101336,5,theta,0.03270622590349376,-0.003185566300715029,0.003185566300715029,False,False
101336,6,mu,-0.004055002332417197,0.03734637342780451,0.03734637342780451,False,False
101336,6,sigma,0.03380392051535599,-0.3806037518342394,0.3806037518342394,False,False
101336,6,theta,-0.0034754097722892027,0.04370239975873611,0.04370239975873611,False,False
101336,7,mu,-0.012963437577420295,-0.8206643463510683,0.8206643463510683,False,False
101336,7,sigma,0.017162978041559765,-1.3666870144011423,1.3666870144011423,False,False
101336,7,theta,-0.013127688817058867,-0.8007103493490283,0.8007103493490283,False,False
101336,8,mu,-0.021964240684600702,0.7329328215489058,0.7329328215489058,False,False
101336,8,sigma,0.02064611256689375,-0.7087859351178523,0.7087859351178523,False,False
101336,8,theta,-0.022360565086181648,0.7417803618856841,0.7417803618856841,False,False
101336,9,mu,0.0009307468236929022,1.4933566245491634,1.4933566245491634,False,False
101336,9,sigma,-0.0038782725355208103,-1.300863168702985,1.300863168702985,False,False
101336,9,theta,0.0014159482390174757,1.5061627212578566,1.5061627212578566,False,False
101336,10,mu,0.015538196348516909,-1.1131659450220301,1.1131659450220301,False,False
101336,10,sigma,-0.00496734781807465,0.09145623219632532,0.09145623219632532,False,False
101336,10,theta,0.015329363862895394,-1.113980217086663,1.113980217086663,False,False
101336,11,mu,-0.009862886690973781,-1.6958695901475718,1.6958695901475718,False,False
101336,11,sigma,-0.009493944503766533,-1.1164306787596658,1.1164306787596658,False,False
101336,11,theta,-0.009594400583177402,-1.679976414694032,1.679976414694032,False,False
101336,12,mu,-0.038254262790448856,0.6412188142635787,0.6412188142635787,False,False
101336,12,sigma,-0.009308528557158044,-0.017077479223338285,0.017077479223338285,False,False
101336,12,theta,-0.037797745521267585,0.6416852450459587,0.6416852450459587,False,False
101336,13,mu,-0.00924779587370368,-1.6273211966734367,1.6273211966734367,False,False
101336,13,sigma,0.013071217441805387,1.5451632244218676,1.5451632244218676,False,False
101336,13,theta,-0.00912814522130733,-1.6470390530887056,1.6470390530887056,False,False
101336,14,mu,0.017156218595417754,-0.07254492520334123,0.07254492520334123,False,False
101336,14,sigma,-0.009829662574576422,-0.38560070566906945,0.38560070566906945,False,False
101336,14,theta,0.017428934117687932,-0.06750087469748574,0.06750087469748574,False,False
101336,15,mu,-0.011010626494522922,-0.14873428473489256,0.14873428473489256,False,False
101336,15,sigma,-0.025663344155510987,0.34426842192147344,0.34426842192147344,False,False
101336,15,theta,-0.010185655608330721,-0.1539218357160658,0.1539218357160658,False,False
101336,16,mu,0.0052494599772392935,-0.7256718416364996,0.7256718416364996,False,False
101336,16,sigma,0.015390791962681309,-1.700214988399568,1.700214988399568,False,False
101336,16,theta,0.004118176735379581,-0.7022665331410243,0.7022665331410243,False,False
101336,17,mu,0.01097084786546463,-0.5514916615607596,0.5514916615607596,False,False
101336,17,sigma,0.014719690611392035,0.4939624194132605,0.4939624194132605,False,False
101336,17,theta,0.010929519238610944,-0.5603678580672393,0.5603678580672393,False,False
101336,18,mu,-0.0060823681791089814,-1.4454647231513826,1.4454647231513826,False,False
101336,18,sigma,-0.002226635000875705,-0.18466372131695957,0.18466372131695957,False,False
101336,18,theta,-0.006098588465863595,-1.4404855802797807,1.4404855802797807,False,False
101336,19,mu,0.01850225978327039,0.7918881306470364,0.7918881306470364,False,False
101336,19,sigma,0.004754271073579297,-0.6234411944874108,0.6234411944874108,False,False
101336,19,theta,0.018903464480297207,0.8044495501833513,0.8044495501833513,False,False
101336,20,mu,-0.00015152446051167024,-1.435854551544292,1.435854551544292,False,False
101336,20,sigma,0.026826464252148307,-0.404003318019703,0.404003318019703,False,False
101336,20,theta,0.0002758974648485389,-1.4300985795692367,1.4300985795692367,False,False
101336,21,mu,-0.0003385338507573377,0.22430145070723387,0.22430145070723387,False,False
101336,21,sigma,-0.01136249051759117,-1.29027338211413,1.29027338211413,False,False
101336,21,theta,0.0007546372340135699,0.24885601253029951,0.24885601253029951,False,False
101336,22,mu,0.0023782582124334904,0.22071349565168738,0.22071349565168738,False,False
101336,22,sigma,0.028052674625251385,0.26204822145901874,0.26204822145901874,False,False
101336,22,theta,0.002166172339130106,0.2112047804030104,0.2112047804030104,False,False
101336,23,mu,0.01885386876971187,1.1986501143243347,1.1986501143243347,False,False
101336,23,sigma,0.012084706627683763,0.12248288026932765,0.12248288026932765,False,False
101336,23,theta,0.01910235022009282,1.1983764403993338,1.1983764403993338,False,False
101336,24,mu,0.044460254672141666,-0.6316698485794036,0.6316698485794036,False,False
101336,24,sigma,-0.0020493513154447745,-0.4348882621846911,0.4348882621846911,False,False
101336,24,theta,0.04456064559053655,-0.6237026258512132,0.6237026258512132,False,False
101336,25,mu,0.04116747716751233,-1.2829254624794035,1.2829254624794035,False,False
101336,25,sigma,-0.049356661632550564,-0.2092294028615292,0.2092294028615292,False,False
101336,25,theta,0.04098227777803154,-1.2760478819442425,1.2760478819442425,False,False
101336,26,mu,-0.00578601375155065,0.8874635282529294,0.8874635282529294,False,False
101336,26,sigma,-0.013240209705790597,0.15464998557231555,0.15464998557231555,False,False
101336,26,theta,-0.00548227819566177,0.8883733034921281,0.8883733034921281,False,False
101336,27,mu,-0.034658988531230506,-1.428653729270397,1.428653729270397,False,False
101336,27,sigma,0.0024429774526073316,-1.4309151575677943,1.4309151575677943,False,False
101336,27,theta,-0.03456662495918848,-1.406073684996338,1.406073684996338,False,False
101336,28,mu,0.04032945122423428,-1.6892110574972259,1.6892110574972259,False,False
101336,28,sigma,0.010764217589682582,2.1402550410686856,2.1402550410686856,True,False
101336,28,theta,0.03931124267169847,-1.7238727193968864,1.7238727193968864,False,False
101336,29,mu,-0.017748206393106005,0.3918129398882578,0.3918129398882578,False,False
101336,29,sigma,0.03379725630761088,-0.38888240676872904,0.38888240676872904,False,False
101336,29,theta,-0.016722001544186516,0.40093646292120055,0.40093646292120055,False,False
101336,30,mu,-0.0054459439929461385,0.054696687442484966,0.054696687442484966,False,False
101336,30,sigma,-0.013893066361514826,0.8957843858405852,0.8957843858405852,False,False
101336,30,theta,-0.0051355627519245875,0.03577745474548765,0.03577745474548765,False,False
101336,31,mu,-0.015997528852726862,0.738949722620495,0.738949722620495,False,False
101336,31,sigma,0.02227145086720701,1.073624749973571,1.073624749973571,False,False
101336,31,theta,-0.01629215205962594,0.713331568800205,0.713331568800205,False,False
101336,32,mu,0.0024731591860875867,0.29464857135744993,0.29464857135744993,False,False
101336,32,sigma,-0.031188161976736576,0.4340681655443889,0.4340681655443889,False,False
101336,32,theta,0.002751455222580822,0.2866811358667871,0.2866811358667871,False,False
101336,33,mu,0.007128166076900962,-1.0961638527209707,1.0961638527209707,False,False
101336,33,sigma,0.036002662114217494,-0.5486625056663217,0.5486625056663217,False,False
101336,33,theta,0.006153885628316401,-1.0859950641329097,1.0859950641329097,False,False
101336,34,mu,-0.004568159551386549,-0.318520709813772,0.318520709813772,False,False
101336,34,sigma,-0.013339259868535576,0.6067180175852755,0.6067180175852755,False,False
101336,34,theta,-0.0044781737924457915,-0.33503760559001117,0.33503760559001117,False,False
101336,35,mu,-0.027197481718059684,-0.21157729377621798,0.21157729377621798,False,False
101336,35,sigma,-0.013025990126799343,0.4277517222370666,0.4277517222370666,False,False
101336,35,theta,-0.028213138724120585,-0.22280381716129832,0.22280381716129832,False,False
101361,0,mu,0.010276273589073006,0.23995899414122673,0.23995899414122673,False,False
101361,0,sigma,0.03684115732273862,2.439469555307748,2.439469555307748,True,False
101361,0,theta,0.01048057274039945,0.20810679528260734,0.20810679528260734,False,False
101361,1,mu,-0.010434842397376956,-0.2341893852017351,0.2341893852017351,False,False
101361,1,sigma,-0.01613467059964134,-0.06763283048238813,0.06763283048238813,False,False
101361,1,theta,-0.01029932063603068,-0.23231453094138715,0.23231453094138715,False,False
101361,2,mu,0.0070655103025979386,1.016680781832591,1.016680781832591,False,False
101361,2,sigma,0.03185041712094238,-0.6483071546547802,0.6483071546547802,False,False
101361,2,theta,0.007268757757865116,1.0257398082735383,1.0257398082735383,False,False
101361,3,mu,0.012963279302403758,-2.5307189635595195,2.5307189635595195,True,False
101361,3,sigma,0.009872667718155008,-1.077180246641235,1.077180246641235,False,False
101361,3,theta,0.013289712112481604,-2.511067413417231,2.511067413417231,True,False
101361,4,mu,0.028310652368925496,0.6913863721675139,0.6913863721675139,False,False
101361,4,sigma,-0.027123379499110985,-1.1455895688317397,1.1455895688317397,False,False
101361,4,theta,0.028521801216735806,0.7060940818683759,0.7060940818683759,False,False
101361,5,mu,0.0321018672054785,0.017158453067863733,0.017158453067863733,False,False
101361,5,sigma,-0.02199538069219378,1.7274978072076417,1.7274978072076417,False,False
101361,5,theta,0.03270631992708451,-0.0031874721852636367,0.0031874721852636367,False,False
101361,6,mu,-0.003953571422744786,0.038480518031399465,0.038480518031399465,False,False
101361,6,sigma,0.033803919242482154,-0.3806077654710288,0.3806077654710288,False,False
101361,6,theta,-0.0034755801068807853,0.04370510051797011,0.04370510051797011,False,False
101361,7,mu,-0.012994569504481532,-0.8170189422533886,0.8170189422533886,False,False
101361,7,sigma,0.017163307956111953,-1.3666857530222363,1.3666857530222363,False,False
101361,7,theta,-0.013127656392915315,-0.8007116992364424,0.8007116992364424,False,False
101361,8,mu,-0.022017754589099842,0.73411491302107,0.73411491302107,False,False
101361,8,sigma,0.020646213625500877,-0.7087860849918405,0.7087860849918405,False,False
101361,8,theta,-0.022360538036296323,0.7417807899474789,0.7417807899474789,False,False
101361,9,mu,0.0009504854337072412,1.4938791672928629,1.4938791672928629,False,False
101361,9,sigma,-0.0038782531427343347,-1.3008620729734006,1.3008620729734006,False,False
101361,9,theta,0.0014159738185375746,1.5061617514477628,1.5061617514477628,False,False
101361,10,mu,0.015520943452339741,-1.113238605072934,1.113238605072934,False,False
101361,10,sigma,-0.004967401615763563,0.09145677741284028,0.09145677741284028,False,False
101361,10,theta,0.015329324757072028,-1.1139792359947411,1.1139792359947411,False,False
101361,11,mu,-0.009836789985162691,-1.6943324906516606,1.6943324906516606,False,False
101361,11,sigma,-0.009493916028511686,-1.116428677802531,1.116428677802531,False,False
101361,11,theta,-0.009594428362856549,-1.6799765399161268,1.6799765399161268,False,False
101361,12,mu,-0.038178299614084775,0.6413044073423744,0.6413044073423744,False,False
101361,12,sigma,-0.009308493919900084,-0.017073732073741413,0.017073732073741413,False,False
101361,12,theta,-0.03779763089224237,0.6416826056026866,0.6416826056026866,False,False
101361,13,mu,-0.009223274189518495,-1.6315398218942752,1.6315398218942752,False,False
101361,13,sigma,0.013071261839078821,1.5451662139602627,1.5451662139602627,False,False
101361,13,theta,-0.009128080233438148,-1.6470384907208038,1.6470384907208038,False,False
101361,14,mu,0.01722209554077057,-0.07134724798516098,0.07134724798516098,False,False
101361,14,sigma,-0.009829670043043151,-0.3855920913063967,0.3855920913063967,False,False
101361,14,theta,0.017428768522743734,-0.06750410519190049,0.06750410519190049,False,False
101361,15,mu,-0.010834429871817748,-0.14984060835143193,0.14984060835143193,False,False
101361,15,sigma,-0.025663454599837092,0.3442724897186035,0.3442724897186035,False,False
101361,15,theta,-0.010185624823876981,-0.1539225841465818,0.1539225841465818,False,False
101361,16,mu,0.005022717374970531,-0.7210102991307142,0.7210102991307142,False,False
101361,16,sigma,0.015390858695784673,-1.7002159276780084,1.7002159276780084,False,False
101361,16,theta,0.004118158313536008,-0.702259029188686,0.702259029188686,False,False
101361,17,mu,0.010959403694623527,-0.5538807586984688,0.5538807586984688,False,False
101361,17,sigma,0.014719551218342933,0.49397391696592213,0.49397391696592213,False,False
101361,17,theta,0.010929637826489105,-0.5603616213759532,0.5603616213759532,False,False
101361,18,mu,-0.006087005322057068,-1.4440732923393511,1.4440732923393511,False,False
101361,18,sigma,-0.002227092100308544,-0.18467130286310293,0.18467130286310293,False,False
101361,18,theta,-0.006098070218845659,-1.4404798441466542,1.4404798441466542,False,False
101361,19,mu,0.01861652665480866,0.7954855762717257,0.7954855762717257,False,False
101361,19,sigma,0.00475447271751289,-0.6234568043072278,0.6234568043072278,False,False
101361,19,theta,0.01890352144677119,0.8044643997830643,0.8044643997830643,False,False
101361,20,mu,-3.907336296692064e-05,-1.4343837781530073,1.4343837781530073,False,False
101361,20,sigma,0.026826242591264707,-0.40399576609557564,0.40399576609557564,False,False
101361,20,theta,0.00027619003897932725,-1.4300877864845674,1.4300877864845674,False,False
101361,21,mu,-4.623636062242042e-05,0.23087590444643316,0.23087590444643316,False,False
101361,21,sigma,-0.011362622050501953,-1.2902622692424786,1.2902622692424786,False,False
101361,21,theta,0.000754637730279682,0.24886599864965278,0.24886599864965278,False,False
101361,22,mu,0.002323136329909628,0.21833318503232974,0.21833318503232974,False,False
101361,22,sigma,0.028051724233908885,0.2620352264416211,0.2620352264416211,False,False
101361,22,theta,0.0021663422650507165,0.2111961693317531,0.2111961693317531,False,False
101361,23,mu,0.018915964560555942,1.1986153291871942,1.1986153291871942,False,False
101361,23,sigma,0.012084819306993013,0.12249061717089084,0.12249061717089084,False,False
101361,23,theta,0.01910218223843333,1.1983644423340483,1.1983644423340483,False,False
101361,24,mu,0.04449026142233415,-0.6297086751140167,0.6297086751140167,False,False
101361,24,sigma,-0.00204920444809973,-0.4349076797721723,0.4349076797721723,False,False
101361,24,theta,0.04456074935834919,-0.6237133094835751,0.6237133094835751,False,False
101361,25,mu,0.04114426989463017,-1.2819366252703641,1.2819366252703641,False,False
101361,25,sigma,-0.04935667682243294,-0.2092318517838745,0.2092318517838745,False,False
101361,25,theta,0.04098233716475213,-1.2760483007981565,1.2760483007981565,False,False
101361,26,mu,-0.005743388737153185,0.8876066405466821,0.8876066405466821,False,False
101361,26,sigma,-0.013240227575646826,0.15465126828148684,0.15465126828148684,False,False
101361,26,theta,-0.005482344895620869,0.8883737334684352,0.8883737334684352,False,False
101361,27,mu,-0.03464475661181162,-1.4246720276385172,1.4246720276385172,False,False
101361,27,sigma,0.0024427177285458535,-1.4309098499942705,1.4309098499942705,False,False
101361,27,theta,-0.03456668157994205,-1.4060703350127903,1.4060703350127903,False,False
101361,28,mu,0.04016520501507587,-1.6948736869856735,1.6948736869856735,False,False
101361,28,sigma,0.01076432841885062,2.1402485319661713,2.1402485319661713,True,False
101361,28,theta,0.03931125960460717,-1.7238703879708346,1.7238703879708346,False,False
101361,29,mu,-0.01757008717649512,0.39343759044911547,0.39343759044911547,False,False
101361,29,sigma,0.033797261392052184,-0.38888209100269494,0.38888209100269494,False,False
101361,29,theta,-0.016722085927407506,0.4009426601280118,0.4009426601280118,False,False
101361,30,mu,-0.005399294544268165,0.05187583723539889,0.05187583723539889,False,False
101361,30,sigma,-0.013893129390136023,0.8957902788392031,0.8957902788392031,False,False
101361,30,theta,-0.005135573834685133,0.03577578755415238,0.03577578755415238,False,False
101361,31,mu,-0.016037955094697343,0.7356290810327957,0.7356290810327957,False,False
101361,31,sigma,0.022271193068447357,1.0736242731619092,1.0736242731619092,False,False
101361,31,theta,-0.016292357860894124,0.7133236482270209,0.7133236482270209,False,False
101361,32,mu,0.0025164278824388966,0.2934687602662389,0.2934687602662389,False,False
101361,32,sigma,-0.03118809038469341,0.43406235084336264,0.43406235084336264,False,False
101361,32,theta,0.0027515097116212624,0.2866804245010087,0.2866804245010087,False,False
101361,33,mu,0.006963848061636257,-1.0944867922269088,1.0944867922269088,False,False
101361,33,sigma,0.036002770238819835,-0.5486559865167316,0.5486559865167316,False,False
101361,33,theta,0.006153930516299667,-1.0859909465708448,1.0859909465708448,False,False
101361,34,mu,-0.0045545724731695415,-0.3209608687987154,0.3209608687987154,False,False
101361,34,sigma,-0.013339107260170699,0.6067213571487574,0.6067213571487574,False,False
101361,34,theta,-0.004478187967958959,-0.3350375215497221,0.3350375215497221,False,False
101361,35,mu,-0.027352331250449075,-0.2132931515569376,0.2132931515569376,False,False
101361,35,sigma,-0.01302570479150372,0.4277406753692411,0.4277406753692411,False,False
101361,35,theta,-0.028213148036481447,-0.22280700672094936,0.22280700672094936,False,False
102296,0,mu,0.010345100049872418,0.22909453467586408,0.22909453467586408,False,False
102296,0,sigma,0.03684130423273545,2.4394686450440997,2.4394686450440997,True,False
102296,0,theta,0.010480517689276565,0.20810410586897723,0.20810410586897723,False,False
102296,1,mu,-0.010390490064878247,-0.23357918668494712,0.23357918668494712,False,False
102296,1,sigma,-0.016134590305647057,-0.06764054165482203,0.06764054165482203,False,False
102296,1,theta,-0.010299352158079676,-0.23231300173000238,0.23231300173000238,False,False
102296,2,mu,0.007130657398686959,1.019661820266349,1.019661820266349,False,False
102296,2,sigma,0.03185052731481002,-0.6483088039654525,0.6483088039654525,False,False
102296,2,theta,0.00726859136380604,1.0257427700512742,1.0257427700512742,False,False
102296,3,mu,0.013070011520115735,-2.524335118553802,2.524335118553802,True,False
102296,3,sigma,0.009872598592828038,-1.0771779992267931,1.0771779992267931,False,False
102296,3,theta,0.013289537440291873,-2.5110655676277176,2.5110655676277176,True,False
102296,4,mu,0.028400978399465666,0.6974799181546428,0.6974799181546428,False,False
102296,4,sigma,-0.027122988888179766,-1.1455875008464602,1.1455875008464602,False,False
102296,4,theta,0.028522060686499744,0.706090644625121,0.706090644625121,False,False
102296,5,mu,0.03233933821140118,0.00924798276396973,0.00924798276396973,False,False
102296,5,sigma,-0.02199535663154356,1.7274980265108153,1.7274980265108153,False,False
102296,5,theta,0.032706471050363284,-0.0031905357194602093,0.0031905357194602093,False,False
102296,6,mu,-0.0037888282899787387,0.04030469648835173,0.04030469648835173,False,False
102296,6,sigma,0.03380391771250614,-0.38061258174588425,0.38061258174588425,False,False
102296,6,theta,-0.0034757845062527415,0.04370834140256077,0.04370834140256077,False,False
102296,7,mu,-0.013038439499012037,-0.8117774305685023,0.8117774305685023,False,False
102296,7,sigma,0.017163664917173176,-1.3666843881780109,1.3666843881780109,False,False
102296,7,theta,-0.013127621307484285,-0.8007131598501919,0.8007131598501919,False,False
102296,8,mu,-0.02212394405104055,0.7364723102714019,0.7364723102714019,False,False
102296,8,sigma,0.02064637291661024,-0.7087863212419689,0.7087863212419689,False,False
102296,8,theta,-0.02236049540081038,0.7417814646820621,0.7417814646820621,False,False
102296,9,mu,0.0010669741043782444,1.496958747787405,1.496958747787405,False,False
102296,9,sigma,-0.0038781550145745415,-1.3008565284799587,1.3008565284799587,False,False
102296,9,theta,0.0014161032517746401,1.506156844141022,1.506156844141022,False,False
102296,10,mu,0.015478439180166148,-1.1134129202617566,1.1134129202617566,False,False
102296,10,sigma,-0.004967513648434593,0.09145791283619006,0.09145791283619006,False,False
102296,10,theta,0.015329243320515995,-1.1139771928864475,1.1139771928864475,False,False
102296,11,mu,-0.009783784176740948,-1.6912048494139986,1.6912048494139986,False,False
102296,11,sigma,-0.009493867178376674,-1.1164252450506,1.1164252450506,False,False
102296,11,theta,-0.009594476019897314,-1.6799767547429578,1.6799767547429578,False,False
102296,12,mu,-0.038096865173529774,0.6413918916452479,0.6413918916452479,False,False
102296,12,sigma,-0.009308463982344596,-0.017070493273850906,0.017070493273850906,False,False
102296,12,theta,-0.03779753181396776,0.6416803242428001,0.6416803242428001,False,False
102296,13,mu,-0.009208037143173703,-1.6341104180544568,1.6341104180544568,False,False
102296,13,sigma,0.013071283782029664,1.5451676916457098,1.5451676916457098,False,False
102296,13,theta,-0.009128048110704685,-1.6470382127765872,1.6470382127765872,False,False
102296,14,mu,0.017257486475364733,-0.070698548046415,0.070698548046415,False,False
102296,14,sigma,-0.009829673244288498,-0.3855883993919491,0.3855883993919491,False,False
102296,14,theta,0.017428697552730906,-0.0675054896998605,0.0675054896998605,False,False
102296,15,mu,-0.010688331031989209,-0.15075872631048198,0.15075872631048198,False,False
102296,15,sigma,-0.025663526385224136,0.3442751335682436,0.3442751335682436,False,False
102296,15,theta,-0.010185604815476436,-0.15392307057688034,0.15392307057688034,False,False
102296,16,mu,0.004797684713960408,-0.7163675488638781,0.7163675488638781,False,False
102296,16,sigma,0.015390910360423,-1.7002166548002062,1.7002166548002062,False,False
102296,16,theta,0.0041181440506917475,-0.7022532195925779,0.7022532195925779,False,False
102296,17,mu,0.010957803655966993,-0.5542193289951144,0.5542193289951144,False,False
102296,17,sigma,0.01471953488730981,0.49397526401308445,0.49397526401308445,False,False
102296,17,theta,0.010929651720232058,-0.5603608907094352,0.5603608907094352,False,False
102296,18,mu,-0.006086775655061371,-1.4441447682712178,1.4441447682712178,False,False
102296,18,sigma,-0.002227073012583666,-0.18467098627698936,0.18467098627698936,False,False
102296,18,theta,-0.006098091859426718,-1.4404800836945253,1.4404800836945253,False,False
102296,19,mu,0.018601378595289632,0.7950092363385398,0.7950092363385398,False,False
102296,19,sigma,0.004754449692927296,-0.62345502197073,0.62345502197073,False,False
102296,19,theta,0.01890351494313696,0.8044627042603821,0.8044627042603821,False,False
102296,20,mu,-6.208137111380732e-05,-1.4346875536130776,1.4346875536130776,False,False
102296,20,sigma,0.02682628207750817,-0.4039971113877822,0.4039971113877822,False,False
102296,20,theta,0.0002761379200048168,-1.4300897091136897,1.4300897091136897,False,False
102296,21,mu,-8.442831411069947e-05,0.23001706497679436,0.23001706497679436,False,False
102296,21,sigma,-0.011362607142654232,-1.2902635288534197,1.2902635288534197,False,False
102296,21,theta,0.0007546376743556737,0.24886486678075215,0.24886486678075215,False,False
102296,22,mu,0.0023292137572073685,0.2185988043802321,0.2185988043802321,False,False
102296,22,sigma,0.028051816844223643,0.26203649271790563,0.26203649271790563,False,False
102296,22,theta,0.0021663257070787295,0.21119700845178402,0.21119700845178402,False,False
102296,23,mu,0.018907662972855257,1.1986215205493134,1.1986215205493134,False,False
102296,23,sigma,0.01208480605256535,0.12248970707346667,0.12248970707346667,False,False
102296,23,theta,0.019102201998135594,1.1983658536773487,1.1983658536773487,False,False
102296,24,mu,0.04448812946893541,-0.6298561692140072,0.6298561692140072,False,False
102296,24,sigma,-0.0020492139203903918,-0.43490642730097434,0.43490642730097434,False,False
102296,24,theta,0.044560742665896644,-0.6237126203678851,0.6237126203678851,False,False
102296,25,mu,0.04112215633015347,-1.2810381636476489,1.2810381636476489,False,False
102296,25,sigma,-0.049356688458265276,-0.20923372769495646,0.20923372769495646,False,False
102296,25,theta,0.040982382655351,-1.2760486215824274,1.2760486215824274,False,False
102296,26,mu,-0.005679729099982531,0.8878112918108656,0.8878112918108656,False,False
102296,26,sigma,-0.01324024934012672,0.15465283016469533,0.15465283016469533,False,False
102296,26,theta,-0.005482426111726013,0.8883742570102187,0.8883742570102187,False,False
102296,27,mu,-0.034624738283199494,-1.4194434547594759,1.4194434547594759,False,False
102296,27,sigma,0.0024424546555150695,-1.4309044737791146,1.4309044737791146,False,False
102296,27,theta,-0.034566738930960426,-1.4060669418900928,1.4060669418900928,False,False
102296,28,mu,0.039874924186096415,-1.7048120342277466,1.7048120342277466,False,False
102296,28,sigma,0.010764475732021685,2.1402398802922633,2.1402398802922633,True,False
102296,28,theta,0.03931128209646749,-1.7238672890514912,1.7238672890514912,False,False
102296,29,mu,-0.017306498808027298,0.3958123252363657,0.3958123252363657,False,False
102296,29,sigma,0.03379726707510737,-0.38888173811259513,0.38888173811259513,False,False
102296,29,theta,-0.016722180201533106,0.4009495836497245,0.4009495836497245,False,False
102296,30,mu,-0.00530574061579449,0.0461936419549933,0.0461936419549933,False,False
102296,30,sigma,-0.013893225646511204,0.8957992803224689,0.8957992803224689,False,False
102296,30,theta,-0.005135590770950524,0.03577324089325943,0.03577324089325943,False,False
102296,31,mu,-0.01612998497006184,0.7278604806969524,0.7278604806969524,False,False
102296,31,sigma,0.022270731418454457,1.0736234194034853,1.0736234194034853,False,False
102296,31,theta,-0.016292726369729855,0.7133094648347111,0.7133094648347111,False,False
102296,32,mu,0.002600054553141727,0.29113116036829545,0.29113116036829545,False,False
102296,32,sigma,-0.03118798266989593,0.4340536033244038,0.4340536033244038,False,False
102296,32,theta,0.0027515916895875397,0.2866793540653242,0.2866793540653242,False,False
102296,33,mu,0.006640155206423977,-1.0911357095447332,1.0911357095447332,False,False
102296,33,sigma,0.03600292605178274,-0.5486465916381024,0.5486465916381024,False,False
102296,33,theta,0.006153995205637099,-1.0859850124768475,1.0859850124768475,False,False
102296,34,mu,-0.004527085443844909,-0.3259548812488353,0.3259548812488353,False,False
102296,34,sigma,-0.01333886973145051,0.6067265549306972,0.6067265549306972,False,False
102296,34,theta,-0.004478210031823945,-0.3350373907717457,0.3350373907717457,False,False
102296,35,mu,-0.027665679786643766,-0.2167623690244293,0.2167623690244293,False,False
102296,35,sigma,-0.013025269934818994,0.42772384044946654,0.42772384044946654,False,False
102296,35,theta,-0.028213162226952176,-0.22281186761112734,0.22281186761112734,False,False
14447,0,mu,0.010170372367681101,0.25694577439730304,0.25694577439730304,False,False
14447,0,sigma,0.03684080597970174,2.4394717325177084,2.4394717325177084,True,False
14447,0,theta,0.010480704395997877,0.2081132272216837,0.2081132272216837,False,False
14447,1,mu,-0.010500948931940354,-0.23509071126112796,0.23509071126112796,False,False
14447,1,sigma,-0.016134847634168312,-0.06761583028613356,0.06761583028613356,False,False
14447,1,theta,-0.010299251150944221,-0.2323179023994773,0.2323179023994773,False,False
14447,2,mu,0.006985380765842289,1.0129156233479923,1.0129156233479923,False,False
14447,2,sigma,0.031850218975894816,-0.6483041887882277,0.6483041887882277,False,False
14447,2,theta,0.007269056962181805,1.0257344825788552,1.0257344825788552,False,False
14447,3,mu,0.012808800010835935,-2.539874756520174,2.539874756520174,True,False
14447,3,sigma,0.009872815516119583,-1.0771850521291513,1.0771850521291513,False,False
14447,3,theta,0.013290085615550378,-2.5110713600455408,2.5110713600455408,True,False
14447,4,mu,0.028239932528219783,0.6867823902935781,0.6867823902935781,False,False
14447,4,sigma,-0.0271238095657533,-1.1455918459073529,1.1455918459073529,False,False
14447,4,theta,0.028521515534522635,0.7060978662545532,0.7060978662545532,False,False
14447,5,mu,0.03194460325696912,0.022341987040979255,0.022341987040979255,False,False
14447,5,sigma,-0.021995402762609546,1.7274976061220488,1.7274976061220488,False,False
14447,5,theta,0.032706181315222495,-0.003184662521146687,0.003184662521146687,False,False
14447,6,mu,-0.004088596704937815,0.03696884962270654,0.03696884962270654,False,False
14447,6,sigma,0.03380392099340211,-0.3806022428758649,0.3806022428758649,False,False
14447,6,theta,-0.0034753457339789023,0.04370138439357226,0.04370138439357226,False,False
14447,7,mu,-0.012959711610303494,-0.8210966755813182,0.8210966755813182,False,False
14447,7,sigma,0.017162934451839272,-1.3666871810561059,1.3666871810561059,False,False
14447,7,theta,-0.013127693100866436,-0.8007101710002553,0.8007101710002553,False,False
14447,8,mu,-0.02194316849240405,0.7324684100024369,0.7324684100024369,False,False
14447,8,sigma,0.0206460690280104,-0.7087858705501829,0.7087858705501829,False,False
14447,8,theta,-0.022360576740216614,0.7417801774666056,0.7417801774666056,False,False
14447,9,mu,0.0008358407499816983,1.4908412254732313,1.4908412254732313,False,False
14447,9,sigma,-0.003878376950800182,-1.3008690682934747,1.3008690682934747,False,False
14447,9,theta,0.001415810512916353,1.5061679429024317,1.5061679429024317,False,False
14447,10,mu,0.015597530566278986,-1.1129075062502,1.1129075062502,False,False
14447,10,sigma,-0.004967125434447201,0.09145397850057004,0.09145397850057004,False,False
14447,10,theta,0.015329525516650627,-1.1139842726189564,1.1139842726189564,False,False
14447,11,mu,-0.009935376685842837,-1.700129795892136,1.700129795892136,False,False
14447,11,sigma,-0.009494038942662604,-1.1164373148268372,1.1164373148268372,False,False
14447,11,theta,-0.009594308451748369,-1.6799759994060917,1.6799759994060917,False,False
14447,12,mu,-0.03836564863863497,0.6410862270576021,0.6410862270576021,False,False
14447,12,sigma,-0.009308591260505449,-0.01708426239500784,0.01708426239500784,False,False
14447,12,theta,-0.03779795302467593,0.6416900230502581,0.6416900230502581,False,False
14447,13,mu,-0.009273080086515548,-1.6228598017549514,1.6228598017549514,False,False
14447,13,sigma,0.013071159267288945,1.54515930772308,1.54515930772308,False,False
14447,13,theta,-0.00912823036347136,-1.6470397899733353,1.6470397899733353,False,False
14447,14,mu,0.017104895685998402,-0.07346938924850357,0.07346938924850357,False,False
14447,14,sigma,-0.009829655425970835,-0.3856089526296438,0.3856089526296438,False,False
14447,14,theta,0.017429092650348855,-0.06749778196383217,0.06749778196383217,False,False
14447,15,mu,-0.01117053899437254,-0.14773106776497844,0.14773106776497844,False,False
14447,15,sigma,-0.025663221467137197,0.34426390295941794,0.34426390295941794,False,False
14447,15,theta,-0.010185689806782116,-0.1539210042556679,0.1539210042556679,False,False
14447,16,mu,0.005448760648031867,-0.729755753102822,0.729755753102822,False,False
14447,16,sigma,0.015390721198228674,-1.700213992275433,1.700213992275433,False,False
14447,16,theta,0.004118196268991711,-0.7022744903265526,0.7022744903265526,False,False
14447,17,mu,0.010972366849616715,-0.5511786758043399,0.5511786758043399,False,False
14447,17,sigma,0.014719711982674674,0.4939606566666661,0.4939606566666661,False,False
14447,17,theta,0.010929501057385944,-0.5603688142734214,0.5603688142734214,False,False
14447,18,mu,-0.006082357601256527,-1.4454677754803504,1.4454677754803504,False,False
14447,18,sigma,-0.002226633789181243,-0.18466370121904663,0.18466370121904663,False,False
14447,18,theta,-0.006098589839687762,-1.4404855954842293,1.4404855954842293,False,False
14447,19,mu,0.0184899744765183,0.7915007673058789,0.7915007673058789,False,False
14447,19,sigma,0.004754245588463918,-0.623439221527605,0.623439221527605,False,False
14447,19,theta,0.018903457279018057,0.8044476732933072,0.8044476732933072,False,False
14447,20,mu,-0.00016700288923555517,-1.436054224891742,1.436054224891742,False,False
14447,20,sigma,0.026826500496864247,-0.40400455285800646,0.40400455285800646,False,False
14447,20,theta,0.00027584962530132005,-1.4301003444317835,1.4301003444317835,False,False
14447,21,mu,-0.0003762606094962161,0.22345262339554228,0.22345262339554228,False,False
14447,21,sigma,-0.011362470624677958,-1.2902750626656225,1.2902750626656225,False,False
14447,21,theta,0.0007546371584002147,0.2488545023241849,0.2488545023241849,False,False
14447,22,mu,0.0023855075089724517,0.22102185085429785,0.22102185085429785,False,False
14447,22,sigma,0.028052817585216862,0.2620501762285195,0.2620501762285195,False,False
14447,22,theta,0.002166146777794259,0.211206075661298,0.211206075661298,False,False
14447,23,mu,0.018831793479984624,1.1986561155268833,1.1986561155268833,False,False
14447,23,sigma,0.012084659097478188,0.12247961675043814,0.12247961675043814,False,False
14447,23,theta,0.019102421077394068,1.198381501316875,1.198381501316875,False,False
14447,24,mu,0.04445273453672903,-0.6321268779745831,0.6321268779745831,False,False
14447,24,sigma,-0.0020493921911529287,-0.4348828586622944,0.4348828586622944,False,False
14447,24,theta,0.044560616709521154,-0.6236996528187456,0.6236996528187456,False,False
14447,25,mu,0.04119516891547574,-1.2841798836221796,1.2841798836221796,False,False
14447,25,sigma,-0.04935663868075861,-0.20922570248889147,0.20922570248889147,False,False
14447,25,theta,0.040982188042013555,-1.276047248867524,1.276047248867524,False,False
14447,26,mu,-0.005864607274841105,0.8871869888462772,0.8871869888462772,False,False
14447,26,sigma,-0.013240169900714477,0.15464712731607924,0.15464712731607924,False,False
14447,26,theta,-0.005482129566487653,0.888372345333892,0.888372345333892,False,False
14447,27,mu,-0.03467242494833345,-1.4326640030567093,1.4326640030567093,False,False
14447,27,sigma,0.0024432916081486913,-1.4309215772046309,1.4309215772046309,False,False
14447,27,theta,-0.034566556472414696,-1.4060777371245057,1.4060777371245057,False,False
14447,28,mu,0.040477857368184024,-1.6840695166103883,1.6840695166103883,False,False
14447,28,sigma,0.010764100151418694,2.1402619384485853,2.1402619384485853,True,False
14447,28,theta,0.03931122471830066,-1.7238751898476343,1.7238751898476343,False,False
14447,29,mu,-0.01789167474259546,0.39049235386099057,0.39049235386099057,False,False
14447,29,sigma,0.033797251466959534,-0.38888270743556985,0.38888270743556985,False,False
14447,29,theta,-0.01672192117247227,0.40093056025736756,0.40093056025736756,False,False
14447,30,mu,-0.0054904881775717845,0.05738261369776041,0.05738261369776041,False,False
14447,30,sigma,-0.01389299696511822,0.8957778985410214,0.8957778985410214,False,False
14447,30,theta,-0.0051355505559661,0.03577929004294415,0.03577929004294415,False,False
14447,31,mu,-0.015957016207801895,0.7422246185427193,0.7422246185427193,False,False
14447,31,sigma,0.022271740873204153,1.0736252863953601,1.0736252863953601,False,False
14447,31,theta,-0.016291920534204727,0.7133404790369378,0.7133404790369378,False,False
14447,32,mu,0.0024283155167637988,0.2958512791746874,0.2958512791746874,False,False
14447,32,sigma,-0.031188246919086688,0.4340750652930524,0.4340750652930524,False,False
14447,32,theta,0.002751390569617263,0.2866819797895594,0.2866819797895594,False,False
14447,33,mu,0.007349010809205854,-1.0983927911787428,1.0983927911787428,False,False
14447,33,sigma,0.03600248641981165,-0.5486730982427607,0.5486730982427607,False,False
14447,33,theta,0.006153812692946451,-1.0860017542807714,1.0860017542807714,False,False
14447,34,mu,-0.004587678197248337,-0.3150466001729679,0.3150466001729679,False,False
14447,34,sigma,-0.013339518158778626,0.6067123652319538,0.6067123652319538,False,False
14447,34,theta,-0.004478149800626725,-0.3350377478598234,0.3350377478598234,False,False
14447,35,mu,-0.02686163883724584,-0.20785238556373312,0.20785238556373312,False,False
14447,35,sigma,-0.013026767819086368,0.42778183281848225,0.42778183281848225,False,False
14447,35,theta,-0.028213113338296337,-0.22279512372944174,0.22279512372944174,False,False
17436,0,mu,0.01019655581587943,0.2527144117264117,0.2527144117264117,False,False
17436,0,sigma,0.03684090740257255,2.439471103979734,2.439471103979734,True,False
17436,0,theta,0.01048066639102355,0.2081113704921829,0.2081113704921829,False,False
17436,1,mu,-0.010484456615748709,-0.23486675876254545,0.23486675876254545,False,False
17436,1,sigma,-0.016134797078235223,-0.06762068482233621,0.06762068482233621,False,False
17436,1,theta,-0.01029927099167713,-0.23231693963558092,0.23231693963558092,False,False
17436,2,mu,0.007002843016656716,1.0137456935833085,1.0137456935833085,False,False
17436,2,sigma,0.03185026821693464,-0.6483049258550961,0.6483049258550961,False,False
17436,2,theta,0.007268982606544954,1.0257358060646804,1.0257358060646804,False,False
17436,3,mu,0.01284880047708629,-2.537513479138783,2.537513479138783,True,False
17436,3,sigma,0.009872771832988377,-1.0771836317840249,1.0771836317840249,False,False
17436,3,theta,0.01328997521829492,-2.511070193564512,2.511070193564512,True,False
17436,4,mu,0.02826726035923783,0.6885451443587626,0.6885451443587626,False,False
17436,4,sigma,-0.02712363120059108,-1.1455909014908447,1.1455909014908447,False,False
17436,4,theta,0.028521634018339022,0.7060962967310466,0.7060962967310466,False,False
17436,5,mu,0.03201591609079993,0.01999679228521443,0.01999679228521443,False,False
17436,5,sigma,-0.02199539215871822,1.727497702725848,1.727497702725848,False,False
17436,5,theta,0.03270624791099618,-0.003186012389421938,0.003186012389421938,False,False
17436,6,mu,-0.004020712760716249,0.037730735166704145,0.037730735166704145,False,False
17436,6,sigma,0.03380392005649124,-0.3806051994340082,0.3806051994340082,False,False
17436,6,theta,-0.003475471206782091,0.043703373839584246,0.043703373839584246,False,False
17436,7,mu,-0.012980616855289928,-0.8186601254044751,0.8186601254044751,False,False
17436,7,sigma,0.01716316774446929,-1.366686289106565,1.366686289106565,False,False
17436,7,theta,-0.013127670173316798,-0.800711125535911,0.800711125535911,False,False
17436,8,mu,-0.022008416632483895,0.7339083619665273,0.7339083619665273,False,False
17436,8,sigma,0.02064619698131194,-0.7087860603073818,0.7087860603073818,False,False
17436,8,theta,-0.02236054249132724,0.7417807194459615,0.7417807194459615,False,False
17436,9,mu,0.0009297408231307811,1.4933299869567618,1.4933299869567618,False,False
17436,9,sigma,-0.003878273545337708,-1.3008632257593986,1.3008632257593986,False,False
17436,9,theta,0.0014159469070462985,1.50616277175753,1.50616277175753,False,False
17436,10,mu,0.01553665132327613,-1.1131724970843162,1.1131724970843162,False,False
17436,10,sigma,-0.004967352833422242,0.09145628302448432,0.09145628302448432,False,False
17436,10,theta,0.015329360217205122,-1.113980125623351,1.113980125623351,False,False
17436,11,mu,-0.009854536290579653,-1.6953779474259478,1.6953779474259478,False,False
17436,11,sigma,-0.009493935074430217,-1.1164300161623577,1.1164300161623577,False,False
17436,11,theta,-0.009594409782170975,-1.679976456160034,1.679976456160034,False,False
17436,12,mu,-0.03821221970107528,0.6412666662315344,0.6412666662315344,False,False
17436,12,sigma,-0.009308508580309025,-0.017075318086849586,0.017075318086849586,False,False
17436,12,theta,-0.03779767940998487,0.641683722768367,0.641683722768367,False,False
17436,13,mu,-0.009232161576430687,-1.6300227425423721,1.6300227425423721,False,False
17436,13,sigma,0.013071247068713378,1.5451652193417396,1.5451652193417396,False,False
17436,13,theta,-0.009128101854934805,-1.6470386778125994,1.6470386778125994,False,False
17436,14,mu,0.017180476259437447,-0.07210537342217965,0.07210537342217965,False,False
17436,14,sigma,-0.009829665550463924,-0.3855972729910277,0.3855972729910277,False,False
17436,14,theta,0.0174288681308577,-0.06750216199745017,0.06750216199745017,False,False
17436,15,mu,-0.010925197015606295,-0.14927056323437946,0.14927056323437946,False,False
17436,15,sigma,-0.025663400954125056,0.344270513904115,0.344270513904115,False,False
17436,15,theta,-0.010185639776569557,-0.15392222062034594,0.15392222062034594,False,False
17436,16,mu,0.005109627018201618,-0.7227989936738629,0.7227989936738629,False,False
17436,16,sigma,0.015390834854367026,-1.7002155921173783,1.7002155921173783,False,False
17436,16,theta,0.004118164895135396,-0.7022617100984625,0.7022617100984625,False,False
17436,17,mu,0.010962003145757161,-0.5533331471224728,0.5533331471224728,False,False
17436,17,sigma,0.014719579439895752,0.49397158914989386,0.49397158914989386,False,False
17436,17,theta,0.010929613816903274,-0.5603628840423418,0.5603628840423418,False,False
17436,18,mu,-0.0060849218709410815,-1.4447117945200536,1.4447117945200536,False,False
17436,18,sigma,-0.002226905232272123,-0.18466820347211402,0.18466820347211402,False,False
17436,18,theta,-0.006098282081364058,-1.4404821892491515,1.4404821892491515,False,False
17436,19,mu,0.018548142835703798,0.7933338409459741,0.7933338409459741,False,False
17436,19,sigma,0.004754359756714599,-0.6234480598449215,0.6234480598449215,False,False
17436,19,theta,0.018903489536739877,0.8044560812164429,0.8044560812164429,False,False
17436,20,mu,-0.00011330629072973524,-1.4353586363126247,1.4353586363126247,False,False
17436,20,sigma,0.026826380768057143,-0.40400047375134207,0.40400047375134207,False,False
17436,20,theta,0.00027600765636876185,-1.430094514523606,1.430094514523606,False,False
17436,21,mu,-0.00021750745592730798,0.2270240349840432,0.2270240349840432,False,False
17436,21,sigma,-0.01136254984004741,-1.2902683703264133,1.2902683703264133,False,False
17436,21,theta,0.0007546374586281531,0.24886051623358132,0.24886051623358132,False,False
17436,22,mu,0.0023510418522288707,0.21954623283659438,0.21954623283659438,False,False
17436,22,sigma,0.028052174680629673,0.26204138550604583,0.26204138550604583,False,False
17436,22,theta,0.002166261728110717,0.21120025068305817,0.21120025068305817,False,False
17436,23,mu,0.018883683793191986,1.1986367257126165,1.1986367257126165,False,False
17436,23,sigma,0.012084764620872128,0.12248686223653715,0.12248686223653715,False,False
17436,23,theta,0.019102263764373247,1.198370265335108,1.198370265335108,False,False
17436,24,mu,0.04447836605271299,-0.6305146985346034,0.6305146985346034,False,False
17436,24,sigma,-0.0020492592976206598,-0.4349004275437617,0.4349004275437617,False,False
17436,24,theta,0.044560710605335944,-0.6237093192748633,0.6237093192748633,False,False
17436,25,mu,0.04116039556011214,-1.2826182483770467,1.2826182483770467,False,False
17436,25,sigma,-0.04935666662247737,-0.20923020734469608,0.20923020734469608,False,False
17436,25,theta,0.04098229728694991,-1.276048019550288,1.276048019550288,False,False
17436,26,mu,-0.005748101548852934,0.887591056402835,0.887591056402835,False,False
17436,26,sigma,-0.013240225729362627,0.15465113576723208,0.15465113576723208,False,False
17436,26,theta,-0.0054823380050006915,0.888373689048969,0.888373689048969,False,False
17436,27,mu,-0.03464092272126816,-1.423639581051066,1.423639581051066,False,False
17436,27,sigma,0.0024426587998340517,-1.4309086457327702,1.4309086457327702,False,False
17436,27,theta,-0.034566694426631524,-1.4060695749437984,1.4060695749437984,False,False
17436,28,mu,0.04006208581875991,-1.6984142433239116,1.6984142433239116,False,False
17436,28,sigma,0.01076438781382074,2.1402450436879543,2.1402450436879543,True,False
17436,28,theta,0.03931126867515496,-1.7238691385234313,1.7238691385234313,False,False
17436,29,mu,-0.017495123944006697,0.3941164956592315,0.3941164956592315,False,False
17436,29,sigma,0.033797263229829115,-0.38888197687961734,0.38888197687961734,False,False
17436,29,theta,-0.016722116418683656,0.40094489942684586,0.40094489942684586,False,False
17436,30,mu,-0.005360742204866292,0.04953836833363866,0.04953836833363866,False,False
17436,30,sigma,-0.013893173959889477,0.895794446543395,0.895794446543395,False,False
17436,30,theta,-0.005135581675084119,0.0357746084522278,0.0357746084522278,False,False
17436,31,mu,-0.016076794318232467,0.7323870105049417,0.7323870105049417,False,False
17436,31,sigma,0.02227097639813628,1.0736238724460863,1.0736238724460863,False,False
17436,31,theta,-0.016292530820794435,0.71331699136455,0.71331699136455,False,False
17436,32,mu,0.002548838875561341,0.2925720071846546,0.2925720071846546,False,False
17436,32,sigma,-0.031188043712304617,0.4340585604208061,0.4340585604208061,False,False
17436,32,theta,0.002751545232974714,0.2866799607062444,0.2866799607062444,False,False
17436,33,mu,0.00683874232099113,-1.0931991309304994,1.0931991309304994,False,False
17436,33,sigma,0.036002839504425364,-0.5486518101533635,0.5486518101533635,False,False
17436,33,theta,0.006153959272998594,-1.0859883086793576,1.0859883086793576,False,False
17436,34,mu,-0.004539887078619001,-0.3236191996129233,0.3236191996129233,False,False
17436,34,sigma,-0.013338968259184377,0.6067243988894928,0.6067243988894928,False,False
17436,34,theta,-0.004478200879618842,-0.3350374450148623,0.3350374450148623,False,False
17436,35,mu,-0.027510541304941138,-0.21504524341000117,0.21504524341000117,False,False
17436,35,sigma,-0.013025461309691838,0.427731249174439,0.427731249174439,False,False
17436,35,theta,-0.028213155982168083,-0.22280972840472932,0.22280972840472932,False,False
17452,0,mu,0.010260075020079402,0.24253567654572925,0.24253567654572925,False,False
17452,0,sigma,0.03684111358584998,2.43946982631698,2.43946982631698,True,False
17452,0,theta,0.010480589129687745,0.20810759595672218,0.20810759595672218,False,False
17452,1,mu,-0.010431442373090597,-0.23414276396660555,0.23414276396660555,False,False
17452,1,sigma,-0.0161346633457605,-0.06763352710250235,0.06763352710250235,False,False
17452,1,theta,-0.010299323483598312,-0.23231439279235033,0.23231439279235033,False,False
17452,2,mu,0.007076053008230144,1.0171679709689077,1.0171679709689077,False,False
17452,2,sigma,0.03185043798598042,-0.6483074669540623,0.6483074669540623,False,False
17452,2,theta,0.007268726251318794,1.0257403690808073,1.0257403690808073,False,False
17452,3,mu,0.012955825290985799,-2.5311630292739613,2.5311630292739613,True,False
17452,3,sigma,0.009872673553690488,-1.0771804363706172,1.0771804363706172,False,False
17452,3,theta,0.013289726858704932,-2.511067569239705,2.511067569239705,True,False
17452,4,mu,0.028325946739260678,0.6924006686088383,0.6924006686088383,False,False
17452,4,sigma,-0.02712330035271793,-1.1455891497981439,1.1455891497981439,False,False
17452,4,theta,0.028521853791268256,0.7060933854108185,0.7060933854108185,False,False
17452,5,mu,0.0319765829853248,0.021291385749828234,0.021291385749828234,False,False
17452,5,sigma,-0.021995397885866536,1.727497650548166,1.727497650548166,False,False
17452,5,theta,0.032706211942404174,-0.003185283314585806,0.003185283314585806,False,False
17452,6,mu,-0.004068210240826047,0.037198059900126396,0.037198059900126396,False,False
17452,6,sigma,0.0338039206999325,-0.3806031693185311,0.3806031693185311,False,False
17452,6,theta,-0.003475385051027214,0.04370200778845962,0.04370200778845962,False,False
17452,7,mu,-0.012957679067750416,-0.8213321636307348,0.8213321636307348,False,False
17452,7,sigma,0.01716291030971154,-1.3666872733574453,1.3666872733574453,False,False
17452,7,theta,-0.013127695473428451,-0.8007100722223692,0.8007100722223692,False,False
17452,8,mu,-0.021924225236334034,0.7320514236345737,0.7320514236345737,False,False
17452,8,sigma,0.020646028100410132,-0.7087858098562838,0.7087858098562838,False,False
17452,8,theta,-0.022360587695392307,0.7417800041092935,0.7417800041092935,False,False
17452,9,mu,0.0008223468190595788,1.4904831836820485,1.4904831836820485,False,False
17452,9,sigma,-0.0038783932974242865,-1.3008699918865705,1.3008699918865705,False,False
17452,9,theta,0.0014157889513505893,1.5061687603655673,1.5061687603655673,False,False
17452,10,mu,0.01558770690329189,-1.1129512202710963,1.1129512202710963,False,False
17452,10,sigma,-0.004967166295124618,0.09145439258567749,0.09145439258567749,False,False
17452,10,theta,0.015329495814222733,-1.1139835274582546,1.1139835274582546,False,False
17452,11,mu,-0.009914978033805632,-1.6989323781356824,1.6989323781356824,False,False
17452,11,sigma,-0.009494010084530043,-1.1164352870385623,1.1164352870385623,False,False
17452,11,theta,-0.00959433660468407,-1.6799761263052297,1.6799761263052297,False,False
17452,12,mu,-0.03829354384800948,0.6411730247562489,0.6411730247562489,False,False
17452,12,sigma,-0.009308549040955294,-0.017079695169727696,0.017079695169727696,False,False
17452,12,theta,-0.03779781330916603,0.641686805934614,0.641686805934614,False,False
17452,13,mu,-0.009211533331586108,-1.6335239199864526,1.6335239199864526,False,False
17452,13,sigma,0.013071279118308611,1.545167377573351,1.545167377573351,False,False
17452,13,theta,-0.009128054938190825,-1.647038271850365,1.647038271850365,False,False
17452,14,mu,0.017238471030853623,-0.07104755770581227,0.07104755770581227,False,False
17452,14,sigma,-0.00982967159562062,-0.3855903007209007,0.3855903007209007,False,False
17452,14,theta,0.01742873410214515,-0.06750477668135921,0.06750477668135921,False,False
17452,15,mu,-0.01074651049904916,-0.15039302784721348,0.15039302784721348,False,False
17452,15,sigma,-0.025663499956464407,0.3442741602077299,0.3442741602077299,False,False
17452,15,theta,-0.010185612181789877,-0.15392289149340901,0.15392289149340901,False,False
17452,16,mu,0.004940631793879435,-0.7193186566190345,0.7193186566190345,False,False
17452,16,sigma,0.015390879226491017,-1.700216216631587,1.700216216631587,False,False
17452,16,theta,0.004118152645780339,-0.7022567205528252,0.7022567205528252,False,False
17452,17,mu,0.010955667655379071,-0.5546731225583842,0.5546731225583842,False,False
17452,17,sigma,0.014719514342298833,0.49397695865003904,0.49397695865003904,False,False
17452,17,theta,0.010929669199107829,-0.5603599715092025,0.5603599715092025,False,False
17452,18,mu,-0.006088239091025395,-1.4436846156211516,1.4436846156211516,False,False
17452,18,sigma,-0.002227188127123102,-0.18467289554062682,0.18467289554062682,False,False
17452,18,theta,-0.006097961349833887,-1.4404786390040183,1.4404786390040183,False,False
17452,19,mu,0.018646685493851383,0.7964334294584633,0.7964334294584633,False,False
17452,19,sigma,0.004754515146547746,-0.6234600887038656,0.6234600887038656,False,False
17452,19,theta,0.01890353343077194,0.8044675241959006,0.8044675241959006,False,False
17452,20,mu,-1.7179374987335057e-05,-1.4340933698950267,1.4340933698950267,False,False
17452,20,sigma,0.026826207764484442,-0.40399457954826884,0.40399457954826884,False,False
17452,20,theta,0.0002762360079380879,-1.4300860907407646,1.4300860907407646,False,False
17452,21,mu,2.5341098471136515e-05,0.23248536686124596,0.23248536686124596,False,False
17452,21,sigma,-0.011362648139706291,-1.2902600648308449,1.2902600648308449,False,False
17452,21,theta,0.0007546378279500484,0.2488679794862095,0.2488679794862095,False,False
17452,22,mu,0.0023044610443029648,0.21751184348891964,0.21751184348891964,False,False
17452,22,sigma,0.02805145923585795,0.2620316030974295,0.2620316030974295,False,False
17452,22,theta,0.002166389644123088,0.21119376822437733,0.21119376822437733,False,False
17452,23,mu,0.018935489252832543,1.1985988780425139,1.1985988780425139,False,False
17452,23,sigma,0.012084848260482022,0.12249260523101055,0.12249260523101055,False,False
17452,23,theta,0.019102139074496274,1.1983613593267086,1.1983613593267086,False,False
17452,24,mu,0.04450252794723811,-0.6288318707790835,0.6288318707790835,False,False
17452,24,sigma,-0.002049153273534412,-0.4349144466100609,0.4349144466100609,False,False
17452,24,theta,0.044560785514425084,-0.6237170326329121,0.6237170326329121,False,False
17452,25,mu,0.04112350878170354,-1.281092009697268,1.281092009697268,False,False
17452,25,sigma,-0.04935668781819646,-0.20923362450463487,0.20923362450463487,False,False
17452,25,theta,0.04098238015300979,-1.2760486039381296,1.2760486039381296,False,False
17452,26,mu,-0.005701506718153344,0.8877425120232633,0.8877425120232633,False,False
17452,26,sigma,-0.013240242561766764,0.15465234377485063,0.15465234377485063,False,False
17452,26,theta,-0.005482400820104882,0.8883740939747239,0.8883740939747239,False,False
17452,27,mu,-0.03462993022229595,-1.4207626546357863,1.4207626546357863,False,False
17452,27,sigma,0.0024425127422509647,-1.4309056608693431,1.4309056608693431,False,False
17452,27,theta,-0.03456672626779425,-1.4060676910893943,1.4060676910893943,False,False
17452,28,mu,0.03992611147613069,-1.7030658829508019,1.7030658829508019,False,False
17452,28,sigma,0.010764454221752328,2.1402411435741784,2.1402411435741784,True,False
17452,28,theta,0.039311278813349816,-1.7238677415478534,1.7238677415478534,False,False
17452,29,mu,-0.01731854437530965,0.39570455698039614,0.39570455698039614,False,False
17452,29,sigma,0.03379726686257226,-0.38888175130897257,0.38888175130897257,False,False
17452,29,theta,-0.016722176676699327,0.40094932478642525,0.40094932478642525,False,False
17452,30,mu,-0.005307263623777692,0.04628641682966919,0.04628641682966919,False,False
17452,30,sigma,-0.013893224404946468,0.8957991642029663,0.8957991642029663,False,False
17452,30,theta,-0.005135590552414371,0.03577327374565467,0.03577327374565467,False,False
17452,31,mu,-0.016137435352549603,0.7272181635380021,0.7272181635380021,False,False
17452,31,sigma,0.02227070206189654,1.0736233651163027,1.0736233651163027,False,False
17452,31,theta,-0.016292749802210273,0.7133085629176337,0.7133085629176337,False,False
17452,32,mu,0.0026053782315474195,0.2909796591466533,0.2909796591466533,False,False
17452,32,sigma,-0.031187977247520444,0.43405316300718755,0.43405316300718755,False,False
17452,32,theta,0.0027515958162322987,0.2866793001750058,0.2866793001750058,False,False
17452,33,mu,0.006590610929293528,-1.0906171614987807,1.0906171614987807,False,False
17452,33,sigma,0.03600294313517935,-0.5486455615468944,0.5486455615468944,False,False
17452,33,theta,0.0061540022984542565,-1.0859843618258176,1.0859843618258176,False,False
17452,34,mu,-0.004516140350365869,-0.32796583504027277,0.32796583504027277,False,False
17452,34,sigma,-0.013338802695734057,0.6067280218317298,0.6067280218317298,False,False
17452,34,theta,-0.004478216258777566,-0.33503735386940675,0.33503735386940675,False,False
17452,35,mu,-0.027768517792430544,-0.21790011341446955,0.21790011341446955,False,False
17452,35,sigma,-0.01302516904474119,0.427719934744765,0.427719934744765,False,False
17452,35,theta,-0.0282131655189474,-0.22281299536407384,0.22281299536407384,False,False
19349,0,mu,0.010271671130445616,0.24069032496941245,0.24069032496941245,False,False
19349,0,sigma,0.036841145255975746,2.439469630077083,2.439469630077083,True,False
19349,0,theta,0.010480577262116906,0.20810701618397526,0.20810701618397526,False,False
19349,1,mu,-0.010433479951418224,-0.23417070641023383,0.23417070641023383,False,False
19349,1,sigma,-0.01613466767104925,-0.06763311172667483,0.06763311172667483,False,False
19349,1,theta,-0.010299321785668053,-0.23231447516686005,0.23231447516686005,False,False
19349,2,mu,0.007074827175728854,1.01711141986395,1.01711141986395,False,False
19349,2,sigma,0.03185043562085763,-0.648307431554007,0.648307431554007,False,False
19349,2,theta,0.007268729822690528,1.025740305511385,1.025740305511385,False,False
19349,3,mu,0.01296727025593416,-2.530481111261664,2.530481111261664,True,False
19349,3,sigma,0.00987266464781121,-1.0771801468160294,1.0771801468160294,False,False
19349,3,theta,0.013289704353843353,-2.5110673314319447,2.5110673314319447,True,False
19349,4,mu,0.028337525103738714,0.6931731255221094,0.6931731255221094,False,False
19349,4,sigma,-0.027123243859571603,-1.1455888507046008,1.1455888507046008,False,False
19349,4,theta,0.02852189131786799,0.7060928882918722,0.7060928882918722,False,False
19349,5,mu,0.03220645285480817,0.013687127258243299,0.013687127258243299,False,False
19349,5,sigma,-0.021995368703003147,1.7274979164733633,1.7274979164733633,False,False
19349,5,theta,0.032706395228812364,-0.0031889986491358126,0.0031889986491358126,False,False
19349,6,mu,-0.0038891646754081965,0.039196290925623795,0.039196290925623795,False,False
19349,6,sigma,0.03380391856582742,-0.38060989662284683,0.38060989662284683,False,False
19349,6,theta,-0.0034756705512670447,0.04370653457136485,0.04370653457136485,False,False
19349,7,mu,-0.013015558291052063,-0.8145269077328077,0.8145269077328077,False,False
19349,7,sigma,0.01716349488882973,-1.3666850382904754,1.3666850382904754,False,False
19349,7,theta,-0.01312763801984847,-0.8007124641199406,0.8007124641199406,False,False
19349,8,mu,-0.022087470650460437,0.7356608149734174,0.7356608149734174,False,False
19349,8,sigma,0.020646324475104137,-0.7087862493947287,0.7087862493947287,False,False
19349,8,theta,-0.02236050836639255,0.7417812594890382,0.7417812594890382,False,False
19349,9,mu,0.0010297508285288639,1.4959754702301957,1.4959754702301957,False,False
19349,9,sigma,-0.0038781833344734055,-1.3008581286381864,1.3008581286381864,False,False
19349,9,theta,0.0014160658971957797,1.5061582604012882,1.5061582604012882,False,False
19349,10,mu,0.01550336175315977,-1.1133115144091605,1.1133115144091605,False,False
19349,10,sigma,-0.0049674514758118295,0.09145728272871861,0.09145728272871861,False,False
19349,10,theta,0.015329288513702419,-1.1139783267115537,1.1139783267115537,False,False
19349,11,mu,-0.009814805838190891,-1.693036213736893,1.693036213736893,False,False
19349,11,sigma,-0.009493894306912335,-1.1164271514102386,1.1164271514102386,False,False
19349,11,theta,-0.009594449553907997,-1.679976635439855,1.679976635439855,False,False
19349,12,mu,-0.038127419840575404,0.641359581145795,0.641359581145795,False,False
19349,12,sigma,-0.009308474349399673,-0.017071614843588975,0.017071614843588975,False,False
19349,12,theta,-0.03779756612397751,0.6416811142580784,0.6416811142580784,False,False
19349,13,mu,-0.009212280386050405,-1.6333983438704192,1.6333983438704192,False,False
19349,13,sigma,0.013071278093371328,1.5451673085507884,1.5451673085507884,False,False
19349,13,theta,-0.009128056438642597,-1.6470382848329064,1.6470382848329064,False,False
19349,14,mu,0.017243255881050672,-0.07095983861373643,0.07095983861373643,False,False
19349,14,sigma,-0.00982967202612759,-0.38558980423028233,0.38558980423028233,False,False
19349,14,theta,0.017428724558059994,-0.06750496287071057,0.06750496287071057,False,False
19349,15,mu,-0.010757844024584639,-0.1503218019930962,0.1503218019930962,False,False
19349,15,sigma,-0.025663494475414547,0.34427395834165037,0.34427395834165037,False,False
19349,15,theta,-0.010185613709493863,-0.15392285435300943,0.15392285435300943,False,False
19349,16,mu,0.00492413276419856,-0.7189783771294651,0.7189783771294651,False,False
19349,16,sigma,0.015390883119777937,-1.7002162714255549,1.7002162714255549,False,False
19349,16,theta,0.004118151570979548,-0.7022562827598856,0.7022562827598856,False,False
19349,17,mu,0.01095514264439845,-0.5547849825088904,0.5547849825088904,False,False
19349,17,sigma,0.014719509514999422,0.49397735682624033,0.49397735682624033,False,False
19349,17,theta,0.010929673305991447,-0.5603597555325778,0.5603597555325778,False,False
19349,18,mu,-0.006088283957606044,-1.443670330405176,1.443670330405176,False,False
19349,18,sigma,-0.002227191410748276,-0.18467295000172454,0.18467295000172454,False,False
19349,18,theta,-0.006097957627093505,-1.4404785977936776,1.4404785977936776,False,False
19349,19,mu,0.018648543177863228,0.796491791914872,0.796491791914872,False,False
19349,19,sigma,0.0047545176109901645,-0.6234602794726709,0.6234602794726709,False,False
19349,19,theta,0.0189035341268209,0.80446770567201,0.80446770567201,False,False
19349,20,mu,-2.8862111409638418e-05,-1.4342484953125314,1.4342484953125314,False,False
19349,20,sigma,0.026826226016414285,-0.4039952013912096,0.4039952013912096,False,False
19349,20,theta,0.0002762119166278375,-1.4300869794405646,1.4300869794405646,False,False
19349,21,mu,-3.733542514687352e-05,0.23107605653667046,0.23107605653667046,False,False
19349,21,sigma,-0.01136262542623165,-1.2902619840134237,1.2902619840134237,False,False
19349,21,theta,0.0007546377429316497,0.2488662549515381,0.2488662549515381,False,False
19349,22,mu,0.002322388620952219,0.21830044973754764,0.21830044973754764,False,False
19349,22,sigma,0.02805171305425825,0.26203507358060374,0.26203507358060374,False,False
19349,22,theta,0.0021663442638762127,0.21119606803531632,0.21119606803531632,False,False
19349,23,mu,0.018915302293930666,1.1986158406697058,1.1986158406697058,False,False
19349,23,sigma,0.012084818270238652,0.12249054598349503,0.12249054598349503,False,False
19349,23,theta,0.019102183784027605,1.1983645527287259,1.1983645527287259,False,False
19349,24,mu,0.044490031120482214,-0.6297246745750368,0.6297246745750368,False,False
19349,24,sigma,-0.0020492054634744118,-0.4349075455136484,0.4349075455136484,False,False
19349,24,theta,0.044560748640957736,-0.6237132356139076,0.6237132356139076,False,False
19349,25,mu,0.04115082797627617,-1.2822109507371926,1.2822109507371926,False,False
19349,25,sigma,-0.049356672861013744,-0.20923121312499107,0.20923121312499107,False,False
19349,25,theta,0.040982321677255296,-1.2760481915736128,1.2760481915736128,False,False
19349,26,mu,-0.005761925775644365,0.887544999766161,0.887544999766161,False,False
19349,26,sigma,-0.013240220127618111,0.1546507336920281,0.1546507336920281,False,False
19349,26,theta,-0.0054823170974165085,0.8883735542704454,0.8883735542704454,False,False
19349,27,mu,-0.03464786227243537,-1.4255202403668263,1.4255202403668263,False,False
19349,27,sigma,0.0024427687276206574,-1.4309108921983216,1.4309108921983216,False,False
19349,27,theta,-0.03456667046195164,-1.4060709928067656,1.4060709928067656,False,False
19349,28,mu,0.040145728499320736,-1.6955432636564056,1.6955432636564056,False,False
19349,28,sigma,0.010764340236602561,2.1402478379048735,2.1402478379048735,True,False
19349,28,theta,0.03931126140958905,-1.7238701393697788,1.7238701393697788,False,False
19349,29,mu,-0.017536592048496873,0.3937412908266079,0.3937412908266079,False,False
19349,29,sigma,0.033797262235153475,-0.3888820386466739,0.3888820386466739,False,False
19349,29,theta,-0.016722099916232254,0.40094368747741954,0.40094368747741954,False,False
19349,30,mu,-0.005375043487465818,0.0504061341573313,0.0504061341573313,False,False
19349,30,sigma,-0.013893158224371125,0.8957929750670616,0.8957929750670616,False,False
19349,30,theta,-0.005135578906681142,0.0357750247548899,0.0357750247548899,False,False
19349,31,mu,-0.016064336771982116,0.7334325578284063,0.7334325578284063,False,False
19349,31,sigma,0.022271042503804208,1.0736239947010893,1.0736239947010893,False,False
19349,31,theta,-0.016292478051900837,0.7133190223513217,0.7133190223513217,False,False
19349,32,mu,0.0025321900315607936,0.2930340715932404,0.2930340715932404,False,False
19349,32,sigma,-0.031188066927263048,0.43406044575595915,0.43406044575595915,False,False
19349,32,theta,0.0027515275646886168,0.28668019140283635,0.28668019140283635,False,False
19349,33,mu,0.006892139232424289,-1.0937498734767919,1.0937498734767919,False,False
19349,33,sigma,0.0360028113279323,-0.5486535090652633,0.5486535090652633,False,False
19349,33,theta,0.006153947574988318,-1.0859893817583934,1.0859893817583934,False,False
19349,34,mu,-0.004546954718294304,-0.3223370642644503,0.3223370642644503,False,False
19349,34,sigma,-0.013339031741261446,0.6067230097251656,0.6067230097251656,False,False
19349,34,theta,-0.004478194982820271,-0.3350374799670937,0.3350374799670937,False,False
19349,35,mu,-0.027376482577608736,-0.2135606793126206,0.2135606793126206,False,False
19349,35,sigma,-0.013025664476797006,0.4277391146001373,0.4277391146001373,False,False
19349,35,theta,-0.028213149352141066,-0.22280745736767657,0.22280745736767657,False,False
201794,0,mu,0.010351976907256543,0.22801629682269925,0.22801629682269925,False,False
201794,0,sigma,0.03684131550943184,2.4394685751757605,2.4394685751757605,True,False
201794,0,theta,0.010480513463574287,0.208103899432346,0.208103899432346,False,False
201794,1,mu,-0.01038021538051977,-0.23343719640825564,0.23343719640825564,False,False
201794,1,sigma,-0.016134576148089833,-0.0676419013478461,0.0676419013478461,False,False
201794,1,theta,-0.010299357716553716,-0.23231273209153944,0.23231273209153944,False,False
201794,2,mu,0.007156740186429153,1.020835976601592,1.020835976601592,False,False
201794,2,sigma,0.031850559121163184,-0.6483092800106094,0.6483092800106094,False,False
201794,2,theta,0.007268543336048084,1.0257436249404859,1.0257436249404859,False,False
201794,3,mu,0.013112888173558719,-2.5217572121099647,2.5217572121099647,True,False
201794,3,sigma,0.009872578426398118,-1.07717734358674,1.07717734358674,False,False
201794,3,theta,0.013289486483805736,-2.511065029148768,2.511065029148768,True,False
201794,4,mu,0.028426405262900956,0.6992423500507423,0.6992423500507423,False,False
201794,4,sigma,-0.02712291391869383,-1.1455871039605245,1.1455871039605245,False,False
201794,4,theta,0.028522110485888867,0.7060899849138281,0.7060899849138281,False,False
201794,5,mu,0.03243841724017659,0.005916920544772274,0.005916920544772274,False,False
201794,5,sigma,-0.02199534997536637,1.727498087194735,1.727498087194735,False,False
201794,5,theta,0.032706512859540175,-0.0031913833134298384,0.0031913833134298384,False,False
201794,6,mu,-0.0037193333850478083,0.04106771720437592,0.04106771720437592,False,False
201794,6,sigma,0.03380391726304542,-0.38061399495692233,0.38061399495692233,False,False
201794,6,theta,-0.0034758444822923194,0.043709292363095106,0.043709292363095106,False,False
201794,7,mu,-0.013058501645476703,-0.8093376275160061,0.8093376275160061,False,False
201794,7,sigma,0.01716378409618996,-1.3666839324826368,1.3666839324826368,False,False
201794,7,theta,-0.013127609592741524,-0.800713647521431,0.800713647521431,False,False
201794,8,mu,-0.022168960127926275,0.7374765059805723,0.7374765059805723,False,False
201794,8,sigma,0.020646423498223418,-0.7087863962650799,0.7087863962650799,False,False
201794,8,theta,-0.022360481862566683,0.7417816789419001,0.7417816789419001,False,False
201794,9,mu,0.0011387228109268138,1.4988519774484792,1.4988519774484792,False,False
201794,9,sigma,-0.0038781084840975727,-1.3008538993505372,1.3008538993505372,False,False
201794,9,theta,0.0014161646265109186,1.5061545171707726,1.5061545171707726,False,False
201794,10,mu,0.015445236090514769,-1.1135445162940343,1.1135445162940343,False,False
201794,10,sigma,-0.0049675811596269805,0.0914585970585592,0.0914585970585592,False,False
201794,10,theta,0.015329194247005658,-1.1139759617019285,1.1139759617019285,False,False
201794,11,mu,-0.00974430548138492,-1.6888704876298641,1.6888704876298641,False,False
201794,11,sigma,-0.009493838611338215,-1.1164232375838425,1.1164232375838425,False,False
201794,11,theta,-0.009594503889336279,-1.6799768803741215,1.6799768803741215,False,False
201794,12,mu,-0.03803514447058921,0.641455292832616,0.641455292832616,False,False
201794,12,sigma,-0.009308446184230742,-0.017068567748124982,0.017068567748124982,False,False
201794,12,theta,-0.03779747291004549,0.6416789679363403,0.6416789679363403,False,False
201794,13,mu,-0.009187496238916843,-1.6375172942321947,1.6375172942321947,False,False
201794,13,sigma,0.013071306843685399,1.5451692447619987,1.5451692447619987,False,False
201794,13,theta,-0.009128014348089271,-1.647037920662832,1.647037920662832,False,False
201794,14,mu,0.017277939486695107,-0.07032193515562872,0.07032193515562872,False,False
201794,14,sigma,-0.009829674831023984,-0.385586569561942,0.385586569561942,False,False
201794,14,theta,0.017428662377764227,-0.06750617590451301,0.06750617590451301,False,False
201794,15,mu,-0.010636342270432348,-0.15108560887239672,0.15108560887239672,False,False
201794,15,sigma,-0.025663547579474644,0.3442759141367596,0.3442759141367596,False,False
201794,15,theta,-0.010185598908184813,-0.1539232141888414,0.1539232141888414,False,False
201794,16,mu,0.004714180357283512,-0.7146405341787718,0.7146405341787718,False,False
201794,16,sigma,0.015390925826167015,-1.7002168724521864,1.7002168724521864,False,False
201794,16,theta,0.004118139781010472,-0.7022514804887185,0.7022514804887185,False,False
201794,17,mu,0.010953584035079915,-0.5551178192041155,0.5551178192041155,False,False
201794,17,sigma,0.01471949570727034,0.4939784957480131,0.4939784957480131,False,False
201794,17,theta,0.010929685053105582,-0.5603591377667774,0.5603591377667774,False,False
201794,18,mu,-0.006089010799197625,-1.443437418601313,1.443437418601313,False,False
201794,18,sigma,-0.00222724254765618,-0.18467379813973164,0.18467379813973164,False,False
201794,18,theta,-0.006097899651897099,-1.440477956006876,1.440477956006876,False,False
201794,19,mu,0.01866632974571194,0.7970504588976141,0.7970504588976141,False,False
201794,19,sigma,0.004754540327995334,-0.6234620379536704,0.6234620379536704,False,False
201794,19,theta,0.01890354054279101,0.8044693784925607,0.8044693784925607,False,False
201794,20,mu,7.85869277640611e-06,-1.4337596662098102,1.4337596662098102,False,False
201794,20,sigma,0.02682617118751641,-0.40399333336962995,0.40399333336962995,False,False
201794,20,theta,0.0002762842871629388,-1.4300843097898954,1.4300843097898954,False,False
201794,21,mu,6.557411658726933e-05,0.2333899597426827,0.2333899597426827,False,False
201794,21,sigma,-0.011362661743409181,-1.290258915357065,1.290258915357065,False,False
201794,21,theta,0.0007546378787781737,0.2488690123697799,0.2488690123697799,False,False
201794,22,mu,0.002288387964670954,0.216798624431155,0.216798624431155,False,False
201794,22,sigma,0.02805125532107124,0.2620288149691916,0.2620288149691916,False,False
201794,22,theta,0.002166426101672018,0.21119192055995542,0.21119192055995542,False,False
201794,23,mu,0.018953196829197265,1.198581654783437,1.198581654783437,False,False
201794,23,sigma,0.01208487181295632,0.12249422244424964,0.12249422244424964,False,False
201794,23,theta,0.019102103962332195,1.1983588514126737,1.1983588514126737,False,False
201794,24,mu,0.04450747068163197,-0.6284639221523491,0.6284639221523491,False,False
201794,24,sigma,-0.002049134381787054,-0.43491694480038096,0.43491694480038096,False,False
201794,24,theta,0.04456079886179235,-0.6237184071513647,0.6237184071513647,False,False
201794,25,mu,0.041087617600587656,-1.279706172495357,1.279706172495357,False,False
201794,25,sigma,-0.049356702005149106,-0.2092359116755138,0.2092359116755138,False,False
201794,25,theta,0.04098243561602784,-1.2760489949771032,1.2760489949771032,False,False
201794,26,mu,-0.005756772354543969,0.8875622286486614,0.8875622286486614,False,False
201794,26,sigma,-0.01324022224825114,0.1546508859075398,0.1546508859075398,False,False
201794,26,theta,-0.005482325012505437,0.8883736052943273,0.8883736052943273,False,False
201794,27,mu,-0.03464616183501234,-1.4250544729266965,1.4250544729266965,False,False
201794,27,sigma,0.002442740434051145,-1.4309103139991446,1.4309103139991446,False,False
201794,27,theta,-0.03456667663005553,-1.406070627871654,1.406070627871654,False,False
201794,28,mu,0.04014810616288147,-1.6954615442408292,1.6954615442408292,False,False
201794,28,sigma,0.010764338808900136,2.1402479217543493,2.1402479217543493,True,False
201794,28,theta,0.03931126119153515,-1.7238701694032745,1.7238701694032745,False,False
201794,29,mu,-0.017534621355748296,0.39375914138625656,0.39375914138625656,False,False
201794,29,sigma,0.033797262283651784,-0.38888203563502083,0.38888203563502083,False,False
201794,29,theta,-0.016722100720888946,0.40094374657192716,0.40094374657192716,False,False
201794,30,mu,-0.005380420867491039,0.050732217049451966,0.050732217049451966,False,False
201794,30,sigma,-0.013893152063901551,0.8957923989985068,0.8957923989985068,False,False
201794,30,theta,-0.005135577822944265,0.035775187732900726,0.035775187732900726,False,False
201794,31,mu,-0.01606297086785839,0.7335468681235494,0.7335468681235494,False,False
201794,31,sigma,0.022271049948517023,1.0736240084693789,1.0736240084693789,False,False
201794,31,theta,-0.01629247210910894,0.7133192510782066,0.7133192510782066,False,False
201794,32,mu,0.0025355022266493592,0.29294238738847383,0.29294238738847383,False,False
201794,32,sigma,-0.031188062180027717,0.4340600602181946,0.4340600602181946,False,False
201794,32,theta,0.002751531177702353,0.2866801442282413,0.2866801442282413,False,False
201794,33,mu,0.0069546715959779475,-1.0943926617488093,1.0943926617488093,False,False
201794,33,sigma,0.036002775704325314,-0.5486556569784846,0.5486556569784846,False,False
201794,33,theta,0.006153932785359992,-1.0859907384281746,1.0859907384281746,False,False
201794,34,mu,-0.0045298192785480215,-0.3254546228204634,0.3254546228204634,False,False
201794,34,sigma,-0.013338888969133671,0.6067261339623696,0.6067261339623696,False,False
201794,34,theta,-0.004478208244838402,-0.33503740136234283,0.33503740136234283,False,False
201794,35,mu,-0.027634275343805515,-0.2164148482290282,0.2164148482290282,False,False
201794,35,sigma,-0.013025304876301842,0.4277251931317591,0.4277251931317591,False,False
201794,35,theta,-0.028213161086801653,-0.2228114770330246,0.2228114770330246,False,False
220940,0,mu,0.01028736130123009,0.23819966871163473,0.23819966871163473,False,False
220940,0,sigma,0.036841185225099625,2.4394693824178986,2.4394693824178986,True,False
220940,0,theta,0.010480562284674505,0.20810628448572407,0.20810628448572407,False,False
220940,1,mu,-0.010417406776449022,-0.2339500332186598,0.2339500332186598,False,False
220940,1,sigma,-0.016134635328544124,-0.06763621774658397,0.06763621774658397,False,False
220940,1,theta,-0.010299334482314943,-0.23231385920463204,0.23231385920463204,False,False
220940,2,mu,0.007092317256619092,1.0179159138064775,1.0179159138064775,False,False
220940,2,sigma,0.031850467858093555,-0.6483079140635721,0.6483079140635721,False,False
220940,2,theta,0.007268681144015299,1.0257411719794698,1.0257411719794698,False,False
220940,3,mu,0.012997053136149149,-2.5287040223830806,2.5287040223830806,True,False
220940,3,sigma,0.009872642925856276,-1.0771794405810198,1.0771794405810198,False,False
220940,3,theta,0.013289649463882404,-2.511066751407474,2.511066751407474,True,False
220940,4,mu,0.028364718194627814,0.6950033140382998,0.6950033140382998,False,False
220940,4,sigma,-0.027123123070685404,-1.145588211220179,1.145588211220179,False,False
220940,4,theta,0.02852197155387939,0.7060918253907574,0.7060918253907574,False,False
220940,5,mu,0.03227142030628962,0.011520869107967737,0.011520869107967737,False,False
220940,5,sigma,-0.021995362355214113,1.72749797433391,1.72749797433391,False,False
220940,5,theta,0.03270643509926184,-0.003189806902588044,0.003189806902588044,False,False
220940,6,mu,-0.0038325018642675675,0.03982322850221405,0.03982322850221405,False,False
220940,6,sigma,0.03380391805406525,-0.38061150729834,0.38061150729834,False,False
220940,6,theta,-0.00347573890728846,0.04370761840070917,0.04370761840070917,False,False
220940,7,mu,-0.013033831976662193,-0.8123338888165849,0.8123338888165849,False,False
220940,7,sigma,0.01716363356540194,-1.3666845080542276,1.3666845080542276,False,False
220940,7,theta,-0.013127624389156977,-0.800713031562391,0.800713031562391,False,False
220940,8,mu,-0.02214431454709911,0.7369263614970807,0.7369263614970807,False,False
220940,8,sigma,0.020646397073810455,-0.7087863570719397,0.7087863570719397,False,False
220940,8,theta,-0.02236048893508114,0.7417815670099132,0.7417815670099132,False,False
220940,9,mu,0.0011372795711601558,1.4988139213479124,1.4988139213479124,False,False
220940,9,sigma,-0.003878109315428716,-1.300853946323809,1.300853946323809,False,False
220940,9,theta,0.0014161635299665253,1.506154558745423,1.506154558745423,False,False
220940,10,mu,0.015438068224583637,-1.1135724054626286,1.1135724054626286,False,False
220940,10,sigma,-0.004967593459685993,0.09145872172011776,0.09145872172011776,False,False
220940,10,theta,0.015329185306191997,-1.1139757373887154,1.1139757373887154,False,False
220940,11,mu,-0.009728339606628798,-1.6879252377473613,1.6879252377473613,False,False
220940,11,sigma,-0.009493828951476989,-1.116422558759778,1.116422558759778,False,False
220940,11,theta,-0.009594513313324405,-1.6799769228563899,1.6799769228563899,False,False
220940,12,mu,-0.038006715307237725,0.6414836625940046,0.6414836625940046,False,False
220940,12,sigma,-0.00930843939033484,-0.017067832729797235,0.017067832729797235,False,False
220940,12,theta,-0.037797450425023776,0.6416784502031289,0.6416784502031289,False,False
220940,13,mu,-0.00917817865781074,-1.6390413354771658,1.6390413354771658,False,False
220940,13,sigma,0.013071314922979093,1.5451697888952063,1.5451697888952063,False,False
220940,13,theta,-0.009128002519350082,-1.6470378183254863,1.6470378183254863,False,False
220940,14,mu,0.017326339406294414,-0.06942560916098793,0.06942560916098793,False,False
220940,14,sigma,-0.009829677805083262,-0.38558314006369565,0.38558314006369565,False,False
220940,14,theta,0.017428596452290224,-0.06750746199832773,0.06750746199832773,False,False
220940,15,mu,-0.010494218344650742,-0.15197969606059264,0.15197969606059264,False,False
220940,15,sigma,-0.025663593811895914,0.34427761682052793,0.34427761682052793,False,False
220940,15,theta,-0.01018558602234719,-0.1539235274528597,0.1539235274528597,False,False
220940,16,mu,0.004579673289269143,-0.7118538665928282,0.7118538665928282,False,False
220940,16,sigma,0.015390946506144998,-1.700217163477061,1.700217163477061,False,False
220940,16,theta,0.004118134071733444,-0.7022491550444554,0.7022491550444554,False,False
220940,17,mu,0.010949343253725258,-0.5560292598621379,0.5560292598621379,False,False
220940,17,sigma,0.014719462169856075,0.4939812620698163,0.4939812620698163,False,False
220940,17,theta,0.010929713585647085,-0.5603576372913963,0.5603576372913963,False,False
220940,18,mu,-0.00609079569586019,-1.4428533808142192,1.4428533808142192,False,False
220940,18,sigma,-0.0022273514636085923,-0.18467560456550883,0.18467560456550883,False,False
220940,18,theta,-0.006097776172329553,-1.4404765890379876,1.4404765890379876,False,False
220940,19,mu,0.018715246372031088,0.7985856972295156,0.7985856972295156,False,False
220940,19,sigma,0.004754594550766057,-0.6234662351755264,0.6234662351755264,False,False
220940,19,theta,0.018903555855881597,0.8044733712443592,0.8044733712443592,False,False
220940,20,mu,7.089863206353218e-05,-1.4329120445872001,1.4329120445872001,False,False
220940,20,sigma,0.026826094217558855,-0.403990710991844,0.403990710991844,False,False
220940,20,theta,0.00027638588297708205,-1.4300805621208779,1.4300805621208779,False,False
220940,21,mu,0.00024520869261748297,0.23742829250905748,0.23742829250905748,False,False
220940,21,sigma,-0.011362713144015723,-1.2902545719884513,1.2902545719884513,False,False
220940,21,theta,0.000754638070208489,0.24887291514005233,0.24887291514005233,False,False
220940,22,mu,0.0022630030079661117,0.21565989887460196,0.21565989887460196,False,False
220940,22,sigma,0.02805098023411807,0.2620250537289726,0.2620250537289726,False,False
220940,22,theta,0.0021664752833684665,0.21118942797503165,0.21118942797503165,False,False
220940,23,mu,0.018986326659934945,1.198543506434818,1.198543506434818,False,False
220940,23,sigma,0.012084908914489352,0.12249677000787215,0.12249677000787215,False,False
220940,23,theta,0.019102048651019752,1.1983549007423384,1.1983549007423384,False,False
220940,24,mu,0.04452238365743695,-0.6272953467242902,0.6272953467242902,False,False
220940,24,sigma,-0.002049084279605721,-0.4349235704962639,0.4349235704962639,False,False
220940,24,theta,0.04456083425961358,-0.6237220526497035,0.6237220526497035,False,False
220940,25,mu,0.04104573420980066,-1.2781867987608202,1.2781867987608202,False,False
220940,25,sigma,-0.04935671220486742,-0.2092375560184195,0.2092375560184195,False,False
220940,25,theta,0.040982475490303136,-1.2760492760603366,1.2760492760603366,False,False
220940,26,mu,-0.005573553314746272,0.8881281218914432,0.8881281218914432,False,False
220940,26,sigma,-0.013240272347426347,0.15465448077761462,0.15465448077761462,False,False
220940,26,theta,-0.005482511940831223,0.8883748102746407,0.8883748102746407,False,False
220940,27,mu,-0.0345950535022326,-1.4123144304762223,1.4123144304762223,False,False
220940,27,sigma,0.0024422363996633263,-1.4309000133012209,1.4309000133012209,False,False
220940,27,theta,-0.034566786511782785,-1.4060641268637974,1.4060641268637974,False,False
220940,28,mu,0.03957021616117717,-1.71515153994877,1.71515153994877,False,False
220940,28,sigma,0.010764564680720642,2.1402346564456622,2.1402346564456622,True,False
220940,28,theta,0.039311295668797895,-1.7238654178983865,1.7238654178983865,False,False
220940,29,mu,-0.01698654456529732,0.39864910056311254,0.39864910056311254,False,False
220940,29,sigma,0.033797271101063134,-0.3888814881538155,0.3888814881538155,False,False
220940,29,theta,-0.01672224695863168,0.4009544862578387,0.4009544862578387,False,False
220940,30,mu,-0.0052206095609131165,0.040993264923841546,0.040993264923841546,False,False
220940,30,sigma,-0.013893277685112245,0.8958041476472542,0.8958041476472542,False,False
220940,30,theta,-0.005135599932576639,0.03577186382725743,0.03577186382725743,False,False
220940,31,mu,-0.01621213137663202,0.7206596806954662,0.7206596806954662,False,False
220940,31,sigma,0.022270478710143118,1.0736229521009177,1.0736229521009177,False,False
220940,31,theta,-0.016292928077521703,0.7133017009627657,0.7133017009627657,False,False
220940,32,mu,0.002674782327284528,0.2889732150624622,0.2889732150624622,False,False
220940,32,sigma,-0.031187923235222546,0.4340487771844634,0.4340487771844634,False,False
220940,32,theta,0.0027516369210421826,0.2866787633500536,0.2866787633500536,False,False
220940,33,mu,0.006446109104026586,-1.0890960883472631,1.0890960883472631,False,False
220940,33,sigma,0.03600298259521374,-0.5486431821688628,0.5486431821688628,False,False
220940,33,theta,0.00615401868196793,-1.0859828588953084,1.0859828588953084,False,False
220940,34,mu,-0.0045054281694584045,-0.32994687339018647,0.32994687339018647,False,False
220940,34,sigma,-0.013338752845340633,0.6067291126699186,0.6067291126699186,False,False
220940,34,theta,-0.0044782208894010795,-0.33503732642909617,0.33503732642909617,False,False
220940,35,mu,-0.027911022237915955,-0.21947606630075897,0.21947606630075897,False,False
220940,35,sigma,-0.013025063606392067,0.4277158530156905,0.4277158530156905,False,False
220940,35,theta,-0.028213168959228804,-0.22281417395342482,0.22281417395342482,False,False
221244,0,mu,0.010159445506395552,0.2587178859189672,0.2587178859189672,False,False
221244,0,sigma,0.03684076075850417,2.439472012772592,2.439472012772592,True,False
221244,0,theta,0.010480721341115494,0.20811405508010497,0.20811405508010497,False,False
221244,1,mu,-0.01052188337653222,-0.23537411524317678,0.23537411524317678,False,False
221244,1,sigma,-0.016134917892354973,-0.06760908418073636,0.06760908418073636,False,False
221244,1,theta,-0.010299223580953334,-0.23231924032833337,0.23231924032833337,False,False
221244,2,mu,0.006951948088558025,1.0113111387391747,1.0113111387391747,False,False
221244,2,sigma,0.03185011502263516,-0.6483026327174276,0.6483026327174276,False,False
221244,2,theta,0.007269213935884269,1.0257316885608523,1.0257316885608523,False,False
221244,3,mu,0.012823048885113522,-2.5390343879621646,2.5390343879621646,True,False
221244,3,sigma,0.009872799521985116,-1.0771845320806712,1.0771845320806712,False,False
221244,3,theta,0.01329004519425211,-2.5110709329487575,2.5110709329487575,True,False
221244,4,mu,0.028235808807880156,0.6865181223278003,0.6865181223278003,False,False
221244,4,sigma,-0.027123837770306015,-1.145591995249577,1.145591995249577,False,False
221244,4,theta,0.028521496798841035,0.7060981144394993,0.7060981144394993,False,False
221244,5,mu,0.03182106963097469,0.02638397147218318,0.02638397147218318,False,False
221244,5,sigma,-0.021995423438566957,1.727497417808643,1.727497417808643,False,False
221244,5,theta,0.03270605147062054,-0.0031820307792522267,0.0031820307792522267,False,False
221244,6,mu,-0.0041910461476760506,0.03581164539618572,0.03581164539618572,False,False
221244,6,sigma,0.03380392262682796,-0.3805970804157119,0.3805970804157119,False,False
221244,6,theta,-0.003475126646946737,0.043697910645513344,0.043697910645513344,False,False
221244,7,mu,-0.012912293769327484,-0.8265275414224741,0.8265275414224741,False,False
221244,7,sigma,0.01716230589719175,-1.3666895840879045,1.3666895840879045,False,False
221244,7,theta,-0.013127754867056673,-0.8007075993553058,0.8007075993553058,False,False
221244,8,mu,-0.02179055437535482,0.7291223023503569,0.7291223023503569,False,False
221244,8,sigma,0.020645692100342856,-0.7087853116278854,0.7087853116278854,False,False
221244,8,theta,-0.022360677636957732,0.7417785809507703,0.7417785809507703,False,False
221244,9,mu,0.0006603908910935352,1.4861780997570322,1.4861780997570322,False,False
221244,9,sigma,-0.0038786185926109815,-1.3008827208811937,1.3008827208811937,False,False
221244,9,theta,0.0014154917818921147,1.506180026779642,1.506180026779642,False,False
221244,10,mu,0.01566956061423488,-1.1125755132586808,1.1125755132586808,False,False
221244,10,sigma,-0.004966775797437312,0.09145043540277586,0.09145043540277586,False,False
221244,10,theta,0.015329779678931316,-1.1139906487953388,1.1139906487953388,False,False
221244,11,mu,-0.01002824885630473,-1.7055676912607427,1.7055676912607427,False,False
221244,11,sigma,-0.009494192974960706,-1.1164481379060316,1.1164481379060316,False,False
221244,11,theta,-0.00959415818487753,-1.679975322107737,1.679975322107737,False,False
221244,12,mu,-0.03844975377831426,0.6409804328483529,0.6409804328483529,False,False
221244,12,sigma,-0.009308648159213884,-0.01709041735895291,0.01709041735895291,False,False
221244,12,theta,-0.03779814131003,0.641694358580549,0.641694358580549,False,False
221244,13,mu,-0.009276291735330747,-1.6222846062357819,1.6222846062357819,False,False
221244,13,sigma,0.013071150934537902,1.5451587467569736,1.5451587467569736,False,False
221244,13,theta,-0.009128242557824144,-1.6470398955229684,1.6470398955229684,False,False
221244,14,mu,0.017079408910549414,-0.07392574160211712,0.07392574160211712,False,False
221244,14,sigma,-0.009829651452241807,-0.38561353755622396,0.38561353755622396,False,False
221244,14,theta,0.01742918078727754,-0.06749606253939874,0.06749606253939874,False,False
221244,15,mu,-0.011213086691208542,-0.14746427787972258,0.14746427787972258,False,False
221244,15,sigma,-0.02566318524282005,0.34426256867403177,0.34426256867403177,False,False
221244,15,theta,-0.010185699904272651,-0.1539207587514971,0.1539207587514971,False,False
221244,16,mu,0.005498049764255513,-0.7307638258514495,0.7307638258514495,False,False
221244,16,sigma,0.015390701956138087,-1.7002137213932995,1.7002137213932995,False,False
221244,16,theta,0.004118201580326967,-0.7022766540098823,0.7022766540098823,False,False
221244,17,mu,0.01097866781448612,-0.5498901526413078,0.5498901526413078,False,False
221244,17,sigma,0.014719807475861534,0.4939527802616522,0.4939527802616522,False,False
221244,17,theta,0.010929419819217244,-0.5603730869403525,0.5603730869403525,False,False
221244,18,mu,-0.006078239124756131,-1.446615855586108,1.446615855586108,False,False
221244,18,sigma,-0.002226105806962078,-0.18465494357193435,0.18465494357193435,False,False
221244,18,theta,-0.006099188487066821,-1.4404922201057508,1.4404922201057508,False,False
221244,19,mu,0.018378808149241154,0.7879903873788975,0.7879903873788975,False,False
221244,19,sigma,0.004753981991437753,-0.6234188137287477,0.6234188137287477,False,False
221244,19,theta,0.0189033827755233,0.804428259001588,0.804428259001588,False,False
221244,20,mu,-0.0002774306472495456,-1.4374587592100116,1.4374587592100116,False,False
221244,20,sigma,0.026826800825002384,-0.404014784780271,0.404014784780271,False,False
221244,20,theta,0.0002754532263413421,-1.4301149687227959,1.4301149687227959,False,False
221244,21,mu,-0.0007312628842602983,0.21546170205790877,0.21546170205790877,False,False
221244,21,sigma,-0.011362250960679743,-1.2902936172640118,1.2902936172640118,False,False
221244,21,theta,0.0007546363137030154,0.24883782762509324,0.24883782762509324,False,False
221244,22,mu,0.0024669851983171046,0.22441765915702958,0.22441765915702958,False,False
221244,22,sigma,0.028054692983396343,0.26207582030329907,0.26207582030329907,False,False
221244,22,theta,0.0021658114383310916,0.21122306638473726,0.21122306638473726,False,False
221244,23,mu,0.018754902082243615,1.1986513445382911,1.1986513445382911,False,False
221244,23,sigma,0.012084463429531471,0.12246618210206246,0.12246618210206246,False,False
221244,23,theta,0.019102712773338214,1.1984023350890225,1.1984023350890225,False,False
221244,24,mu,0.044408285371941844,-0.6346061574689337,0.6346061574689337,False,False
221244,24,sigma,-0.0020496600107039018,-0.4348474623479541,0.4348474623479541,False,False
221244,24,theta,0.04456042747277921,-0.6236801777427449,0.6236801777427449,False,False
221244,25,mu,0.04122936029835359,-1.2858739706184683,1.2858739706184683,False,False
221244,25,sigma,-0.04935660094243306,-0.20921961799268207,0.20921961799268207,False,False
221244,25,theta,0.040982040485931515,-1.2760462074337675,1.2760462074337675,False,False
221244,26,mu,-0.005876343186936574,0.8871442955394083,0.8871442955394083,False,False
221244,26,sigma,-0.013240163200062247,0.15464664602785863,0.15464664602785863,False,False
221244,26,theta,-0.005482104539265894,0.8883721839882389,0.8883721839882389,False,False
221244,27,mu,-0.034676668282018104,-1.4339902401867513,1.4339902401867513,False,False
221244,27,sigma,0.002443407215886147,-1.430923939526524,1.430923939526524,False,False
221244,27,theta,-0.03456653126967339,-1.406079228308766,1.406079228308766,False,False
221244,28,mu,0.040639310195090275,-1.6784484907579449,1.6784484907579449,False,False
221244,28,sigma,0.010763953545776653,2.1402705490576186,2.1402705490576186,True,False
221244,28,theta,0.039311202290445824,-1.7238782738600051,1.7238782738600051,False,False
221244,29,mu,-0.01806108874234094,0.38891886275677034,0.38891886275677034,False,False
221244,29,sigma,0.033797244878973856,-0.3888831166992815,0.3888831166992815,False,False
221244,29,theta,-0.016721811734728517,0.40092252281955004,0.40092252281955004,False,False
221244,30,mu,-0.005521907411675519,0.059272708751664856,0.059272708751664856,False,False
221244,30,sigma,-0.013892942650256536,0.8957728218709532,0.8957728218709532,False,False
221244,30,theta,-0.00513554101523249,0.03578072624415827,0.03578072624415827,False,False
221244,31,mu,-0.015913095456525535,0.7457177912962094,0.7457177912962094,False,False
221244,31,sigma,0.022272089573289047,1.0736259314409382,1.0736259314409382,False,False
221244,31,theta,-0.016291642132236592,0.7133511927958339,0.7133511927958339,False,False
221244,32,mu,0.0024061603170289258,0.2964382384941388,0.2964382384941388,False,False
221244,32,sigma,-0.03118829277338727,0.43407879030632057,0.43407879030632057,False,False
221244,32,theta,0.00275135566677839,0.28668243531947135,0.28668243531947135,False,False
221244,33,mu,0.007419001239039195,-1.0990932687306791,1.0990932687306791,False,False
221244,33,sigma,0.03600242353186063,-0.5486768895763441,0.5486768895763441,False,False
221244,33,theta,0.006153786587782466,-1.086004148772909,1.086004148772909,False,False
221244,34,mu,-0.004603151542969261,-0.3123177704349512,0.3123177704349512,False,False
221244,34,sigma,-0.013339754591641547,0.6067071910570644,0.6067071910570644,False,False
221244,34,theta,-0.004478127839396112,-0.33503787812478864,0.33503787812478864,False,False
221244,35,mu,-0.026861467521203632,-0.20785048419547472,0.20785048419547472,False,False
221244,35,sigma,-0.013026768271020294,0.42778185031720184,0.42778185031720184,False,False
221244,35,theta,-0.02821311332354212,-0.2227951186774256,0.2227951186774256,False,False
221616,0,mu,0.010274016490905652,0.24031757043765606,0.24031757043765606,False,False
221616,0,sigma,0.036841151440679155,2.439469591754707,2.439469591754707,True,False
221616,0,theta,0.010480574944554458,0.20810690296308537,0.20810690296308537,False,False
221616,1,mu,-0.010434405162556986,-0.23418339127518714,0.23418339127518714,False,False
221616,1,sigma,-0.016134669656618205,-0.06763292104457286,0.06763292104457286,False,False
221616,1,theta,-0.01029932100621974,-0.23231451298168665,0.23231451298168665,False,False
221616,2,mu,0.00706997276903905,1.0168872249344942,1.0168872249344942,False,False
221616,2,sigma,0.03185042609748174,-0.648307289012223,0.648307289012223,False,False
221616,2,theta,0.007268744203139879,1.0257400495435258,1.0257400495435258,False,False
221616,3,mu,0.012965386256149892,-2.5305934018774145,2.5305934018774145,True,False
221616,3,sigma,0.009872666092522586,-1.0771801937874588,1.0771801937874588,False,False
221616,3,theta,0.013289708004569772,-2.511067370009072,2.511067370009072,True,False
221616,4,mu,0.028340971202309852,0.6934038101527628,0.6934038101527628,False,False
221616,4,sigma,-0.027123227622954316,-1.1455887647431646,1.1455887647431646,False,False
221616,4,theta,0.028521902103325055,0.7060927454154232,0.7060927454154232,False,False
221616,5,mu,0.0322231535834057,0.013130993423411869,0.013130993423411869,False,False
221616,5,sigma,-0.021995366990230913,1.727497932084729,1.727497932084729,False,False
221616,5,theta,0.03270640598664614,-0.003189216729974948,0.003189216729974948,False,False
221616,6,mu,-0.003856055755735481,0.039562933088791934,0.039562933088791934,False,False
221616,6,sigma,0.033803918257350636,-0.3806108676130062,0.3806108676130062,False,False
221616,6,theta,-0.0034757117594339726,0.043707187953645914,0.043707187953645914,False,False
221616,7,mu,-0.013027674603522008,-0.8130753035907529,0.8130753035907529,False,False
221616,7,sigma,0.017163589381861848,-1.3666846769929708,1.3666846769929708,False,False
221616,7,theta,-0.013127628732065223,-0.8007128507693219,0.8007128507693219,False,False
221616,8,mu,-0.022118588746993205,0.736353041455373,0.736353041455373,False,False
221616,8,sigma,0.02064636621981649,-0.7087863113093235,0.7087863113093235,False,False
221616,8,theta,-0.022360497193228433,0.7417814363150758,0.7417814363150758,False,False
221616,9,mu,0.0010698040485367698,1.4970334726779493,1.4970334726779493,False,False
221616,9,sigma,-0.0038781529782644353,-1.3008564134220888,1.3008564134220888,False,False
221616,9,theta,0.0014161059377131213,1.506156742306255,1.506156742306255,False,False
221616,10,mu,0.015475719169897267,-1.1134238504535605,1.1134238504535605,False,False
221616,10,sigma,-0.0049675198343189265,0.09145797552940545,0.09145797552940545,False,False
221616,10,theta,0.015329238824019162,-1.1139770800760973,1.1139770800760973,False,False
221616,11,mu,-0.009775963134661805,-1.6907427268462545,1.6907427268462545,False,False
221616,11,sigma,-0.009493860989272188,-1.116424810130942,1.116424810130942,False,False
221616,11,theta,-0.009594482057858782,-1.6799767819610234,1.6799767819610234,False,False
221616,12,mu,-0.038078095821409745,0.6414114353842955,0.6414114353842955,False,False
221616,12,sigma,-0.009308458126313618,-0.017069859729816325,0.017069859729816325,False,False
221616,12,theta,-0.037797512433173926,0.6416798779852111,0.6416798779852111,False,False
221616,13,mu,-0.009200418258386566,-1.6353817651743856,1.6353817651743856,False,False
221616,13,sigma,0.013071293193432696,1.5451683254567559,1.5451683254567559,False,False
221616,13,theta,-0.009128034332538016,-1.6470380935656164,1.6470380935656164,False,False
221616,14,mu,0.017276349273249975,-0.07035126223568418,0.07035126223568418,False,False
221616,14,sigma,-0.009829674714629233,-0.3855867037863546,0.3855867037863546,False,False
221616,14,theta,0.017428664957969308,-0.06750612556905668,0.06750612556905668,False,False
221616,15,mu,-0.010640094319236307,-0.1510620145486395,0.1510620145486395,False,False
221616,15,sigma,-0.02566354612653,0.34427586062607834,0.34427586062607834,False,False
221616,15,theta,-0.01018559931315043,-0.15392320434376863,0.15392320434376863,False,False
221616,16,mu,0.00472817280948688,-0.7149300819184656,0.7149300819184656,False,False
221616,16,sigma,0.015390923374850481,-1.7002168379547489,1.7002168379547489,False,False
221616,16,theta,0.004118140457757458,-0.7022517561365076,0.7022517561365076,False,False
221616,17,mu,0.010955167960438826,-0.5547795856880786,0.5547795856880786,False,False
221616,17,sigma,0.014719509745742789,0.4939773377934803,0.4939773377934803,False,False
221616,17,theta,0.01092967310968362,-0.560359765856189,0.560359765856189,False,False
221616,18,mu,-0.006088858284178403,-1.443486524592518,1.443486524592518,False,False
221616,18,sigma,-0.0022272321398416426,-0.18467362551991467,0.18467362551991467,False,False
221616,18,theta,-0.006097911451469021,-1.440478086629563,1.440478086629563,False,False
221616,19,mu,0.018660962821518915,0.7968819112974099,0.7968819112974099,False,False
221616,19,sigma,0.004754533641239695,-0.623461520345978,0.623461520345978,False,False
221616,19,theta,0.018903538654276013,0.8044688860992586,0.8044688860992586,False,False
221616,20,mu,1.1052001721764514e-05,-1.4337169848021174,1.4337169848021174,False,False
221616,20,sigma,0.02682616677018418,-0.403993182870854,0.403993182870854,False,False
221616,20,theta,0.00027629011776448095,-1.4300840947085427,1.4300840947085427,False,False
221616,21,mu,-0.00042535051033615567,0.22234803145025828,0.22234803145025828,False,False
221616,21,sigma,-0.011362443745043395,-1.2902773333927058,1.2902773333927058,False,False
221616,21,theta,0.0007546370559971921,0.24885246174412654,0.24885246174412654,False,False
221616,22,mu,0.0023980337656564366,0.221552191316182,0.221552191316182,False,False
221616,22,sigma,0.02805307410720644,0.26205368381333677,0.26205368381333677,False,False
221616,22,theta,0.002166100911032663,0.2112083997991337,0.2112083997991337,False,False
221616,23,mu,0.018828726578613026,1.1986566873142164,1.1986566873142164,False,False
221616,23,sigma,0.012084652186764985,0.12247914224949541,0.12247914224949541,False,False
221616,23,theta,0.019102431379757045,1.1983822371509623,1.1983822371509623,False,False
221616,24,mu,0.04445157673639893,-0.6321961577691261,0.6321961577691261,False,False
221616,24,sigma,-0.0020493986123854605,-0.4348820098427995,0.4348820098427995,False,False
221616,24,theta,0.044560612172529074,-0.6236991857962214,0.6236991857962214,False,False
221616,25,mu,0.04118553419980613,-1.2837331301973745,1.2837331301973745,False,False
221616,25,sigma,-0.049356647333670844,-0.20922709755330693,0.20922709755330693,False,False
221616,25,theta,0.04098222187327707,-1.2760474875669432,1.2760474875669432,False,False
221616,26,mu,-0.005834428852358926,0.8872951075394295,0.8872951075394295,False,False
221616,26,sigma,-0.01324018623080135,0.15464830009065209,0.15464830009065209,False,False
221616,26,theta,-0.005482190551018414,0.8883727384842285,0.8883727384842285,False,False
221616,27,mu,-0.034664810531676755,-1.4303583260903532,1.4303583260903532,False,False
221616,27,sigma,0.002443104504961952,-1.4309177538647193,1.4309177538647193,False,False
221616,27,theta,-0.03456659726139438,-1.4060753237684769,1.4060753237684769,False,False
221616,28,mu,0.04040925052017651,-1.6864493859019134,1.6864493859019134,False,False
221616,28,sigma,0.010764156493829146,2.1402586293328616,2.1402586293328616,True,False
221616,28,theta,0.03931123333303509,-1.7238740046200884,1.7238740046200884,False,False
221616,29,mu,-0.017052952695423892,0.39806435197923395,0.39806435197923395,False,False
221616,29,sigma,0.033797270519714505,-0.3888815242461695,0.3888815242461695,False,False
221616,29,theta,-0.016722237320331082,0.40095377842862506,0.40095377842862506,False,False
221616,30,mu,-0.0052363744608859165,0.041958467183876434,0.041958467183876434,False,False
221616,30,sigma,-0.013893270635992572,0.8958034882852578,0.8958034882852578,False,False
221616,30,theta,-0.005135598691323539,0.03577205037525153,0.03577205037525153,False,False
221616,31,mu,-0.01619952628086744,0.7217820124983375,0.7217820124983375,False,False
221616,31,sigma,0.022270507095180456,1.0736230045882384,1.0736230045882384,False,False
221616,31,theta,-0.016292905421555096,0.7133025730213413,0.7133025730213413,False,False
221616,32,mu,0.0026640251049217575,0.28928811412621636,0.28928811412621636,False,False
221616,32,sigma,-0.03118792952715717,0.4340492880757351,0.4340492880757351,False,False
221616,32,theta,0.00275163213277729,0.286678825887394,0.286678825887394,False,False
221616,33,mu,0.0065092460342065705,-1.0897622816399226,1.0897622816399226,False,False
221616,33,sigma,0.03600296725815409,-0.5486441069735872,0.5486441069735872,False,False
221616,33,theta,0.006154012314102939,-1.0859834430485138,1.0859834430485138,False,False
221616,34,mu,-0.004511052106972629,-0.32890520943946483,0.32890520943946483,False,False
221616,34,sigma,-0.013338777049337218,0.6067285830330625,0.6067285830330625,False,False
221616,34,theta,-0.004478218641080203,-0.3350373397520809,0.3350373397520809,False,False
221616,35,mu,-0.027847412275103376,-0.2187726958139009,0.2187726958139009,False,False
221616,35,sigma,-0.013025105728560927,0.4277174836427887,0.4277174836427887,False,False
221616,35,theta,-0.02821316758486603,-0.22281370311255713,0.22281370311255713,False,False
222379,0,mu,0.010203246707589066,0.2516365066833502,0.2516365066833502,False,False
222379,0,sigma,0.03684093176352075,2.4394709530146566,2.4394709530146566,True,False
222379,0,theta,0.010480657262501651,0.20811092452198682,0.20811092452198682,False,False
222379,1,mu,-0.010489057832719875,-0.2349293003939888,0.2349293003939888,False,False
222379,1,sigma,-0.0161348107571247,-0.06761937131535554,0.06761937131535554,False,False
222379,1,theta,-0.010299265623208369,-0.23231720013216958,0.23231720013216958,False,False
222379,2,mu,0.00700609065423421,1.013899475249815,1.013899475249815,False,False
222379,2,sigma,0.0318502769971531,-0.6483050572808574,0.6483050572808574,False,False
222379,2,theta,0.007268969348142401,1.0257360420569481,1.0257360420569481,False,False
222379,3,mu,0.012847243107845664,-2.537605536658752,2.537605536658752,True,False
222379,3,sigma,0.009872773463009436,-1.0771836847831702,1.0771836847831702,False,False
222379,3,theta,0.013289979337658513,-2.511070237091102,2.511070237091102,True,False
222379,4,mu,0.028255530014043444,0.6877860310637631,0.6877860310637631,False,False
222379,4,sigma,-0.027123705928560036,-1.145591297159724,1.145591297159724,False,False
222379,4,theta,0.028521584378365817,0.7060969543006819,0.7060969543006819,False,False
222379,5,mu,0.03195614721253477,0.02196294643465709,0.02196294643465709,False,False
222379,5,sigma,-0.021995400979496715,1.7274976223654204,1.7274976223654204,False,False
222379,5,theta,0.03270619251356368,-0.003184889503071088,0.003184889503071088,False,False
222379,6,mu,-0.004130031360746015,0.036501907212212165,0.036501907212212165,False,False
222379,6,sigma,0.03380392162205932,-0.38060025719610613,0.38060025719610613,False,False
222379,6,theta,-0.0034752614644760873,0.04370004825213004,0.04370004825213004,False,False
222379,7,mu,-0.012946564736191544,-0.8226155148220947,0.8226155148220947,False,False
222379,7,sigma,0.01716277379135256,-1.3666877952958674,1.3666877952958674,False,False
222379,7,theta,-0.013127708889457336,-0.800709513660915,0.800709513660915,False,False
222379,8,mu,-0.021908849706913137,0.7317133206996583,0.7317133206996583,False,False
222379,8,sigma,0.020645993644326798,-0.7087857587602918,0.7087857587602918,False,False
222379,8,theta,-0.02236059691840015,0.7417798581642292,0.7417798581642292,False,False
222379,9,mu,0.0008046197458972135,1.4900126703570333,1.4900126703570333,False,False
222379,9,sigma,-0.0038784153394351437,-1.3008712372674343,1.3008712372674343,False,False
222379,9,theta,0.0014157598774408996,1.506169862641474,1.506169862641474,False,False
222379,10,mu,0.015623310388070468,-1.112791017876457,1.112791017876457,False,False
222379,10,sigma,-0.004967010474461466,0.09145281350736138,0.09145281350736138,False,False
222379,10,theta,0.015329609083880705,-1.1139863690978749,1.1139863690978749,False,False
222379,11,mu,-0.009977779579191924,-1.7026153850917907,1.7026153850917907,False,False
222379,11,sigma,-0.009494104659407022,-1.1164419324924455,1.1164419324924455,False,False
222379,11,theta,-0.00959424434120933,-1.6799757104345967,1.6799757104345967,False,False
222379,12,mu,-0.03849162536390599,0.6409259117051447,0.6409259117051447,False,False
222379,12,sigma,-0.009308679598689758,-0.017093818184744678,0.017093818184744678,False,False
222379,12,theta,-0.037798245343810204,0.6416967541198646,0.6416967541198646,False,False
222379,13,mu,-0.00929702552179581,-1.6185229980533835,1.6185229980533835,False,False
222379,13,sigma,0.01307109179030111,1.545154765493862,1.545154765493862,False,False
222379,13,theta,-0.009128329102555389,-1.6470406446964536,1.6470406446964536,False,False
222379,14,mu,0.017034258913044973,-0.07472981389507145,0.07472981389507145,False,False
222379,14,sigma,-0.009829643734705632,-0.3856224434503691,0.3856224434503691,False,False
222379,14,theta,0.01742935198728719,-0.06749272266261434,0.06749272266261434,False,False
222379,15,mu,-0.011397539160108177,-0.14630833122774106,0.14630833122774106,False,False
222379,15,sigma,-0.025663010883589337,0.3442561460723265,0.3442561460723265,False,False
222379,15,theta,-0.010185748508241145,-0.1539195769874313,0.1539195769874313,False,False
222379,16,mu,0.0057664740238251855,-0.7362404939924737,0.7362404939924737,False,False
222379,16,sigma,0.015390585088802783,-1.7002120760144663,1.7002120760144663,False,False
222379,16,theta,0.0041182338370679165,-0.702289795064394,0.702289795064394,False,False
222379,17,mu,0.010981654714316199,-0.5492847005274222,0.5492847005274222,False,False
222379,17,sigma,0.014719856495913711,0.4939487370644124,0.4939487370644124,False,False
222379,17,theta,0.010929378117345281,-0.5603752802879419,0.5603752802879419,False,False
222379,18,mu,-0.006078123155623016,-1.4466470414069952,1.4466470414069952,False,False
222379,18,sigma,-0.002226089346190269,-0.18465467052965406,0.18465467052965406,False,False
222379,18,theta,-0.006099207151556878,-1.4404924266224355,1.4404924266224355,False,False
222379,19,mu,0.018378318957417896,0.7879749188581159,0.7879749188581159,False,False
222379,19,sigma,0.004753980701385263,-0.6234187138471718,0.6234187138471718,False,False
222379,19,theta,0.018903382410813765,0.804428163981629,0.804428163981629,False,False
222379,20,mu,-0.0002670628655480362,-1.4373284030105926,1.4373284030105926,False,False
222379,20,sigma,0.026826769456635625,-0.40401371609514203,0.40401371609514203,False,False
222379,20,theta,0.00027549462856724024,-1.4301134412243446,1.4301134412243446,False,False
222379,21,mu,-0.0006629121434827313,0.217000791504925,0.217000791504925,False,False
222379,21,sigma,-0.011362297806451427,-1.290289660690525,1.290289660690525,False,False
222379,21,theta,0.0007546364953435489,0.24884138346002696,0.24884138346002696,False,False
222379,22,mu,0.0024420412833451345,0.22339128480136522,0.22339128480136522,False,False
222379,22,sigma,0.02805406794945799,0.2620672734777823,0.2620672734777823,False,False
222379,22,theta,0.0021659232040051515,0.2112174038956003,0.2112174038956003,False,False
222379,23,mu,0.018760289785436167,1.1986529673099968,1.1986529673099968,False,False
222379,23,sigma,0.012084478650195709,0.12246722714216116,0.12246722714216116,False,False
222379,23,theta,0.019102690082988823,1.1984007144980722,1.1984007144980722,False,False
222379,24,mu,0.04441657647964608,-0.634169341505669,0.634169341505669,False,False
222379,24,sigma,-0.0020496070265639374,-0.4348544639098065,0.4348544639098065,False,False
222379,24,theta,0.04456046491143214,-0.6236840299970834,0.6236840299970834,False,False
222379,25,mu,0.04123575772199327,-1.2862135174778753,1.2862135174778753,False,False
222379,25,sigma,-0.04935659242161736,-0.20921824416207485,0.20921824416207485,False,False
222379,25,theta,0.040982007168295635,-1.276045972205418,1.276045972205418,False,False
222379,26,mu,-0.005922955060045944,0.8869711646278525,0.8869711646278525,False,False
222379,26,sigma,-0.013240134661268244,0.15464459572045258,0.15464459572045258,False,False
222379,26,theta,-0.0054819979214677335,0.8883714966301749,0.8883714966301749,False,False
222379,27,mu,-0.03468588054782192,-1.436984947502024,1.436984947502024,False,False
222379,27,sigma,0.0024436898532819483,-1.430929714755721,1.430929714755721,False,False
222379,27,theta,-0.034566469654243766,-1.4060828739972457,1.4060828739972457,False,False
222379,28,mu,0.04069780426388344,-1.6764048326203314,1.6764048326203314,False,False
222379,28,sigma,0.010763895545431567,2.140273955652416,2.140273955652416,True,False
222379,28,theta,0.039311193412755914,-1.7238794939591304,1.7238794939591304,False,False
222379,29,mu,-0.018152117517086033,0.3880669861542961,0.3880669861542961,False,False
222379,29,sigma,0.033797240943280606,-0.38888336123105,0.38888336123105,False,False
222379,29,theta,-0.016721746326266173,0.40091771896705514,0.40091771896705514,False,False
222379,30,mu,-0.005564169912655472,0.06180940225101374,0.06180940225101374,False,False
222379,30,sigma,-0.013892862646166538,0.8957653453427166,0.8957653453427166,False,False
222379,30,theta,-0.005135526969614859,0.035782841338017825,0.035782841338017825,False,False
222379,31,mu,-0.015904378748301924,0.7464042031813263,0.7464042031813263,False,False
222379,31,sigma,0.02227216289035672,1.0736260670750826,1.0736260670750826,False,False
222379,31,theta,-0.016291583593385395,0.7133534454778523,0.7133534454778523,False,False
222379,32,mu,0.0023930883446952383,0.2967823695906451,0.2967823695906451,False,False
222379,32,sigma,-0.031188321002815263,0.4340810836639059,0.4340810836639059,False,False
222379,32,theta,0.0027513341789705873,0.28668271574356885,0.28668271574356885,False,False
222379,33,mu,0.007534696992881745,-1.1002449918618764,1.1002449918618764,False,False
222379,33,sigma,0.036002312027969906,-0.5486836116085778,0.5486836116085778,False,False
222379,33,theta,0.00615374030350894,-1.0860083941154801,1.0860083941154801,False,False
222379,34,mu,-0.004606463508213744,-0.31173650052420815,0.31173650052420815,False,False
222379,34,sigma,-0.013339808747284623,0.6067060058778863,0.6067060058778863,False,False
222379,34,theta,-0.004478122809154755,-0.33503790796700483,0.33503790796700483,False,False
222379,35,mu,-0.026767990331237432,-0.2068128204963518,0.2068128204963518,False,False
222379,35,sigma,-0.013027023229929484,0.4277917223926417,0.4277917223926417,False,False
222379,35,theta,-0.028213104999569548,-0.22279226856720072,0.22279226856720072,False,False
23667,0,mu,0.010224470812265614,0.24822626908469692,0.24822626908469692,False,False
23667,0,sigma,0.03684100489191088,2.4394704998481487,2.4394704998481487,True,False
23667,0,theta,0.010480629859784549,0.20810958578021307,0.20810958578021307,False,False
23667,1,mu,-0.010465928534181296,-0.23461444070844584,0.23461444070844584,False,False
23667,1,sigma,-0.016134745338541576,-0.06762565321514655,0.06762565321514655,False,False
23667,1,theta,-0.010299291298795121,-0.23231595430644758,0.23231595430644758,False,False
23667,2,mu,0.00704038337264546,1.0155120570239577,1.0155120570239577,False,False
23667,2,sigma,0.031850362573960726,-0.6483063382073522,0.6483063382073522,False,False
23667,2,theta,0.007268840124890322,1.0257383421698105,1.0257383421698105,False,False
23667,3,mu,0.012607200281063276,-2.5516747065753367,2.5516747065753367,True,False
23667,3,sigma,0.009873093154396972,-1.0771940801729185,1.0771940801729185,False,False
23667,3,theta,0.013290787364668568,-2.511078774210286,2.511078774210286,True,False
23667,4,mu,0.02809634585813032,0.6778292188050496,0.6778292188050496,False,False
23667,4,sigma,-0.02712497740667276,-1.1455980303506903,1.1455980303506903,False,False
23667,4,theta,0.02852073975015727,0.706108142425726,0.706108142425726,False,False
23667,5,mu,0.03133140116430369,0.042160385597995106,0.042160385597995106,False,False
23667,5,sigma,-0.021995533235529482,1.7274964188818283,1.7274964188818283,False,False
23667,5,theta,0.03270536210090171,-0.003168061757455781,0.003168061757455781,False,False
23667,6,mu,-0.0045501298057856075,0.03168280439765521,0.03168280439765521,False,False
23667,6,sigma,0.03380393048956836,-0.3805720869904609,0.3805720869904609,False,False
23667,6,theta,-0.0034740659928572545,0.04368109350967016,0.04368109350967016,False,False
23667,7,mu,-0.012794245974604958,-0.8395183371330917,0.8395183371330917,False,False
23667,7,sigma,0.017160188172168876,-1.3666976790251752,1.3666976790251752,False,False
23667,7,theta,-0.013127962894997389,-0.8006989364470514,0.8006989364470514,False,False
23667,8,mu,-0.02149542950433696,0.7227331163285707,0.7227331163285707,False,False
23667,8,sigma,0.02064467103904469,-0.7087837980743149,0.7087837980743149,False,False
23667,8,theta,-0.022360950998707503,0.7417742565826845,0.7417742565826845,False,False
23667,9,mu,0.0002736751913185302,1.475838549628047,1.475838549628047,False,False
23667,9,sigma,-0.0038793731109116243,-1.3009253464044326,1.3009253464044326,False,False
23667,9,theta,0.0014144965547597801,1.5062177560158037,1.5062177560158037,False,False
23667,10,mu,0.015825496759015352,-1.1117847401320193,1.1117847401320193,False,False
23667,10,sigma,-0.0049657050844004805,0.09143958683350535,0.09143958683350535,False,False
23667,10,theta,0.015330558062025261,-1.1140101746804012,1.1140101746804012,False,False
23667,11,mu,-0.010032548318940036,-1.7058188911587475,1.7058188911587475,False,False
23667,11,sigma,-0.009494201006410182,-1.1164487022181566,1.1164487022181566,False,False
23667,11,theta,-0.009594150349826738,-1.6799752867940974,1.6799752867940974,False,False
23667,12,mu,-0.038472917034470255,0.6409504251239445,0.6409504251239445,False,False
23667,12,sigma,-0.009308665293930717,-0.017092270840576212,0.017092270840576212,False,False
23667,12,theta,-0.03779819800942844,0.6416956641706549,0.6416956641706549,False,False
23667,13,mu,-0.009226483648345529,-1.6309934955891976,1.6309934955891976,False,False
23667,13,sigma,0.013071256675247816,1.5451658662296515,1.5451658662296515,False,False
23667,13,theta,-0.009128087792580734,-1.6470385561294698,1.6470385561294698,False,False
23667,14,mu,0.01722540062053808,-0.07128682537592997,0.07128682537592997,False,False
23667,14,sigma,-0.009829670366251216,-0.38559171854511476,0.38559171854511476,False,False
23667,14,theta,0.017428761357115973,-0.067504244981605,0.067504244981605,False,False
23667,15,mu,-0.010769080778718833,-0.15025118854519645,0.15025118854519645,False,False
23667,15,sigma,-0.02566348893419238,0.34427375425903045,0.34427375425903045,False,False
23667,15,theta,-0.010185615253971882,-0.15392281680474812,0.15392281680474812,False,False
23667,16,mu,0.004903301401308047,-0.7185486206425834,0.7185486206425834,False,False
23667,16,sigma,0.015390887923710943,-1.7002163390354994,1.7002163390354994,False,False
23667,16,theta,0.004118150244776438,-0.702255742566143,0.702255742566143,False,False
23667,17,mu,0.010960612189130909,-0.5536257999481083,0.5536257999481083,False,False
23667,17,sigma,0.014719564080365602,0.49397285605848285,0.49397285605848285,False,False
23667,17,theta,0.010929626884061983,-0.5603621968373994,0.5603621968373994,False,False
23667,18,mu,-0.0060873069685959905,-1.4439789993406644,1.4439789993406644,False,False
23667,18,sigma,-0.0022271165948250923,-0.18467170912466363,0.18467170912466363,False,False
23667,18,theta,-0.0060980424484230675,-1.4404795367423338,1.4404795367423338,False,False
23667,19,mu,0.01863270364906627,0.7959940824832389,0.7959940824832389,False,False
23667,19,sigma,0.004754496042254172,-0.6234586098628493,0.6234586098628493,False,False
23667,19,theta,0.01890352803491373,0.8044661173908496,0.8044661173908496,False,False
23667,20,mu,-6.889724333998071e-06,-1.4339564357776309,1.4339564357776309,False,False
23667,20,sigma,0.026826192314888815,-0.40399405318027043,0.40399405318027043,False,False
23667,20,theta,0.00027625640038457045,-1.4300853384908596,1.4300853384908596,False,False
23667,21,mu,3.850977177721721e-05,0.23278145465604222,0.23278145465604222,False,False
23667,21,sigma,-0.011362652676442386,-1.2902596814917504,1.2902596814917504,False,False
23667,21,theta,0.0007546378449084915,0.2488683239442166,0.2488683239442166,False,False
23667,22,mu,0.0023008195788622567,0.21735077744300052,0.21735077744300052,False,False
23667,22,sigma,0.028051411056994213,0.262030944346073,0.262030944346073,False,False
23667,22,theta,0.0021663982579671302,0.21119333167928148,0.21119333167928148,False,False
23667,23,mu,0.018940211338207502,1.1985944998306834,1.1985944998306834,False,False
23667,23,sigma,0.012084854793563308,0.12249305381951933,0.12249305381951933,False,False
23667,23,theta,0.01910212933494773,1.1983606636725659,1.1983606636725659,False,False
23667,24,mu,0.04450276823551008,-0.6288141876301891,0.6288141876301891,False,False
23667,24,sigma,-0.002049152330984585,-0.43491457124851657,0.43491457124851657,False,False
23667,24,theta,0.04456078618035526,-0.6237171012096833,0.6237171012096833,False,False
23667,25,mu,0.04108787427001613,-1.279715786370404,1.279715786370404,False,False
23667,25,sigma,-0.049356701922959684,-0.20923589842528523,0.20923589842528523,False,False
23667,25,theta,0.04098243529471782,-1.276048992711948,1.276048992711948,False,False
23667,26,mu,-0.005659407868085092,0.8878743125106627,0.8878743125106627,False,False
23667,26,sigma,-0.01324025503622926,0.15465323886408022,0.15465323886408022,False,False
23667,26,theta,-0.005482447363492308,0.888374394002925,0.888374394002925,False,False
23667,27,mu,-0.03462025683591563,-1.4183236515351905,1.4183236515351905,False,False
23667,27,sigma,0.002442409711089259,-1.4309035552649227,1.4309035552649227,False,False
23667,27,theta,-0.03456674872905068,-1.4060663622014393,1.4060663622014393,False,False
23667,28,mu,0.039884736708728004,-1.7044775081348285,1.7044775081348285,False,False
23667,28,sigma,0.010764471755847634,2.140240113809613,2.140240113809613,True,False
23667,28,theta,0.03931128148961097,-1.7238673726954756,1.7238673726954756,False,False
23667,29,mu,-0.017279461928872104,0.3960539570251836,0.3960539570251836,False,False
23667,29,sigma,0.03379726753587461,-0.38888170950361023,0.38888170950361023,False,False
23667,29,theta,-0.016722187843002573,0.40095014483772135,0.40095014483772135,False,False
23667,30,mu,-0.005294635720706978,0.045516906263644456,0.045516906263644456,False,False
23667,30,sigma,-0.013893234371131692,0.8958000963181455,0.8958000963181455,False,False
23667,30,theta,-0.0051355923066912605,0.03577301003250284,0.03577301003250284,False,False
23667,31,mu,-0.016143979901343346,0.7266522161851162,0.7266522161851162,False,False
23667,31,sigma,0.022270677305670464,1.0736233193365774,1.0736233193365774,False,False
23667,31,theta,-0.016292769562583888,0.7133078023369733,0.7133078023369733,False,False
23667,32,mu,0.0026102445651409053,0.290840881061446,0.290840881061446,False,False
23667,32,sigma,-0.031187972446505452,0.4340527731495613,0.4340527731495613,False,False
23667,32,theta,0.0027515994699859473,0.2866792524597254,0.2866792524597254,False,False
23667,33,mu,0.00661294521328075,-1.0908511069990185,1.0908511069990185,False,False
23667,33,sigma,0.036002935657977235,-0.5486460124065606,0.5486460124065606,False,False
23667,33,theta,0.006153999194005338,-1.0859846466089735,1.0859846466089735,False,False
23667,34,mu,-0.004518862875493448,-0.3274643945758952,0.3274643945758952,False,False
23667,34,sigma,-0.013338817865351068,0.6067276898853748,0.6067276898853748,False,False
23667,34,theta,-0.004478214849668347,-0.3350373622198625,0.3350373622198625,False,False
23667,35,mu,-0.027771876436438723,-0.21793726504322777,0.21793726504322777,False,False
23667,35,sigma,-0.013025166099798802,0.42771982073943743,0.42771982073943743,False,False
23667,35,theta,-0.02821316561503776,-0.22281302828268412,0.22281302828268412,False,False
23671,0,mu,0.010119432178824895,0.26523937286938776,0.26523937286938776,False,False
23671,0,sigma,0.03684058037256875,2.4394731307627495,2.4394731307627495,True,False
23671,0,theta,0.010480788934174076,0.2081173573961966,0.2081173573961966,False,False
23671,1,mu,-0.010617300307632907,-0.23665359268088032,0.23665359268088032,False,False
23671,1,sigma,-0.01613532367447135,-0.06757012834403392,0.06757012834403392,False,False
23671,1,theta,-0.010299064414419575,-0.23232696683829018,0.23232696683829018,False,False
23671,2,mu,0.006827559503536104,1.0051575642810229,1.0051575642810229,False,False
23671,2,sigma,0.03184961170658252,-0.6482950978086561,0.6482950978086561,False,False
23671,2,theta,0.007269973978470873,1.0257181607368495,1.0257181607368495,False,False
23671,3,mu,0.012534583668638029,-2.555883989879675,2.555883989879675,True,False
23671,3,sigma,0.009873216627855725,-1.077198095589633,1.077198095589633,False,False
23671,3,theta,0.013291099504066952,-2.5110820716753253,2.5110820716753253,True,False
23671,4,mu,0.0280308406157007,0.6739013873953364,0.6739013873953364,False,False
23671,4,sigma,-0.0271256275163361,-1.145601473763752,1.145601473763752,False,False
23671,4,theta,0.028520307877994644,0.7061138627487421,0.7061138627487421,False,False
23671,5,mu,0.03114271373150396,0.04814011174535342,0.04814011174535342,False,False
23671,5,sigma,-0.021995586973935652,1.727495930638398,1.727495930638398,False,False
23671,5,theta,0.032705024793425796,-0.003161228820225058,0.003161228820225058,False,False
23671,6,mu,-0.004662433462558535,0.030367205923043223,0.030367205923043223,False,False
23671,6,sigma,0.03380393364917975,-0.3805619756742446,0.3805619756742446,False,False
23671,6,theta,-0.0034736369094063926,0.043674290264925884,0.043674290264925884,False,False
23671,7,mu,-0.012758065189890712,-0.8433617489396941,0.8433617489396941,False,False
23671,7,sigma,0.01715939378755272,-1.3667007149972619,1.3667007149972619,False,False
23671,7,theta,-0.013128040899169052,-0.8006956874696013,0.8006956874696013,False,False
23671,8,mu,-0.0213809091904014,0.7202808078480756,0.7202808078480756,False,False
23671,8,sigma,0.020644176967952697,-0.708783065965648,0.708783065965648,False,False
23671,8,theta,-0.022361083295034417,0.7417721643392445,0.7417721643392445,False,False
23671,9,mu,0.0003488093473653803,1.4778541576263018,1.4778541576263018,False,False
23671,9,sigma,-0.0038792026884134374,-1.3009157191668326,1.3009157191668326,False,False
23671,9,theta,0.0014147213460397809,1.5062092344396754,1.5062092344396754,False,False
23671,10,mu,0.01578805177951773,-1.1119839261448443,1.1119839261448443,False,False
23671,10,sigma,-0.00496600263068056,0.09144260135070531,0.09144260135070531,False,False
23671,10,theta,0.015330341745693308,-1.114004748561773,1.114004748561773,False,False
23671,11,mu,-0.010177404693796608,-1.7142544083934748,1.7142544083934748,False,False
23671,11,sigma,-0.009494518319929219,-1.1164709961557637,1.1164709961557637,False,False
23671,11,theta,-0.009593840800889321,-1.6799738917190141,1.6799738917190141,False,False
23671,12,mu,-0.03864999148235639,0.6407083510594392,0.6407083510594392,False,False
23671,12,sigma,-0.00930881757883361,-0.017108742650986858,0.017108742650986858,False,False
23671,12,theta,-0.03779870189220381,0.6417072670057599,0.6417072670057599,False,False
23671,13,mu,-0.00925584074924942,-1.6259143247865178,1.6259143247865178,False,False
23671,13,sigma,0.013071200335781121,1.5451620726653716,1.5451620726653716,False,False
23671,13,theta,-0.009128170258558527,-1.647039269766697,1.647039269766697,False,False
23671,14,mu,0.017146394768839147,-0.07272245475453912,0.07272245475453912,False,False
23671,14,sigma,-0.00982966129537635,-0.3856021813028302,0.3856021813028302,False,False
23671,14,theta,0.017428962484011122,-0.06750032131415128,0.06750032131415128,False,False
23671,15,mu,-0.011033736980394513,-0.14858925027603223,0.14858925027603223,False,False
23671,15,sigma,-0.02566332774186949,0.3442678173726539,0.3442678173726539,False,False
23671,15,theta,-0.010185660183436529,-0.15392172448415672,0.15392172448415672,False,False
23671,16,mu,0.005376572720896077,-0.7282779778183747,0.7282779778183747,False,False
23671,16,sigma,0.015390748134712058,-1.7002143714625857,1.7002143714625857,False,False
23671,16,theta,0.004118188833656748,-0.7022714614343191,0.7022714614343191,False,False
23671,17,mu,0.01096955066549789,-0.5517596920642378,0.5517596920642378,False,False
23671,17,sigma,0.01471967287926284,0.4939638819991758,0.4939638819991758,False,False
23671,17,theta,0.010929534323949226,-0.5603670646896256,0.5603670646896256,False,False
23671,18,mu,-0.006083884035093008,-1.4450216715694155,1.4450216715694155,False,False
23671,18,sigma,-0.0022268008017958555,-0.1846664713647268,0.1846664713647268,False,False
23671,18,theta,-0.006098400481972755,-1.4404834997411535,1.4404834997411535,False,False
23671,19,mu,0.018518227020009215,0.7923914164449095,0.7923914164449095,False,False
23671,19,sigma,0.004754303100751754,-0.6234436738807438,0.6234436738807438,False,False
23671,19,theta,0.018903473529683745,0.8044519088419912,0.8044519088419912,False,False
23671,20,mu,-0.00014677875805952715,-1.4357931954999132,1.4357931954999132,False,False
23671,20,sigma,0.026826453421918414,-0.4040029490390191,0.4040029490390191,False,False
23671,20,theta,0.0002759117597399291,-1.430098052215411,1.430098052215411,False,False
23671,21,mu,-0.00032757747583667704,0.22454794961361146,0.22454794961361146,False,False
23671,21,sigma,-0.011362496170135397,-1.290272904580547,1.290272904580547,False,False
23671,21,theta,0.0007546372554722108,0.24885644165739232,0.24885644165739232,False,False
23671,22,mu,0.0023816895249620254,0.22085958147954718,0.22085958147954718,False,False
23671,22,sigma,0.028052741786389963,0.262049139788892,0.262049139788892,False,False
23671,22,theta,0.0021661603306972884,0.2112053889034269,0.2112053889034269,False,False
23671,23,mu,0.01884937106178705,1.1986516061377996,1.1986516061377996,False,False
23671,23,sigma,0.012084697259496742,0.12248223702862407,0.12248223702862407,False,False
23671,23,theta,0.01910236418606359,1.1983774379085146,1.1983774379085146,False,False
23671,24,mu,0.044474806681139255,-0.6307482282559423,0.6307482282559423,False,False
23671,24,sigma,-0.002049276612986085,-0.43489813821667017,0.43489813821667017,False,False
23671,24,theta,0.04456069837134801,-0.6237080596778473,0.6237080596778473,False,False
23671,25,mu,0.041151842570319494,-1.2822537365551558,1.2822537365551558,False,False
23671,25,sigma,-0.04935667222576721,-0.2092311107104234,0.2092311107104234,False,False
23671,25,theta,0.040982319193695285,-1.2760481740579066,1.2760481740579066,False,False
23671,26,mu,-0.005752541512006558,0.8875763200485051,0.8875763200485051,False,False
23671,26,sigma,-0.01324022396045865,0.1546510088039673,0.1546510088039673,False,False
23671,26,theta,-0.005482331403022099,0.8883736464901079,0.8883736464901079,False,False
23671,27,mu,-0.0346443434660401,-1.424560002895136,1.424560002895136,False,False
23671,27,sigma,0.002442711167548122,-1.4309097159148951,1.4309097159148951,False,False
23671,27,theta,-0.034566683010264734,-1.4060702503881815,1.4060702503881815,False,False
23671,28,mu,0.04009649272127841,-1.6972341393357664,1.6972341393357664,False,False
23671,28,sigma,0.010764368865270142,2.140246156536669,2.140246156536669,True,False
23671,28,theta,0.03931126578171936,-1.7238695371300319,1.7238695371300319,False,False
23671,29,mu,-0.017476448548160082,0.394285188242383,0.394285188242383,False,False
23671,29,sigma,0.03379726366010174,-0.38888195016120247,0.38888195016120247,False,False
23671,29,theta,-0.01672212355680568,0.400945423653737,0.400945423653737,False,False
23671,30,mu,-0.005357100157164986,0.04931725238870031,0.04931725238870031,False,False
23671,30,sigma,-0.01389317781636325,0.8957948071827879,0.8957948071827879,False,False
23671,30,theta,-0.005135582353620026,0.03577450642172171,0.03577450642172171,False,False
23671,31,mu,-0.01608554745356431,0.7316491131660323,0.7316491131660323,False,False
23671,31,sigma,0.022270931898901614,1.0736237901510148,1.0736237901510148,False,False
23671,31,theta,-0.01629256634193412,0.7133156242036316,0.7133156242036316,False,False
23671,32,mu,0.0025564908046688834,0.29235861675010605,0.29235861675010605,False,False
23671,32,sigma,-0.031188033588626467,0.4340577382744543,0.4340577382744543,False,False
23671,32,theta,0.002751552937761779,0.28667986010064117,0.28667986010064117,False,False
23671,33,mu,0.006912952614006241,-1.0939640806590516,1.0939640806590516,False,False
23671,33,sigma,0.03600279978505214,-0.5486542050423696,0.5486542050423696,False,False
23671,33,theta,0.006153942782779815,-1.0859898213543238,1.0859898213543238,False,False
23671,34,mu,-0.004552031678928581,-0.32141922455725364,0.32141922455725364,False,False
23671,34,sigma,-0.01333908126079585,0.6067219260933425,0.6067219260933425,False,False
23671,34,theta,-0.004478190383006296,-0.33503750723342424,0.33503750723342424,False,False
23671,35,mu,-0.027399561874501824,-0.21381631006554477,0.21381631006554477,False,False
23671,35,sigma,-0.013025627009691967,0.42773766408151714,0.42773766408151714,False,False
23671,35,theta,-0.028213150574853664,-0.22280787618269232,0.22280787618269232,False,False
241456,0,mu,0.010242385221263936,0.24535833416097663,0.24535833416097663,False,False
241456,0,sigma,0.03684106175446575,2.439470147489998,2.439470147489998,True,False
241456,0,theta,0.010480608552123906,0.20810854481541313,0.20810854481541313,False,False
241456,1,mu,-0.010444432089683636,-0.23432073994447894,0.23432073994447894,False,False
241456,1,sigma,-0.01613469203844795,-0.06763077164710715,0.06763077164710715,False,False
241456,1,theta,-0.01029931222027073,-0.232314939237568,0.232314939237568,False,False
241456,2,mu,0.0070588683316089775,1.0163728879984806,1.0163728879984806,False,False
241456,2,sigma,0.031850403364806844,-0.6483069487574311,0.6483069487574311,False,False
241456,2,theta,0.007268778529876094,1.0257394385384289,1.0257394385384289,False,False
241456,3,mu,0.012945524005147757,-2.531776338363328,2.531776338363328,True,False
241456,3,sigma,0.009872681834730845,-1.0771807056111253,1.0771807056111253,False,False
241456,3,theta,0.013289747784768699,-2.5110677903633225,2.5110677903633225,True,False
241456,4,mu,0.028328248294058268,0.6925538998771369,0.6925538998771369,False,False
241456,4,sigma,-0.027123288886174886,-1.1455890890901144,1.1455890890901144,False,False
241456,4,theta,0.028521861408132797,0.7060932845095309,0.7060932845095309,False,False
241456,5,mu,0.032147229234782124,0.015655228388204764,0.015655228388204764,False,False
241456,5,sigma,-0.021995375225630193,1.7274978570254438,1.7274978570254438,False,False
241456,5,theta,0.03270635426110404,-0.003188168171984641,0.003188168171984641,False,False
241456,6,mu,-0.003918245035765938,0.03887352949914646,0.03887352949914646,False,False
241456,6,sigma,0.03380391885877788,-0.3806089741740789,0.3806089741740789,False,False
241456,6,theta,-0.0034756314032340536,0.04370591385415334,0.04370591385415334,False,False
241456,7,mu,-0.013003653710313557,-0.8159438240773852,0.8159438240773852,False,False
241456,7,sigma,0.017163392438818644,-1.3666854300071085,1.3666854300071085,False,False
241456,7,theta,-0.01312764808946966,-0.8007120449170645,0.8007120449170645,False,False
241456,8,mu,-0.022066931714941704,0.735204674278929,0.735204674278929,False,False
241456,8,sigma,0.020646294292597588,-0.7087862046297059,0.7087862046297059,False,False
241456,8,theta,-0.022360516444943013,0.7417811316399143,0.7417811316399143,False,False
241456,9,mu,0.0010180768610989768,1.4956669433521854,1.4956669433521854,False,False
241456,9,sigma,-0.00387819280387542,-1.300858663685448,1.300858663685448,False,False
241456,9,theta,0.0014160534068429474,1.5061587339590292,1.5061587339590292,False,False
241456,10,mu,0.015516655903988217,-1.1132564903646134,1.1132564903646134,False,False
241456,10,sigma,-0.004967414235197258,0.0914569053063304,0.0914569053063304,False,False
241456,10,theta,0.015329315583965481,-1.1139790058578756,1.1139790058578756,False,False
241456,11,mu,-0.009830783773140894,-1.693978467357172,1.693978467357172,False,False
241456,11,sigma,-0.009493909888342467,-1.1164282463297626,1.1164282463297626,False,False
241456,11,theta,-0.009594434353048027,-1.6799765669182516,1.6799765669182516,False,False
241456,12,mu,-0.03817780920139923,0.6413049473584299,0.6413049473584299,False,False
241456,12,sigma,-0.009308493717436398,-0.017073710170394482,0.017073710170394482,False,False
241456,12,theta,-0.03779763022219739,0.6416825901743057,0.6416825901743057,False,False
241456,13,mu,-0.009274405748750481,-1.6226226180042724,1.6226226180042724,False,False
241456,13,sigma,0.013071155854191035,1.545159077949612,1.545159077949612,False,False
241456,13,theta,-0.009128235358318098,-1.647039833206492,1.647039833206492,False,False
241456,14,mu,0.017095420996794668,-0.07363924744953772,0.07363924744953772,False,False
241456,14,sigma,-0.00982965398128471,-0.38561061946858316,0.38561061946858316,False,False
241456,14,theta,0.01742912469230402,-0.0674971568719323,0.0674971568719323,False,False
241456,15,mu,-0.01115714715500743,-0.14781505118362834,0.14781505118362834,False,False
241456,15,sigma,-0.0256632325578791,0.3442643114717368,0.3442643114717368,False,False
241456,15,theta,-0.010185686715271066,-0.15392107942023303,0.15392107942023303,False,False
241456,16,mu,0.005427798389779824,-0.7293267981099728,0.7293267981099728,False,False
241456,16,sigma,0.015390729172710362,-1.7002141045345025,1.7002141045345025,False,False
241456,16,theta,0.004118194067795549,-0.7022735936314849,0.7022735936314849,False,False
241456,17,mu,0.010968205014035289,-0.5520384653910259,0.5520384653910259,False,False
241456,17,sigma,0.01471965499513125,0.4939653571263349,0.4939653571263349,False,False
241456,17,theta,0.010929549538652656,-0.5603662645142599,0.5603662645142599,False,False
241456,18,mu,-0.006084706738526942,-1.444776470611788,1.444776470611788,False,False
241456,18,sigma,-0.0022268841981914686,-0.184667854597518,0.184667854597518,False,False
241456,18,theta,-0.006098305929148863,-1.4404824532080382,1.4404824532080382,False,False
241456,19,mu,0.018552487010176175,0.7934706373556014,0.7934706373556014,False,False
241456,19,sigma,0.004754367619350015,-0.6234486685154514,0.6234486685154514,False,False
241456,19,theta,0.01890349175804765,0.8044566602441671,0.8044566602441671,False,False
241456,20,mu,-0.00010528975846149137,-1.4352540949483616,1.4352540949483616,False,False
241456,20,sigma,0.02682636433183958,-0.4039999137746115,0.4039999137746115,False,False
241456,20,theta,0.0002760293507904788,-1.4300937142106622,1.4300937142106622,False,False
241456,21,mu,2.556964122327099e-05,0.23249050552018805,0.23249050552018805,False,False
241456,21,sigma,-0.01136264821913905,-1.2902600581190375,1.2902600581190375,False,False
241456,21,theta,0.0007546378282470539,0.24886798551725156,0.24886798551725156,False,False
241456,22,mu,0.0023055798969497596,0.21756127112531376,0.21756127112531376,False,False
241456,22,sigma,0.028051474269941683,0.26203180865922565,0.26203180865922565,False,False
241456,22,theta,0.002166386956192178,0.21119390444685857,0.21119390444685857,False,False
241456,23,mu,0.018934524960826073,1.19859975294659,1.19859975294659,False,False
241456,23,sigma,0.012084846903846752,0.12249251207890276,0.12249251207890276,False,False
241456,23,theta,0.019102141096973828,1.1983615037835205,1.1983615037835205,False,False
241456,24,mu,0.04449810903346248,-0.6291534799073087,0.6291534799073087,False,False
241456,24,sigma,-0.0020491710302668184,-0.4349120985723724,0.4349120985723724,False,False
241456,24,theta,0.0445607729689116,-0.6237157407298991,0.6237157407298991,False,False
241456,25,mu,0.041132402662766535,-1.2814495915699866,1.2814495915699866,False,False
241456,25,sigma,-0.04935668338299433,-0.20923290947024048,0.20923290947024048,False,False
241456,25,theta,0.04098236281356278,-1.2760484816713187,1.2760484816713187,False,False
241456,26,mu,-0.005725930119816522,0.887663852575383,0.887663852575383,False,False
241456,26,sigma,-0.013240234133663986,0.15465173894850218,0.15465173894850218,False,False
241456,26,theta,-0.005482369369840761,0.8883738912374782,0.8883738912374782,False,False
241456,27,mu,-0.034642397442657125,-1.4240348439626143,1.4240348439626143,False,False
241456,27,sigma,0.0024426809524874097,-1.4309090984434985,1.4309090984434985,False,False
241456,27,theta,-0.03456668959726546,-1.4060698606708169,1.4060698606708169,False,False
241456,28,mu,0.04011699811166469,-1.6965302448679571,1.6965302448679571,False,False
241456,28,sigma,0.010764357158964313,2.140246844049789,2.140246844049789,True,False
241456,28,theta,0.039311263994027894,-1.7238697833868226,1.7238697833868226,False,False
241456,29,mu,-0.01749702168926154,0.3940993437351908,0.3940993437351908,False,False
241456,29,sigma,0.03379726318549203,-0.38888197963280174,0.38888197963280174,False,False
241456,29,theta,-0.016722115683127446,0.40094484540723707,0.40094484540723707,False,False
241456,30,mu,-0.0053598631729934315,0.04948500524134278,0.04948500524134278,False,False
241456,30,sigma,-0.013893174896286258,0.895794534110527,0.895794534110527,False,False
241456,30,theta,-0.005135581839838613,0.035774583678134804,0.035774583678134804,False,False
241456,31,mu,-0.016077726013426268,0.7323085962203847,0.7323085962203847,False,False
241456,31,sigma,0.02227097158469947,1.0736238635442399,1.0736238635442399,False,False
241456,31,theta,-0.016292534663095628,0.7133168434799853,0.7133168434799853,False,False
241456,32,mu,0.0025484327936250812,0.2925833135494124,0.2925833135494124,False,False
241456,32,sigma,-0.03118804425922654,0.4340586048367859,0.4340586048367859,False,False
241456,32,theta,0.0027515448167297757,0.2866799661413247,0.2866799661413247,False,False
241456,33,mu,0.006852368389464814,-1.0933398352455226,1.0933398352455226,False,False
241456,33,sigma,0.03600283251095625,-0.5486522318288103,0.5486522318288103,False,False
241456,33,theta,0.006153956369513444,-1.0859885750217244,1.0859885750217244,False,False
241456,34,mu,-0.004542664225510564,-0.3231147824109051,0.3231147824109051,False,False
241456,34,sigma,-0.013338992441494765,0.6067238697144036,0.6067238697144036,False,False
241456,34,theta,-0.004478198633341085,-0.3350374583289819,0.3350374583289819,False,False
241456,35,mu,-0.027509761463223457,-0.21503660950834474,0.21503660950834474,False,False
241456,35,sigma,-0.01302546239038379,0.4277312910119542,0.4277312910119542,False,False
241456,35,theta,-0.028213155946902678,-0.22280971632461136,0.22280971632461136,False,False
61616,0,mu,0.01028712950873455,0.23823641180867908,0.23823641180867908,False,False
61616,0,sigma,0.03684118465862691,2.439469385927895,2.439469385927895,True,False
61616,0,theta,0.010480562496946415,0.20810629485589865,0.20810629485589865,False,False
61616,1,mu,-0.010427297449930772,-0.23408589362858098,0.23408589362858098,False,False
61616,1,sigma,-0.016134654748807188,-0.06763435270824478,0.06763435270824478,False,False
61616,1,theta,-0.010299326858446353,-0.23231422906412574,0.23231422906412574,False,False
61616,2,mu,0.007081914302811147,1.017438021666155,1.017438021666155,False,False
61616,2,sigma,0.03185044907401996,-0.6483076329142908,0.6483076329142908,False,False
61616,2,theta,0.007268709508215933,1.02574066710357,1.02574066710357,False,False
61616,3,mu,0.012983811272149882,-2.5294945955221633,2.5294945955221633,True,False
61616,3,sigma,0.0098726523244011,-1.077179746150259,1.077179746150259,False,False
61616,3,theta,0.01328967321326958,-2.5110670023690873,2.5110670023690873,True,False
61616,4,mu,0.028357234687629126,0.6944973784608565,0.6944973784608565,False,False
61616,4,sigma,-0.02712315462379948,-1.1455883782680523,1.1455883782680523,False,False
61616,4,theta,0.028521950594229156,0.7060921030478601,0.7060921030478601,False,False
61616,5,mu,0.03219336186049781,0.01412270520616369,0.01412270520616369,False,False
61616,5,sigma,-0.02199537008459723,1.7274979038807754,1.7274979038807754,False,False
61616,5,theta,0.03270638655113748,-0.0031888227379057777,0.0031888227379057777,False,False
61616,6,mu,-0.0038569088044057742,0.03955349765423448,0.03955349765423448,False,False
61616,6,sigma,0.03380391826496488,-0.3806108436503575,0.3806108436503575,False,False
61616,6,theta,-0.003475710742474148,0.04370717182908225,0.04370717182908225,False,False
61616,7,mu,-0.013020477698062985,-0.8139386985747827,0.8139386985747827,False,False
61616,7,sigma,0.017163534453794677,-1.3666848870129449,1.3666848870129449,False,False
61616,7,theta,-0.013127634131009511,-0.8007126260124826,0.8007126260124826,False,False
61616,8,mu,-0.022088595014770906,0.7356858026804616,0.7356858026804616,False,False
61616,8,sigma,0.020646326067224642,-0.7087862517561138,0.7087862517561138,False,False
61616,8,theta,-0.022360507940252277,0.741781266233066,0.741781266233066,False,False
61616,9,mu,0.0010578421046929837,1.4967175878033954,1.4967175878033954,False,False
61616,9,sigma,-0.0038781616981130133,-1.3008569061205029,1.3008569061205029,False,False
61616,9,theta,0.0014160944360382228,1.5061571783809986,1.5061571783809986,False,False
61616,10,mu,0.015487972796532107,-1.1133743975482846,1.1133743975482846,False,False
61616,10,sigma,-0.004967491037625202,0.09145768367899625,0.09145768367899625,False,False
61616,10,theta,0.015329259756251417,-1.1139776052337238,1.1139776052337238,False,False
61616,11,mu,-0.009793039735204066,-1.6917515212953447,1.6917515212953447,False,False
61616,11,sigma,-0.009493874840995014,-1.1164257835153724,1.1164257835153724,False,False
61616,11,theta,-0.009594468544411875,-1.679976721044895,1.679976721044895,False,False
61616,12,mu,-0.038096134533556494,0.6413926567520909,0.6413926567520909,False,False
61616,12,sigma,-0.009308463747105637,-0.017070467824176015,0.017070467824176015,False,False
61616,12,theta,-0.03779753103543579,0.6416803063164972,0.6416803063164972,False,False
61616,13,mu,-0.009189383307305413,-1.6372070348360102,1.6372070348360102,False,False
61616,13,sigma,0.013071305029011755,1.5451691225469768,1.5451691225469768,False,False
61616,13,theta,-0.009128017004880333,-1.6470379436486278,1.6470379436486278,False,False
61616,14,mu,0.017288396604337224,-0.07012889008073679,0.07012889008073679,False,False
61616,14,sigma,-0.009829675566998288,-0.38558572085842346,0.38558572085842346,False,False
61616,14,theta,0.017428646063073813,-0.06750649417656825,0.06750649417656825,False,False
61616,15,mu,-0.010621714982923284,-0.15117759547289272,0.15117759547289272,False,False
61616,15,sigma,-0.025663553129788002,0.3442761185496227,0.3442761185496227,False,False
61616,15,theta,-0.010185597361199665,-0.15392325179739894,0.15392325179739894,False,False
61616,16,mu,0.0047033483267493025,-0.7144163412588757,0.7144163412588757,False,False
61616,16,sigma,0.01539092768502384,-1.70021689861187,1.70021689861187,False,False
61616,16,theta,0.004118139267825845,-0.7022512714623008,0.7022512714623008,False,False
61616,17,mu,0.010954458282911174,-0.5549309862175269,0.5549309862175269,False,False
61616,17,sigma,0.014719503355535858,0.49397786488543116,0.49397786488543116,False,False
61616,17,theta,0.010929678546235451,-0.560359479954371,0.560359479954371,False,False
61616,18,mu,-0.0060881283181227494,-1.4437198393721031,1.4437198393721031,False,False
61616,18,sigma,-0.0022271799570655697,-0.18467276003461203,0.18467276003461203,False,False
61616,18,theta,-0.006097970612469757,-1.4404787415401643,1.4404787415401643,False,False
61616,19,mu,0.018639827881723393,0.7962179631176294,0.7962179631176294,False,False
61616,19,sigma,0.004754505899051191,-0.6234593728672738,0.6234593728672738,False,False
61616,19,theta,0.018903530818912113,0.8044668432287989,0.8044668432287989,False,False
61616,20,mu,-1.425095135714577e-05,-1.4340544277543914,1.4340544277543914,False,False
61616,20,sigma,0.026826203307992465,-0.40399442771556554,0.40399442771556554,False,False
61616,20,theta,0.00027624189021069226,-1.4300858737513438,1.4300858737513438,False,False
61616,21,mu,2.6122944336352362e-05,0.23250294623173431,0.23250294623173431,False,False
61616,21,sigma,-0.011362648411344413,-1.29026004187836,1.29026004187836,False,False
61616,21,theta,0.0007546378289656576,0.24886800011068277,0.24886800011068277,False,False
61616,22,mu,0.0023064613846919308,0.21760019272044834,0.21760019272044834,False,False
61616,22,sigma,0.028051486190782893,0.26203197165346465,0.26203197165346465,False,False
61616,22,theta,0.0021663848248737283,0.211194012460453,0.211194012460453,False,False
61616,23,mu,0.01893508268598328,1.1985992477136023,1.1985992477136023,False,False
61616,23,sigma,0.012084847689425403,0.12249256601997197,0.12249256601997197,False,False
61616,23,theta,0.019102139925829875,1.1983614201337838,1.1983614201337838,False,False
61616,24,mu,0.044499858105311964,-0.6290269857859823,0.6290269857859823,False,False
61616,24,sigma,-0.002049163907029332,-0.43491304049690677,0.43491304049690677,False,False
61616,24,theta,0.044560778001638546,-0.6237162589818189,0.6237162589818189,False,False
61616,25,mu,0.04109614972603441,-1.2800279206276302,1.2800279206276302,False,False
61616,25,sigma,-0.04935669913229589,-0.209235448526748,0.209235448526748,False,False
61616,25,theta,0.04098242438490247,-1.276048915798962,1.276048915798962,False,False
61616,26,mu,-0.005727066804842688,0.8876601525756924,0.8876601525756924,False,False
61616,26,sigma,-0.013240233720200242,0.15465170927548666,0.15465170927548666,False,False
61616,26,theta,-0.005482367826874004,0.8883738812910306,0.8883738812910306,False,False
61616,27,mu,-0.034637880428293716,-1.4228313499420944,1.4228313499420944,False,False
61616,27,sigma,0.002442615073937201,-1.4309077521478457,1.4309077521478457,False,False
61616,27,theta,-0.03456670395905376,-1.406069010964233,1.406069010964233,False,False
61616,28,mu,0.04006884436155851,-1.6981825335722556,1.6981825335722556,False,False
61616,28,sigma,0.010764384160326622,2.1402452582574525,2.1402452582574525,True,False
61616,28,theta,0.03931126811729034,-1.7238692153792838,1.7238692153792838,False,False
61616,29,mu,-0.017486850232914193,0.39419125272685196,0.39419125272685196,False,False
61616,29,sigma,0.033797263421804176,-0.3888819649585915,0.3888819649585915,False,False
61616,29,theta,-0.016722119603539077,0.40094513332412374,0.40094513332412374,False,False
61616,30,mu,-0.00535769619836685,0.04935344273038263,0.04935344273038263,False,False
61616,30,sigma,-0.013893177189425504,0.8957947485543233,0.8957947485543233,False,False
61616,30,theta,-0.005135582243310622,0.03577452300864988,0.03577452300864988,False,False
61616,31,mu,-0.016085083629304872,0.7316882819487203,0.7316882819487203,False,False
61616,31,sigma,0.022270934216220322,1.073623794436546,1.073623794436546,False,False
61616,31,theta,-0.016292564492161935,0.7133156953991044,0.7133156953991044,False,False
61616,32,mu,0.0025566672315383153,0.29235368904548076,0.29235368904548076,False,False
61616,32,sigma,-0.031188033359301696,0.4340577196510963,0.4340577196510963,False,False
61616,32,theta,0.002751553112292463,0.28667985782167177,0.28667985782167177,False,False
61616,33,mu,0.00688640564213714,-1.0936908187735557,1.0936908187735557,False,False
61616,33,sigma,0.03600281445257984,-0.5486533206643837,0.5486533206643837,False,False
61616,33,theta,0.006153948872238843,-1.085989262759624,1.085989262759624,False,False
61616,34,mu,-0.004520207131596406,-0.32721710831101997,0.32721710831101997,False,False
61616,34,sigma,-0.0133388257248638,0.6067275179007866,0.6067275179007866,False,False
61616,34,theta,-0.004478214119596879,-0.3350373665463605,0.3350373665463605,False,False
61616,35,mu,-0.027756530791022728,-0.21776751586178358,0.21776751586178358,False,False
61616,35,sigma,-0.01302517973596278,0.42772034862617536,0.42772034862617536,False,False
61616,35,theta,-0.028213165170103322,-0.2228128758574035,0.2228128758574035,False,False
