gvkey,train_start,train_end,n_obs,window_idx,sigma_lo,sigma_med,sigma_hi,sigma_mean,mu_lo,mu_med,mu_hi,mu_mean,n_rejects
100022,2014-01-01,2015-12-31,105,0,0.0917600154000481,0.10344798136661065,0.11913896617561036,0.10407527708203174,-0.06297624007932519,0.08169291055923183,0.2240962442660497,0.08126994687762099,0
100022,2014-04-01,2016-03-31,105,1,0.10810143201592694,0.12219784479431212,0.14142297475275828,0.12298679008988575,-0.1038559530355803,0.06348927323850996,0.23777550596575822,0.06336334185280657,0
100022,2014-07-01,2016-06-30,105,2,0.1090951442602216,0.1238213614551158,0.14299589620984407,0.12433878848205798,-0.1379261285448883,0.0378154058939161,0.20927472948010473,0.036961925240491446,0
100022,2014-10-01,2016-09-30,105,3,0.10737793062601306,0.12237065730368268,0.14042309799161362,0.12269661461948554,-0.09444635487006997,0.07055770447872134,0.24481974298600093,0.07180863096872249,0
100022,2015-01-01,2016-12-31,105,4,0.10737981842431045,0.12185878346318271,0.1399043684870409,0.12224670029898067,-0.07559212291527534,0.09246379190053719,0.25917880143135147,0.09118122803437956,0
100022,2015-04-01,2017-03-31,105,5,0.1029825675220195,0.11684079750079439,0.1356260222331061,0.11747840538819228,-0.14478820894428027,0.020827112767371533,0.1873690438602201,0.020826767471815343,0
100022,2015-07-01,2017-06-30,105,6,0.09925095468836749,0.11271151304277266,0.12965982144309882,0.1131478081171343,-0.11029505541734555,0.04281884341029394,0.19151715631585137,0.04257160273646902,0
100022,2015-10-01,2017-09-30,105,7,0.09503551042365516,0.10802165250585793,0.12439719769478016,0.1084398145342847,-0.0656522326924103,0.08837181739157404,0.24015142212374935,0.08893439462415441,0
100022,2016-01-01,2017-12-31,105,8,0.09023697080677469,0.10277371800214839,0.11892766047315699,0.10320472941187277,-0.0869324003418848,0.05350982185145016,0.20125938172013966,0.05394393789614047,0
100022,2016-04-01,2018-03-31,105,9,0.06552517434363404,0.074443419682268,0.08617523515652065,0.07469295931933051,-0.05064665831244218,0.04597262409991888,0.14537772171190913,0.04724496123826162,0
100022,2016-07-01,2018-06-30,105,10,0.06340464666086046,0.07195007641605913,0.08335331391353948,0.07243726557127976,-0.05482060840114684,0.045451847078984906,0.1476468976489852,0.045523518297849175,0
100022,2016-10-01,2018-09-30,104,11,0.06410336419353904,0.07353887430273501,0.08431238312221344,0.07362758728737427,-0.0807631406890235,0.029780999835086166,0.13284788176451692,0.028468026062172837,0
100022,2017-01-01,2018-12-31,105,12,0.06088885505869508,0.0693636495823753,0.07950848592509954,0.06946711685411705,-0.09661489383366037,-0.003907875775813202,0.09164312443178603,-0.0030924809788256623,0
100022,2017-04-01,2019-03-31,104,13,0.054516986239680466,0.06211230991031546,0.07244541895017642,0.06240950906514324,-0.08188714718452117,0.003973837248252184,0.08522129191299598,0.0034476521764255077,0
100022,2017-07-01,2019-06-30,104,14,0.05714909345638854,0.06492373932560845,0.0747801498247954,0.06515259970863271,-0.09068081928309106,0.00122012534369661,0.09260846371032447,0.0014699048685874077,0
100022,2017-10-01,2019-09-30,105,15,0.0566122696299237,0.06417333005717896,0.07399876194385459,0.06447219553932158,-0.10426865217104263,-0.012491447367494114,0.08436570062585798,-0.011504524147216326,0
100022,2018-01-01,2019-12-31,105,16,0.05675440690494877,0.06454562304819998,0.07404643192503928,0.06482770129207818,-0.08594594190267868,0.0007948307154856517,0.09014666058269775,0.0012505255289988664,0
100022,2018-04-01,2020-03-31,105,17,0.09061871257327682,0.10330054914732326,0.11910056848161212,0.10358092134721089,-0.13278086070939252,0.01268589838252824,0.15177231792079257,0.012718353653907305,0
100022,2018-07-01,2020-06-30,105,18,0.09255505860441678,0.10541276995739167,0.12095889070059558,0.10593480631967606,-0.10246843592398723,0.04196592025950091,0.1874883640672674,0.04380971116105455,0
100022,2018-10-01,2020-09-30,105,19,0.09231990044641651,0.1051308932257474,0.12084531454816233,0.10551997898292542,-0.09789439074585396,0.054344615559835385,0.1942751424405932,0.053671861423762464,0
100022,2019-01-01,2020-12-31,105,20,0.0942107894296615,0.1071171546766975,0.12268465781491672,0.10751296066414567,-0.05953202547286487,0.08132082692892525,0.22830238475775855,0.08220355387739924,0
100022,2019-04-01,2021-03-31,105,21,0.09366205905462763,0.10653328503034143,0.1217077643133233,0.10681558732155778,-0.11005949169573147,0.03637249117475415,0.19304908908727958,0.03738215705049373,0
100022,2019-07-01,2021-06-30,105,22,0.09309389798535249,0.10593940458839712,0.12235370630660419,0.10639639762479888,-0.09144441822656403,0.049774610368598995,0.1983043973870805,0.04900594941372344,0
100022,2019-10-01,2021-09-30,105,23,0.09276838461850487,0.10629102277848138,0.12238908227717886,0.10639370335882062,-0.09817384169064085,0.0455719828952353,0.19106011051050428,0.045880646757634154,0
100022,2020-01-01,2021-12-31,105,24,0.09446782516847056,0.10716519595817844,0.12330538183272834,0.107544230415414,-0.10231275233949047,0.03756415884221665,0.1816448922548069,0.03867602469739353,0
100022,2020-04-01,2022-03-31,105,25,0.06876483802352526,0.07867175736819393,0.09055459267894357,0.07900443177380242,-0.09379341579734138,0.017244656963301692,0.12806085810602483,0.017739223586855916,0
100022,2020-07-01,2022-06-30,105,26,0.06571777212093086,0.07454416059493876,0.08580792519096926,0.07486198375007427,-0.11482605290230909,-0.009582519410747347,0.09542229164054376,-0.009777854176318735,0
100022,2020-10-01,2022-09-30,105,27,0.06521020497254934,0.0738636258751163,0.08526166756323346,0.07417982500764304,-0.13562314806083214,-0.028928757142478848,0.07573952790521048,-0.03026542212982355,0
100022,2021-01-01,2022-12-31,105,28,0.0624004701589907,0.0708097549829462,0.08163631606905188,0.07117582965470623,-0.12313852519690344,-0.02594826517387012,0.07259558013565184,-0.02500871168906286,0
100022,2021-04-01,2023-03-31,105,29,0.05758043938624615,0.06520535958835702,0.07477144932732721,0.06546086234195658,-0.08148831463405187,0.011262319626502284,0.09708630576486928,0.010043322556905761,0
100022,2021-07-01,2023-06-30,105,30,0.060265701772643974,0.06826830233270004,0.07898581601934555,0.06859296169358718,-0.07499719452990371,0.019920909103175042,0.11106353632494666,0.019732127960378248,0
100022,2021-10-01,2023-09-30,105,31,0.06199465631730687,0.07019887377853315,0.08146091693052801,0.07058624314834504,-0.10146631226817734,0.002772502626940876,0.09639217191747974,0.0016830535751849122,0
100022,2022-01-01,2023-12-31,104,32,0.060835116620616254,0.06963171990522043,0.07994046983112418,0.06978449067379831,-0.10457291521963426,-0.007871082930746672,0.09062847117428705,-0.007750682117430497,0
100022,2022-04-01,2024-03-31,105,33,0.0544165788907252,0.06136523301348221,0.07041567622517662,0.061678201647220876,-0.05562403625879307,0.030238769057086497,0.11307190769414793,0.029698665400790896,0
100022,2022-07-01,2024-06-30,105,34,0.056143176942536344,0.06343421621770634,0.0738712982042838,0.06385383482701511,-0.07091315337425819,0.016167760841364454,0.10321654001091558,0.015592681438259554,0
100022,2022-10-01,2024-09-30,105,35,0.059065321112609044,0.06731340225667215,0.0771440872880901,0.06746899180800628,-0.08003942073033067,0.01476449106936122,0.10942525068731045,0.013427032549530146,0
100080,2014-01-01,2015-12-31,105,0,0.18482630053290505,0.20836878866878944,0.2399742909107969,0.20963232060281148,-0.15327408025305972,0.13900029963166588,0.42573133518883916,0.13759757454517285,0
100080,2014-04-01,2016-03-31,105,1,0.18628493482033334,0.21057641339807462,0.24370599291906797,0.21193587193673397,-0.18017945747456984,0.10849195622091311,0.4071256889979175,0.10791645530981046,0
100080,2014-07-01,2016-06-30,105,2,0.1904014198471769,0.21610257748621697,0.2495677273345803,0.21700583751809346,-0.25720343707133525,0.049007352094087506,0.35016486953235504,0.04737810092669485,0
100080,2014-10-01,2016-09-30,105,3,0.18726664556440584,0.21341417155928,0.24489753780063664,0.2139825178724246,-0.2577439958180283,0.028537688724361403,0.3317584720495116,0.031043128682761382,0
100080,2015-01-01,2016-12-31,105,4,0.18153571306497981,0.20601365913932423,0.23652149436988504,0.20666946589637364,-0.23176970479520229,0.052006398811962076,0.3339858337014916,0.04990298683086689,0
100080,2015-04-01,2017-03-31,105,5,0.14810613979918372,0.1680365708333017,0.1950528053765267,0.16895354011350888,-0.3111545974234214,-0.07339601368120693,0.167538888923031,-0.07309739774024115,0
100080,2015-07-01,2017-06-30,105,6,0.14173555500495122,0.16095782481236037,0.18516102234613324,0.16158095606980255,-0.2402452941535701,-0.021259038698755204,0.19025296875928144,-0.02205484603012886,0
100080,2015-10-01,2017-09-30,105,7,0.13264309588736317,0.15076809640225458,0.17362379679586995,0.15135172752826936,-0.193587854518506,0.020831022504342784,0.23264483381078466,0.021938886107797265,0
100080,2016-01-01,2017-12-31,105,8,0.1256036260657503,0.14305391793862082,0.16553910223455204,0.14365383617060815,-0.21790465908936354,-0.022505487722860158,0.18337654652702784,-0.02186764570957507,0
100080,2016-04-01,2018-03-31,105,9,0.12819481364015364,0.14564270401716825,0.16859507809565477,0.1461308765881437,-0.25130887940754015,-0.06185304845932352,0.1327478134016659,-0.05961496325054778,0
100080,2016-07-01,2018-06-30,105,10,0.12227753973649257,0.13875761033773937,0.1607490685111098,0.13969714155809487,-0.1747483204738401,0.01891955313372454,0.21588228172495272,0.019201546318405812,0
100080,2016-10-01,2018-09-30,104,11,0.1486298985736616,0.1705070275153135,0.19548642694661486,0.17071264338840486,-0.29868125104939897,-0.042902626023705044,0.1963163445797714,-0.0452636244389965,0
100080,2017-01-01,2018-12-31,105,12,0.16388312739416772,0.1866930115822053,0.21399794285141271,0.18697152620580004,-0.4013245932383284,-0.15280316624196827,0.10538046493866118,-0.15045466656440487,0
100080,2017-04-01,2019-03-31,104,13,0.2885661251456944,0.32876995022975364,0.3834644833464351,0.3303425772048467,-0.42507765545252435,0.028219150567504514,0.45916914391706426,0.025129402544742732,0
100080,2017-07-01,2019-06-30,104,14,0.28881445435896175,0.32810422882889134,0.37791212903291527,0.3292609370323355,-0.4369794186100641,0.031167040029584488,0.49343511861563905,0.033232959266987806,0
100080,2017-10-01,2019-09-30,105,15,0.28889632975435786,0.3274809612791126,0.3776197336779058,0.3290052452528555,-0.45405280286245203,0.018510851945107525,0.5144290682793451,0.024588901555764563,0
100080,2018-01-01,2019-12-31,105,16,0.2857255091388039,0.324948892183154,0.37278105823298874,0.3263698924068006,-0.35767847512037476,0.0784313116180391,0.529129838906391,0.08249205948845315,0
100080,2018-04-01,2020-03-31,105,17,0.2935169063982509,0.3345936536035129,0.38576829141652713,0.3355011197476418,-0.35984441651144156,0.10836587459924385,0.5629584767368295,0.10830844767812946,0
100080,2018-07-01,2020-06-30,105,18,0.29190380582931397,0.33245508524957856,0.3814840190666202,0.3341007219867339,-0.33768318085810295,0.11595395045646936,0.5772261979176888,0.12123821471717795,0
100080,2018-10-01,2020-09-30,105,19,0.28015726404232816,0.3190335072701356,0.3667216143581512,0.32021428057957474,-0.3218432192875687,0.14181278069606595,0.5739667518557549,0.140210722350999,0
100080,2019-01-01,2020-12-31,105,20,0.2732587497514487,0.3106936426285577,0.3558458647333511,0.3118411602837051,-0.23847344322257857,0.16739815597194346,0.5994764881196912,0.17115824767937068,0
100080,2019-04-01,2021-03-31,105,21,0.14266702415328972,0.16227262661063888,0.18538653519540646,0.16270257356360265,-0.20548399271394474,0.017282298699174387,0.2556520332968507,0.018808322450361636,0
100080,2019-07-01,2021-06-30,105,22,0.13893932517876925,0.15811067877578033,0.18260857922917972,0.1587928271423908,-0.19828596355430075,0.011881823771974769,0.2340404888107537,0.011231305933904007,0
100080,2019-10-01,2021-09-30,105,23,0.13542023217791485,0.15516015101973288,0.17865955082865656,0.1553100032093889,-0.22211687823171283,-0.012018299421203655,0.2004997965240879,-0.011428792721012212,0
100080,2020-01-01,2021-12-31,105,24,0.13500479580383226,0.1531507021809384,0.17621674482680896,0.15369236620873386,-0.2563466971670451,-0.05634524296401325,0.1493435481411171,-0.0551627621502366,0
100080,2020-04-01,2022-03-31,105,25,0.10901188775493252,0.12471718266980794,0.14355489000788144,0.12524456604788792,-0.11003401007361029,0.06585809614685212,0.24144718436351686,0.06665050585187882,0
100080,2020-07-01,2022-06-30,105,26,0.10878997540221229,0.12340125549025792,0.14204745396545723,0.12392738548182143,-0.17119738443708948,0.002010671120719237,0.17601434058329532,0.0017796160484788244,0
100080,2020-10-01,2022-09-30,105,27,0.09878527347694542,0.1118941149103118,0.12916072114201374,0.11237310310180414,-0.12090591015493048,0.0409481396229152,0.19928085356203948,0.03880208007513555,0
100080,2021-01-01,2022-12-31,105,28,0.0978047902385474,0.11098521382680224,0.12795452130524732,0.11155903231162208,-0.12227232917194326,0.02938488542401423,0.1845508093563131,0.031060793420731515,0
100080,2021-04-01,2023-03-31,105,29,0.08745044453690513,0.09903081736511207,0.11355932385156078,0.0994188536720798,-0.12392963227842788,0.017067393906324484,0.14727689552804735,0.015126358087654137,0
100080,2021-07-01,2023-06-30,105,30,0.0892809493967477,0.10113643887629753,0.11701396472765375,0.10161740302421925,-0.15283299291012578,-0.01253575091146978,0.122738251242514,-0.012888484162932961,0
100080,2021-10-01,2023-09-30,105,31,0.09015548839584689,0.10208644144440399,0.11846422785960065,0.10264976307091865,-0.1632934624469377,-0.01176095548439129,0.12457592741871015,-0.013242514073162228,0
100080,2022-01-01,2023-12-31,104,32,0.099823906015735,0.11425818019537917,0.13117374511581273,0.1145088493248463,-0.22580738264986053,-0.06752611876891915,0.0946809915205691,-0.06748047742004368,0
100080,2022-04-01,2024-03-31,105,33,0.09973449907875828,0.11246999930917381,0.1290576324944312,0.11304360940425474,-0.3127991664021892,-0.15549967803498466,-0.0038641284622483642,-0.15657486111788904,0
100080,2022-07-01,2024-06-30,105,34,0.0937791758576463,0.1059577831476178,0.1233913197563061,0.10665871501485215,-0.28872428373329534,-0.14325844178671776,0.0020877492414530714,-0.14421225353405828,0
100080,2022-10-01,2024-09-30,105,35,0.09522559362827546,0.10852320014677963,0.12437230433636189,0.10877405386003179,-0.23480741182368972,-0.08193955654464354,0.07034681361372151,-0.0842758035557097,0
100957,2014-01-01,2015-12-31,105,0,0.07116964963610231,0.08023490161978146,0.09240492086662462,0.08072143562622645,-0.06475293005331852,0.04729025918770818,0.15780965923965534,0.04697448517687421,0
100957,2014-04-01,2016-03-31,105,1,0.07118874484308307,0.08047175379086449,0.09313220172503894,0.08099131247124067,-0.04502100114321181,0.06533205621302256,0.18032140436920568,0.06522344537373766,0
100957,2014-07-01,2016-06-30,105,2,0.07742956868872597,0.08788142464931087,0.1014904017564751,0.08824864481792287,-0.06662043155653662,0.058345228551740416,0.17949373329299637,0.05771815001587111,0
100957,2014-10-01,2016-09-30,105,3,0.07655325363946779,0.0872420337851678,0.10011221288372894,0.08747443146035491,-0.061492565917725533,0.05623524614674531,0.1807195402519521,0.0572166337062021,0
100957,2015-01-01,2016-12-31,105,4,0.07540529930743921,0.08557287129624361,0.09824500924063016,0.08584527839413586,-0.05677118740432162,0.06130936994711416,0.17817060353731368,0.06044256573044635,0
100957,2015-04-01,2017-03-31,105,5,0.07380234229907062,0.08373383175406246,0.09719625518173888,0.08419077668491977,-0.053787200982755384,0.0647011377190804,0.1840387812736545,0.06478185862386195,0
100957,2015-07-01,2017-06-30,105,6,0.07267063789551201,0.082526360703398,0.09493572755488991,0.08284579385473323,-0.044223443530690444,0.06790896910327195,0.17696199374719457,0.06777961348678851,0
100957,2015-10-01,2017-09-30,105,7,0.07352553943254884,0.08357245662065435,0.09624162370087183,0.0838959750094528,-0.05660647899433313,0.0627580561112164,0.18008889705959655,0.06314274190322765,0
100957,2016-01-01,2017-12-31,105,8,0.07413088789909088,0.08442999341732922,0.09770067225767638,0.08478407916530506,-0.0752924386454457,0.04036729150750132,0.16162295315206632,0.04065310608226762,0
100957,2016-04-01,2018-03-31,105,9,0.0662461434709518,0.07526251587000324,0.08712341575381276,0.07551480104579614,-0.06789695362495503,0.029783658208018524,0.13028794372937286,0.031072825212742267,0
100957,2016-07-01,2018-06-30,105,10,0.061047245234789105,0.06927495389265814,0.08025421585219361,0.06974402957496888,-0.057833590957944235,0.0387001518037609,0.1370961706490777,0.03876447096332453,0
100957,2016-10-01,2018-09-30,104,11,0.06117425130795384,0.07017861925667077,0.080459848033825,0.07026327924670078,-0.06660276345194742,0.03890784705549395,0.13727359752727403,0.03765657906490577,0
100957,2017-01-01,2018-12-31,105,12,0.0618060255387718,0.07040847587904514,0.08070612412225607,0.07051350173821369,-0.04062904266707804,0.053470087146726124,0.15046552842316735,0.054299286369660096,0
100957,2017-04-01,2019-03-31,104,13,0.059584866445829235,0.06788624982487117,0.07917992099849415,0.06821107578109309,-0.047497460981431594,0.04634412707334826,0.1351435368916009,0.04576207051686275,0
100957,2017-07-01,2019-06-30,104,14,0.06407119694460177,0.07278753360841576,0.08383777992327658,0.0730441146529695,-0.031185083772794515,0.0718255605463827,0.17428330669640493,0.0720900364577971,0
100957,2017-10-01,2019-09-30,105,15,0.06372765424176154,0.07223903613852212,0.08329938728327523,0.07257546291112803,-0.006075223846997439,0.09734477516018984,0.20636653372372174,0.09845823417467386,0
100957,2018-01-01,2019-12-31,105,16,0.06200093867134937,0.07051239452918112,0.08089148593185784,0.07082055040586964,-0.01524260414472152,0.0795101001195292,0.17711838762170515,0.08002232594694642,0
100957,2018-04-01,2020-03-31,105,17,0.07766383702159352,0.0885326757628342,0.10207393584878997,0.08877297082702335,-0.011680965826815668,0.11298397997304858,0.23225243570403256,0.11305126535555668,0
100957,2018-07-01,2020-06-30,105,18,0.08169575749101123,0.09304489828603205,0.10676703074164508,0.0935056905671236,-0.004647402350083206,0.12287610137144447,0.2513304015583197,0.1245031981444813,0
100957,2018-10-01,2020-09-30,105,19,0.08448045086538189,0.09620358623675788,0.11058359618360084,0.09655963209512206,-0.0023912776445118057,0.13698137318164452,0.264853212774598,0.1363242619555137,0
100957,2019-01-01,2020-12-31,105,20,0.0882249700812296,0.10031131103111943,0.11488971764097895,0.1006819716932437,0.012485833177161862,0.1443638428301477,0.2820023690303537,0.14522591562294554,0
100957,2019-04-01,2021-03-31,105,21,0.09493808412267984,0.10798466422928038,0.12336587604596594,0.10827081171238313,-0.05075155325394635,0.09767295897935208,0.25646951205436197,0.09869376853846577,0
100957,2019-07-01,2021-06-30,105,22,0.09504288533994258,0.10815731928477565,0.12491526945590513,0.10862388221546254,-0.06875427158058346,0.07537683236752445,0.2270405279626076,0.07461676254203745,0
100957,2019-10-01,2021-09-30,105,23,0.10062793646734094,0.11529624575272654,0.13275816804459337,0.11540762131229682,-0.1445949391434302,0.011357077970485161,0.16920229251500854,0.011719398231474644,0
100957,2020-01-01,2021-12-31,105,24,0.10423580424826323,0.11824608118221842,0.13605515713027502,0.11866430501767024,-0.09641702280848065,0.05797937114943221,0.2168849370324685,0.05909670288792381,0
100957,2020-04-01,2022-03-31,105,25,0.09791506676674099,0.11202164720194424,0.12894177110383395,0.11249534593837344,-0.09889039538066069,0.05911414890444265,0.21684092038416386,0.059840135341468495,0
100957,2020-07-01,2022-06-30,105,26,0.09825341341406592,0.11144956428147368,0.12828982731980876,0.1119247368911112,-0.13432700607753248,0.02233107049283879,0.1794414446215161,0.022100431447015536,0
100957,2020-10-01,2022-09-30,105,27,0.10094611224686355,0.11434169737954651,0.1319859953781073,0.1148311619007902,-0.15364092994481954,0.011762246685455252,0.17354946470350496,0.009567347258578484,0
100957,2021-01-01,2022-12-31,105,28,0.09813521961485945,0.11136017202983445,0.1283868101935671,0.11193592962943473,-0.13502793902626575,0.017135681212097506,0.17283044947098603,0.01881712458001831,0
100957,2021-04-01,2023-03-31,105,29,0.10148469281967368,0.1149235141211334,0.13178357621602935,0.11537381686917694,-0.08359674923661747,0.08013548066681506,0.23136229536795572,0.07784443084946921,0
100957,2021-07-01,2023-06-30,105,30,0.09810482494990981,0.11113202157819388,0.12857876893234962,0.11166051893692198,-0.060936561501868686,0.09312634002651277,0.24184478816781643,0.09270583700029059,0
100957,2021-10-01,2023-09-30,105,31,0.09574062130017547,0.10841069736476129,0.12580308871416693,0.10900891451017153,-0.0524227171883008,0.10846828178245838,0.2533006360287601,0.10693357129695226,0
100957,2022-01-01,2023-12-31,104,32,0.09337975720609618,0.10688222609220047,0.1227058018326058,0.10711671534053427,-0.05099556503853497,0.09713772779117258,0.24877890132980499,0.09720080958738558,0
100957,2022-04-01,2024-03-31,105,33,0.09336987998666309,0.10529265085587866,0.1208217314010287,0.10582965527527409,-0.10829729281494539,0.03898613866089834,0.1809720913247641,0.03799401379169369,0
100957,2022-07-01,2024-06-30,105,34,0.0859394883597747,0.09710000470386089,0.11307617220720326,0.09774233624979257,-0.08897593818987294,0.04432645520404646,0.17752322010138363,0.04344118365743598,0
100957,2022-10-01,2024-09-30,105,35,0.08318534321513486,0.09480161648147488,0.10864677441308057,0.095020748756898,-0.032744044761525676,0.10078871265632777,0.2339745790273038,0.09879987304288304,0
101202,2014-01-01,2015-12-31,105,0,0.12099957905612298,0.13641197211751996,0.15710295472558375,0.13723915887885724,-0.13578899552402815,0.05579321123981054,0.24299663263960528,0.05478475280180169,0
101202,2014-04-01,2016-03-31,105,1,0.12473289237499822,0.14099803947983208,0.1631809685016215,0.14190835481365788,-0.13190578211849308,0.06117946121173433,0.2619609363758138,0.060906324789976846,0
101202,2014-07-01,2016-06-30,105,2,0.13166277091779752,0.14943525115424924,0.17257630399864704,0.1500597458543009,-0.20442126426166857,0.007370081476549879,0.21456006252846246,0.00654694394954702,0
101202,2014-10-01,2016-09-30,105,3,0.14426243171986838,0.16440526915633608,0.18865875014000938,0.16484315635054525,-0.1424997750241767,0.07853242971678594,0.3125564567072504,0.08047514662653062,0
101202,2015-01-01,2016-12-31,105,4,0.14643512385702262,0.16618021796767418,0.19078922156663014,0.1667092235147302,-0.1348749936161953,0.09370389963839562,0.32172288135284,0.09220732919007116,0
101202,2015-04-01,2017-03-31,105,5,0.17870072595642209,0.20274820607512128,0.23534517784202766,0.20385457703567555,-0.17261640726389826,0.11462225144398716,0.40604591953501773,0.11478631237098992,0
101202,2015-07-01,2017-06-30,105,6,0.17581156876168869,0.19965510379289292,0.22967739174994764,0.20042815169657996,-0.13056014800385127,0.14106920265132253,0.40290324518233556,0.13994690893165262,0
101202,2015-10-01,2017-09-30,105,7,0.17083846863962956,0.1941826088230038,0.22361974744661967,0.1949342885747204,-0.09284082160142228,0.18395963763580664,0.4559885636931766,0.18478994751901026,0
101202,2016-01-01,2017-12-31,105,8,0.1623163525477725,0.18486720748628138,0.21392461711464453,0.18564244049112819,-0.05737274592183983,0.19457312670034038,0.46085079168424464,0.19536166622160175,0
101202,2016-04-01,2018-03-31,105,9,0.16464910669329635,0.18705864639474454,0.21653791078640997,0.18768560273110885,-0.07497453618747545,0.16902998433150462,0.41888597187303245,0.17155596827571878,0
101202,2016-07-01,2018-06-30,105,10,0.15855052944216297,0.17991930595374234,0.20843443006057133,0.18113751280832674,-0.053913664358477345,0.1969304432588844,0.45223078218031815,0.19742153956176725,0
101202,2016-10-01,2018-09-30,104,11,0.14603078518005802,0.16752534635597977,0.19206792856690505,0.16772736968246363,-0.07032805132470288,0.18101116670382456,0.4160659899002566,0.17869730305144646,0
101202,2017-01-01,2018-12-31,105,12,0.14392702287382944,0.1639593706471123,0.18793937684474032,0.16420396319153457,-0.1001545855333771,0.1183398562257004,0.34500520121167405,0.12031214218123389,0
101202,2017-04-01,2019-03-31,104,13,0.09590344902572463,0.10926476579966678,0.12744223227400087,0.10978757047009502,-0.12558795318433053,0.025277921889085602,0.1683558414783893,0.024423339300667948,0
101202,2017-07-01,2019-06-30,104,14,0.10032460687985158,0.11397288401841318,0.1312756026925444,0.11437464933467317,-0.10183381325796814,0.05932890581122452,0.2201479722681841,0.059623460574748,0
101202,2017-10-01,2019-09-30,105,15,0.09969638058153432,0.11301169880863804,0.13031463015389882,0.11353798785132345,-0.10553243478300837,0.05678206384039981,0.22728049294134708,0.05855913145281917,0
101202,2018-01-01,2019-12-31,105,16,0.09527684591301588,0.10835638123596683,0.12430595619666313,0.10882994442881483,-0.08086185668585799,0.0645611256907294,0.21484298557631804,0.06559216380110144,0
101202,2018-04-01,2020-03-31,105,17,0.1271065329584189,0.14489473282723386,0.16705657003183827,0.14528796798271476,-0.11554446853045512,0.08869544207785154,0.2833053929373758,0.08838423367167451,0
101202,2018-07-01,2020-06-30,105,18,0.13365695074050235,0.15222452704932482,0.1746743184789338,0.1529783460850348,-0.10924739897923551,0.09873677569189977,0.30945999575924615,0.10177200566422388,0
101202,2018-10-01,2020-09-30,105,19,0.1348343640770717,0.1535449489028635,0.1764960944172143,0.154113216143662,-0.11076865872198002,0.11121743853313901,0.3169422758115263,0.11042369750751288,0
101202,2019-01-01,2020-12-31,105,20,0.14134441285710267,0.16070782195586444,0.1840636207601023,0.16130160420710105,-0.08478480787604421,0.12610348815938374,0.34701410223339463,0.1273220218405671,0
101202,2019-04-01,2021-03-31,105,21,0.14362714405004634,0.1633646886076124,0.18663414867961473,0.16379752760986296,-0.1209332700533428,0.10332518370740537,0.3432966554767136,0.10486259455109759,0
101202,2019-07-01,2021-06-30,105,22,0.1395346215892588,0.15878811467272363,0.18339098048986444,0.1594731873621526,-0.1003168668768782,0.110752851449651,0.33385790413183,0.11009427114640474,0
101202,2019-10-01,2021-09-30,105,23,0.14037999938042953,0.16084289541237895,0.18520295844238163,0.16099823047093537,-0.1460452670755594,0.0717599842508709,0.292097261654166,0.07240754523431168,0
101202,2020-01-01,2021-12-31,105,24,0.14489882020432351,0.16437457038998302,0.1891310295657741,0.16495592549046023,-0.13559789664383792,0.07906802711138425,0.2997713735459415,0.08032924965048832,0
101202,2020-04-01,2022-03-31,105,25,0.1184666474531021,0.13553408584240617,0.15600562248492353,0.13610720979449922,-0.06553927404782482,0.12568818422955852,0.31644240985923994,0.12643668067640615,0
101202,2020-07-01,2022-06-30,105,26,0.12179416254962863,0.13815198667436665,0.15902706786160187,0.1387410083049914,-0.15000419164675494,0.04396372222994889,0.23868874234414084,0.04359849495361542,0
101202,2020-10-01,2022-09-30,105,27,0.1255355532844276,0.1421941598416923,0.16413643371464184,0.14280283518614925,-0.21065732320269853,-0.004741342926096829,0.19623000889538592,-0.007597087558651047,0
101202,2021-01-01,2022-12-31,105,28,0.12449453551076345,0.1412716582624818,0.16287175356862965,0.1420021222031409,-0.15180112003787968,0.04093640777354639,0.2387568121390915,0.04289639135770852,0
101202,2021-04-01,2023-03-31,105,29,0.12671264254715178,0.14349221305962806,0.16454346250987215,0.1440544383246624,-0.10585511933983956,0.09870432795831804,0.28755172573608684,0.09587300205901764,0
101202,2021-07-01,2023-06-30,105,30,0.13476992435621638,0.15266580722200834,0.17663301732813902,0.15339180944144545,-0.1183639392026773,0.09383042205563544,0.29862247783632817,0.09321939694322322,0
101202,2021-10-01,2023-09-30,105,31,0.13975359859290654,0.1582482489213558,0.1836361211965992,0.15912143991591085,-0.125324742800502,0.10930581362273324,0.32118250809285664,0.10739925563179298,0
101202,2022-01-01,2023-12-31,104,32,0.1394894195556796,0.15965920361504493,0.18329627405324392,0.16000945335525424,-0.11751768058794278,0.10300978286148692,0.33053054521646175,0.10288958781440484,0
101202,2022-04-01,2024-03-31,105,33,0.14486641513634052,0.16336506819973495,0.18745898221387233,0.16419825412792755,-0.11462127896176309,0.11382247894574114,0.3335437568747342,0.11194689691751943,0
101202,2022-07-01,2024-06-30,105,34,0.139217619936604,0.15729698171503725,0.1831771810163853,0.1583375855703166,-0.08716643103291485,0.1290344234747009,0.3445378753178339,0.1274960442161692,0
101202,2022-10-01,2024-09-30,105,35,0.14057557251742817,0.16020594610416444,0.18360296609944957,0.1605762967350626,-0.03480804992036218,0.1904456238301061,0.4151132182713301,0.18712176815428924,0
101204,2014-01-01,2015-12-31,105,0,0.15869764748477344,0.17891191400003145,0.20604933965725686,0.17999681892998481,-0.23270900208947481,0.018625217516878668,0.26400703179894847,0.01731874294307658,0
101204,2014-04-01,2016-03-31,105,1,0.1623916596274565,0.18356748166774045,0.2124477871303542,0.18475260023325615,-0.24616464348870032,0.005261219562548818,0.26586025313883416,0.004668770337671674,0
101204,2014-07-01,2016-06-30,105,2,0.1725422695748277,0.19583277329691745,0.22615892143650448,0.19665126030766295,-0.26023544088427975,0.017323727931848446,0.2900665001324048,0.015984576683290706,0
101204,2014-10-01,2016-09-30,105,3,0.1702406863012808,0.19401085970060614,0.2226318156164047,0.19452756158766385,-0.3245698571179633,-0.06405124687961244,0.2117559170290049,-0.06181688032371153,0
101204,2015-01-01,2016-12-31,105,4,0.15653748680733184,0.17764475491887452,0.2039515094869819,0.1782102554494466,-0.20955329495360114,0.03479585302424101,0.2784105914082314,0.033167703544392496,0
101204,2015-04-01,2017-03-31,105,5,0.15199945736976966,0.17245380452945427,0.2001802181335153,0.1733948766582252,-0.26085045298345627,-0.01682735135816299,0.23054457144136717,-0.016516485242356688,0
101204,2015-07-01,2017-06-30,105,6,0.14484985437724057,0.16449447758312147,0.1892294936943695,0.16513130770123582,-0.2240164614271899,-0.00021027090207372586,0.21590291096742975,-0.0010402262176309734,0
101204,2015-10-01,2017-09-30,105,7,0.13651073836123834,0.1551642279406067,0.17868636107892574,0.155764875915801,-0.20531942629483918,0.015426989045630786,0.23332903404081728,0.016529300861181838,0
101204,2016-01-01,2017-12-31,105,8,0.12616244234316654,0.14369037147999175,0.1662755936291897,0.1442929584080264,-0.20668952676056745,-0.010428470184347258,0.19637301102502475,-0.009787342706110204,0
101204,2016-04-01,2018-03-31,105,9,0.1224636632369107,0.1391315126592545,0.16105776410501507,0.13959786432194318,-0.2206712860833902,-0.03972083053245586,0.14616909062218997,-0.037562600145164354,0
101204,2016-07-01,2018-06-30,105,10,0.10772742298473428,0.12224649245910896,0.14162112741753316,0.12307423346230228,-0.21423525267875915,-0.04356431442069579,0.1300080029040508,-0.04332763052713478,0
101204,2016-10-01,2018-09-30,104,11,0.10906811193112047,0.12512207193422673,0.14345255505414264,0.1252729884085324,-0.16674209676290908,0.02140667301774595,0.1966925696365696,0.019265990605156467,0
101204,2017-01-01,2018-12-31,105,12,0.11380966056732782,0.12965018246699317,0.14861227269305263,0.129843585693579,-0.18883761240230143,-0.015789148308623744,0.16312605219156215,-0.01433197137482195,0
101204,2017-04-01,2019-03-31,104,13,0.12719420175940552,0.14491498885094284,0.16902327779464674,0.1456083520307485,-0.21009312546178116,-0.009986856221446495,0.17972511004446784,-0.011243883388265031,0
101204,2017-07-01,2019-06-30,104,14,0.1317116142647514,0.14962977670802888,0.1723455859889847,0.150157240936392,-0.21929957903879077,-0.007399026376062338,0.2038394936917551,-0.006915376844012729,0
101204,2017-10-01,2019-09-30,105,15,0.13563502129140056,0.15375025821488308,0.17729051199710538,0.15446622246780645,-0.2040164126641799,0.017040052478113552,0.2490205925156515,0.019534840257849344,0
101204,2018-01-01,2019-12-31,105,16,0.13386767674281627,0.15224488696106347,0.17465471899895438,0.15291030924795251,-0.121228732657105,0.08266468915544838,0.29463892422143845,0.08460481751916865,0
101204,2018-04-01,2020-03-31,105,17,0.1471858880949033,0.16778413244230195,0.19344685818024118,0.16823946430180484,-0.11852285651922123,0.11856977315859187,0.3437810097203611,0.11796857155701053,0
101204,2018-07-01,2020-06-30,105,18,0.14946923352006192,0.170233450167612,0.19533913268232894,0.17107642634406722,-0.10244810514282472,0.13009412367487697,0.36584815551900096,0.13344148808998615,0
101204,2018-10-01,2020-09-30,105,19,0.15346097756139554,0.17475630598192216,0.20087804760903627,0.17540307783870782,-0.15459548859417988,0.09842916371138373,0.33320405387381097,0.09757564615634405,0
101204,2019-01-01,2020-12-31,105,20,0.15622586359909896,0.17762794718145558,0.20344270886910532,0.17828422583490594,-0.1581191018555605,0.07474634517650718,0.3192324745145855,0.07623630517486073,0
101204,2019-04-01,2021-03-31,105,21,0.1459627259424086,0.1660212320943733,0.18966908574673483,0.1664611061598902,-0.19391366756447614,0.033987727533022566,0.2778762168409056,0.035539388047379175,0
101204,2019-07-01,2021-06-30,105,22,0.1353594299109797,0.15403682617721803,0.17790350384245407,0.1547013891631279,-0.15173563273254065,0.053007742124580357,0.2694741837948459,0.052404759692684405,0
101204,2019-10-01,2021-09-30,105,23,0.13301662747720278,0.15240617686881933,0.17548848157075755,0.152553371741955,-0.19455749787139867,0.011767611840417946,0.22053621377419963,0.012368855351392302,0
101204,2020-01-01,2021-12-31,105,24,0.13335682114697933,0.15128122514245196,0.1740657073375954,0.15181627801198436,-0.19652999458433104,0.0010415496709722293,0.20421918528127025,0.002210809873480643,0
101204,2020-04-01,2022-03-31,105,25,0.11402180949461271,0.1304488818331182,0.1501523282368758,0.13100050239405334,-0.14074673566110224,0.04326974792396754,0.22689587678865863,0.044041128241336436,0
101204,2020-07-01,2022-06-30,105,26,0.12570636760783055,0.1425896246575773,0.16413524812784402,0.14319756678335074,-0.17380228350154073,0.026450818737716115,0.22743771819813746,0.026072102491712292,0
101204,2020-10-01,2022-09-30,105,27,0.13494078569603976,0.15284746656717746,0.17643367709008068,0.15350173601205466,-0.2500224779720488,-0.028502253351941943,0.18734654851186786,-0.03171030111913944,0
101204,2021-01-01,2022-12-31,105,28,0.1334149844825723,0.15139421118543353,0.17454205403825734,0.15217703912623431,-0.1598231381925605,0.04687547648680919,0.25893081834176485,0.04886330524583874,0
101204,2021-04-01,2023-03-31,105,29,0.13608808011583914,0.1541091714906191,0.1767179821929786,0.15471298754639928,-0.143818253150281,0.07577777548150735,0.27871899858622795,0.07287454014217751,0
101204,2021-07-01,2023-06-30,105,30,0.1387772357771831,0.15720524063161456,0.1818851057473443,0.15795282848241715,-0.17309964933522728,0.04546666654074147,0.2563181146708085,0.044838966243069364,0
101204,2021-10-01,2023-09-30,105,31,0.13922852007919007,0.1576536827114135,0.18294616814254464,0.15852359343921496,-0.1518886314680223,0.08186256810594161,0.2929337424866233,0.07995969099172567,0
101204,2022-01-01,2023-12-31,104,32,0.1626361092734474,0.1861528242758113,0.21371221926167389,0.18656117339545916,-0.23898457428348488,0.017392640683309292,0.28354705524788126,0.01745626260873084,0
101204,2022-04-01,2024-03-31,105,33,0.160095737583832,0.1805391278497308,0.20716597085074173,0.18145990636366924,-0.25287330678721276,-0.00036476988072696274,0.2422859108424651,-0.0024832071458099703,0
101204,2022-07-01,2024-06-30,105,34,0.15319737533288946,0.17309216344036008,0.20157101982538564,0.17423728338632036,-0.2544683484856326,-0.016519914781125834,0.22058019336766624,-0.01820661641854927,0
101204,2022-10-01,2024-09-30,105,35,0.14243263575401116,0.16232233250103925,0.18602843617465756,0.16269757716639133,-0.1278665302296814,0.10033692437144082,0.32799015081968,0.09698296825506057,0
101336,2014-01-01,2015-12-31,105,0,0.14421593329348345,0.16258555488755305,0.1872465744436237,0.16357145706040024,-0.23481530890434976,-0.006258090238834923,0.21676908417670457,-0.007464784617584978,0
101336,2014-04-01,2016-03-31,105,1,0.15760109631620597,0.17815223336589825,0.20618056663889592,0.17930239566506184,-0.2628249468636957,-0.01884795921210012,0.23410445481648257,-0.019451691950423653,0
101336,2014-07-01,2016-06-30,105,2,0.16151508018924554,0.18331711096343517,0.2117050812875957,0.18408326201065112,-0.30536869636402836,-0.045564319289175675,0.20946772023985508,-0.046726761250453094,0
101336,2014-10-01,2016-09-30,105,3,0.162447892053403,0.18512995568343318,0.212440783984002,0.18562301709976947,-0.20214341563771998,0.04659749592389888,0.3098150001112618,0.04867877379664968,0
101336,2015-01-01,2016-12-31,105,4,0.15461475507808,0.17546276769417118,0.20144639776096562,0.17602132232480933,-0.17185954230371447,0.06948095765836931,0.31014499855805244,0.0678937132351482,0
101336,2015-04-01,2017-03-31,105,5,0.1469437233586238,0.16671773025719042,0.1935219286252108,0.16762750319315559,-0.2454613901751828,-0.009573046245008961,0.2294409971072901,-0.009278044123052049,0
101336,2015-07-01,2017-06-30,105,6,0.1457079294553555,0.16546892251819517,0.19035046939385103,0.16610952712922217,-0.17884030500575068,0.046293969952067804,0.2636745496093386,0.04545448002190665,0
101336,2015-10-01,2017-09-30,105,7,0.1411395980952996,0.1604255917888341,0.1847453228955497,0.16104660572282053,-0.08121440181965146,0.14711967164109954,0.37229248260447706,0.1482033598069041,0
101336,2016-01-01,2017-12-31,105,8,0.1275051315965402,0.1452196027647277,0.16804518970509558,0.14582860185082422,-0.08656413639913865,0.1117675333444399,0.32077832859997457,0.11241657113371424,0
101336,2016-04-01,2018-03-31,105,9,0.11484933319492509,0.13048083178816056,0.15104379053112585,0.13091819172026556,-0.0920518121183804,0.07765552852535917,0.25192181607306124,0.07965280559476993,0
101336,2016-07-01,2018-06-30,105,10,0.1107293370836191,0.12565299156626714,0.14556751750957317,0.12650379684945706,-0.09826096615423467,0.0771545924489222,0.2555548504754796,0.07740145092840958,0
101336,2016-10-01,2018-09-30,104,11,0.11097228064370075,0.1273065187955041,0.145957024634204,0.1274600687648705,-0.16628953324086868,0.025132737179380207,0.2035049526134673,0.022988026131924556,0
101336,2017-01-01,2018-12-31,105,12,0.12244772604268739,0.13949052257902608,0.15989181920371445,0.13969860701286924,-0.24587694913957547,-0.059816532191528125,0.13281445389534927,-0.05817959320628041,0
101336,2017-04-01,2019-03-31,104,13,0.13052520420128974,0.14871007232833094,0.17344971648822535,0.14942159115338952,-0.22855324515705397,-0.023219346959462882,0.17146879111422286,-0.024508201103001632,0
101336,2017-07-01,2019-06-30,104,14,0.1330623785049709,0.15116429810587406,0.17411306153459333,0.15169717196557236,-0.18309625367755486,0.03099602282171945,0.24438643823226297,0.031484028046149276,0
101336,2017-10-01,2019-09-30,105,15,0.1371177604340754,0.15543103010820752,0.17922861936914075,0.15615481913431253,-0.20562520755777933,0.017857090867609036,0.25236434499412724,0.02038266308222451,0
101336,2018-01-01,2019-12-31,105,16,0.13853728493281067,0.15755552708154635,0.1807470735892303,0.15824416788787754,-0.14549315371185975,0.06553487286999629,0.2849663242422922,0.06756496963354096,0
101336,2018-04-01,2020-03-31,105,17,0.18427440356597358,0.2100630670873656,0.24219218280261975,0.210633069169498,-0.21653044647520217,0.08026923392526825,0.362989896892415,0.07952095628944847,0
101336,2018-07-01,2020-06-30,105,18,0.20111052910066235,0.22904875714301415,0.26282822966409664,0.23018285242930908,-0.15863074953666143,0.154315571528549,0.47142184269366366,0.15833965636444902,0
101336,2018-10-01,2020-09-30,105,19,0.1962887200888663,0.2235270602896521,0.256938917038764,0.2243543385868007,-0.11823034266958528,0.20663327340144605,0.5080408313498983,0.2052422490823141,0
101336,2019-01-01,2020-12-31,105,20,0.19744769173550272,0.22449692800926313,0.2571229636855235,0.22532628952488276,-0.007221989181287977,0.28688228442945696,0.5966306635466956,0.2889015768446573,0
101336,2019-04-01,2021-03-31,105,21,0.1999313317820819,0.22740635604720177,0.25979778648782187,0.2280087373203311,-0.036971490717148794,0.27519140143319865,0.6092831644355792,0.2770085421946411,0
101336,2019-07-01,2021-06-30,105,22,0.1974057472350679,0.22464422887653784,0.2594513466621208,0.22561369825653704,-0.05543414008305959,0.24372462088153468,0.5589303461567462,0.24239184988557178,0
101336,2019-10-01,2021-09-30,105,23,0.19473322362024986,0.22311912030271597,0.2569110217706563,0.223334497978186,-0.02683003926312399,0.27400832279791565,0.579220637083122,0.2752296847895767,0
101336,2020-01-01,2021-12-31,105,24,0.20195416243083117,0.22909862647380091,0.26360306433911984,0.2299088404259378,-0.019647739169651048,0.28079339265389475,0.5880675058383912,0.28263751623112476,0
101336,2020-04-01,2022-03-31,105,25,0.16932466350883765,0.19371919791935427,0.22297928758047977,0.1945383638593832,0.015302302507028997,0.28843247262705185,0.5613165511701713,0.2893690761458489,0
101336,2020-07-01,2022-06-30,105,26,0.1643384061684822,0.18641015808579103,0.21457724207794443,0.1872049368127774,-0.16220195358285128,0.09885702340095184,0.3619829127679474,0.09862285421487292,0
101336,2020-10-01,2022-09-30,105,27,0.17659602516828235,0.20003034798350017,0.23089746741317974,0.20088652753603667,-0.21112245914941763,0.07906839218882566,0.3612135948124263,0.07477649057010984,0
101336,2021-01-01,2022-12-31,105,28,0.1748737302859185,0.19843976753097514,0.22878101782245744,0.199466032929814,-0.18946325979324888,0.0818934150338605,0.3606623170983072,0.08430343600407732,0
101336,2021-04-01,2023-03-31,105,29,0.1793491253873663,0.20309897525651793,0.23289478807740419,0.20389467916221043,-0.17245504055740538,0.11583121165371404,0.38347822395803793,0.11230053267546024,0
101336,2021-07-01,2023-06-30,105,30,0.1850159057810378,0.20958382355515176,0.2424867332279089,0.210580467278229,-0.16195094495362658,0.12905898542631722,0.4096383445309571,0.12818323876137586,0
101336,2021-10-01,2023-09-30,105,31,0.1835770352282102,0.20787118330139187,0.24122012030370127,0.20901812734251102,-0.22030302238145008,0.08777235470629602,0.3665455961581372,0.08553817814824523,0
101336,2022-01-01,2023-12-31,104,32,0.18328470914829936,0.20978713367487783,0.2408455470058623,0.21024730389255708,-0.21481640920718084,0.07361724471154824,0.37439147076793317,0.07402878150175231,0
101336,2022-04-01,2024-03-31,105,33,0.1717596065461072,0.19369244382592943,0.22225921565211598,0.19468030846268067,-0.11443981047423601,0.15650559533089026,0.41669547206818214,0.15419528329487384,0
101336,2022-07-01,2024-06-30,105,34,0.1642198056797768,0.18554597039211262,0.21607372622963694,0.18677350120392333,0.0475512967006827,0.30264886048556705,0.5567736170048244,0.3008484892614291,0
101336,2022-10-01,2024-09-30,105,35,0.16504665396227008,0.18809419882763156,0.21556410444170937,0.18852904473905185,0.0391801030862073,0.30344945581210314,0.5674902598992398,0.299757855845027,0
101361,2014-01-01,2015-12-31,105,0,0.10607034995144231,0.11958111079142167,0.13771917637913797,0.12030623639854286,-0.027448915085306436,0.14013549436300912,0.30448909594657997,0.13944896452818892,0
101361,2014-04-01,2016-03-31,105,1,0.11099302575400684,0.12546650111524388,0.14520588247677793,0.1262765484276388,0.009420340668766226,0.18124211533305212,0.3601613267562051,0.18111335048705773,0
101361,2014-07-01,2016-06-30,105,2,0.11685867631796809,0.13263284596025895,0.1531719079573142,0.13318710371686,-0.008383946485096067,0.17977706638464866,0.36349890529802154,0.1789199619204107,0
101361,2014-10-01,2016-09-30,105,3,0.11362424589703166,0.12948912898983211,0.1485917034359807,0.12983404333496432,0.028431972032928354,0.2029738121196542,0.3873290340159512,0.20430120489244513,0
101361,2015-01-01,2016-12-31,105,4,0.1255033795594891,0.1424260886789414,0.16351741648672355,0.14287947765861234,-0.07457058116157501,0.12154913885759999,0.3166435052748034,0.12017947638568094,0
101361,2015-04-01,2017-03-31,105,5,0.12464611132772503,0.14141956911270043,0.1641564565320444,0.14219129863125313,-0.08616600056951845,0.11420286167418997,0.3162251736452973,0.11419571537967162,0
101361,2015-07-01,2017-06-30,105,6,0.11979106727849972,0.13603726401630564,0.15649309363399405,0.1365638802851245,-0.04065790987518539,0.14420089077096868,0.32340875080887593,0.14379954938149217,0
101361,2015-10-01,2017-09-30,105,7,0.11524539670403544,0.130993106344119,0.15085101266245357,0.13150019027001172,-0.0476451956354938,0.13876976136202795,0.3228513596219832,0.13959218239883855,0
101361,2016-01-01,2017-12-31,105,8,0.1106219453340711,0.12599080823461647,0.14579401170394213,0.12651917785553946,-0.03691358873733164,0.1353397173122502,0.3165829804507158,0.1358909544447872,0
101361,2016-04-01,2018-03-31,105,9,0.11018773431982863,0.12518476514068938,0.14491309718913206,0.12560437552329895,-0.08064637514413142,0.08213893729875923,0.2493316484603431,0.08407773112404691,0
101361,2016-07-01,2018-06-30,105,10,0.1014587841029883,0.11513299328595619,0.1333802205385997,0.11591257077697176,-0.06100620865513313,0.09974135894575414,0.2632432104545194,0.09997029466969269,0
101361,2016-10-01,2018-09-30,104,11,0.10016768982167286,0.11491157983162578,0.13174621967782188,0.11505018603261917,-0.027640094033434797,0.14520048834384391,0.306074233608432,0.14309586611472172,0
101361,2017-01-01,2018-12-31,105,12,0.10184977873030074,0.11602568164179777,0.13299511006179374,0.11619875860461075,-0.025151100254096205,0.1298453561934914,0.2898095105210711,0.131077376092648,0
101361,2017-04-01,2019-03-31,104,13,0.1028013337492144,0.11712367156285243,0.1366085573781693,0.11768407613569601,-0.0325261598519237,0.129179107175099,0.2825549270211194,0.12825579223149797,0
101361,2017-07-01,2019-06-30,104,14,0.10137793391033155,0.11516950599533739,0.13265388597006306,0.1155754896297731,0.009488910916468318,0.17235158268123627,0.3348775383108426,0.17265207412424405,0
101361,2017-10-01,2019-09-30,105,15,0.10795990525738788,0.12237888916990725,0.14111599830003044,0.12294879391101711,-0.003906628934645346,0.1719174907704461,0.35664494497514304,0.17384246168538575,0
101361,2018-01-01,2019-12-31,105,16,0.11086493021483809,0.126084372448017,0.14464344809799,0.12663542883370352,-0.05714185302180447,0.11190033298955554,0.2870881824350897,0.11330572026988368,0
101361,2018-04-01,2020-03-31,105,17,0.13501109910702672,0.15390551910567424,0.1774455419368037,0.15432320079413547,-0.08549998985385096,0.1316506136354445,0.33821923555843336,0.13120639978888102,0
101361,2018-07-01,2020-06-30,105,18,0.1413608510982686,0.16099865213467385,0.18474242116394846,0.16179591033727897,-0.10109644082793656,0.1188577507039494,0.3417698210729908,0.12204250553290896,0
101361,2018-10-01,2020-09-30,105,19,0.14102687258163527,0.16059676878784482,0.18460199349446782,0.1611911352040176,-0.10081638233359264,0.13146333678241856,0.34683313387390174,0.13065243333782933,0
101361,2019-01-01,2020-12-31,105,20,0.1444029172976779,0.1641853242462299,0.1880465016776958,0.1647919515079759,-0.10443371449533438,0.11095400975659175,0.33669249907604987,0.11221353252566722,0
101361,2019-04-01,2021-03-31,105,21,0.1466702675361556,0.16682600586023108,0.1905884901218126,0.1672680110956242,-0.15763812069940264,0.07136948276782235,0.31645285826597314,0.07292275144580858,0
101361,2019-07-01,2021-06-30,105,22,0.1480877269026448,0.16852138204395722,0.19463237335505762,0.1692484731611421,-0.11477055073144515,0.10925925679968734,0.3459566203221637,0.10847986675815424,0
101361,2019-10-01,2021-09-30,105,23,0.14645063489182047,0.16779843794491284,0.1932119316443349,0.16796048309775902,-0.09755514134453888,0.1297640452987046,0.3595951268485074,0.13040609435795722,0
101361,2020-01-01,2021-12-31,105,24,0.1506557436599371,0.17090527440250008,0.19664531583828238,0.17150972355770516,-0.04263931655892073,0.18066086884375732,0.410096746431975,0.18196740959971197,0
101361,2020-04-01,2022-03-31,105,25,0.14443596925310012,0.16524479803888048,0.19020397221812557,0.16594355709585534,-0.06384717622980118,0.16929189064575745,0.40191146748137163,0.17009178808671294,0
101361,2020-07-01,2022-06-30,105,26,0.14142693105576382,0.16042155131399985,0.18466164487862607,0.16110552265303305,-0.11442793375806708,0.110931180728569,0.33706956684445444,0.1105387699271106,0
101361,2020-10-01,2022-09-30,105,27,0.14518350544455247,0.16444939447537216,0.1898259263231286,0.16515331586962947,-0.11622913911965933,0.12222212173803058,0.35433051486765427,0.11869450025642536,0
101361,2021-01-01,2022-12-31,105,28,0.14641238555371028,0.16614310673406177,0.1915460817553093,0.1670022397621645,-0.08450040120203325,0.14239150366752523,0.3753776037427877,0.1445773296551862,0
101361,2021-04-01,2023-03-31,105,29,0.14770970939768632,0.16726976978335586,0.19180930166265275,0.16792513863435812,-0.038637371102241254,0.19937768901717684,0.41978456214091586,0.19638385730794689,0
101361,2021-07-01,2023-06-30,105,30,0.15748405790631567,0.17839609715059504,0.20640276244539246,0.17924444846585158,-0.10876608915516943,0.13963033130059083,0.3786998109393588,0.13888084677229484,0
101361,2021-10-01,2023-09-30,105,31,0.1596566354416238,0.18078520915462248,0.20978870987250212,0.18178273420911947,-0.1730884050155582,0.09487183570142232,0.337323687147748,0.09283485935291245,0
101361,2022-01-01,2023-12-31,104,32,0.15603303852233202,0.17859497314579217,0.20503544324257644,0.17898674912511262,-0.12854615455179363,0.11765700983503369,0.3727158061285369,0.11761290392128242,0
101361,2022-04-01,2024-03-31,105,33,0.14302004569202442,0.16128292378451875,0.18506975138708828,0.16210549022900994,-0.06113301779884097,0.16441165287959275,0.38133295291265373,0.1625470653641933,0
101361,2022-07-01,2024-06-30,105,34,0.14010294306151944,0.15829727419851747,0.1843420448549076,0.15934449676938067,-0.009534874445907072,0.2080430367319041,0.4249144268686413,0.20649523102655015,0
101361,2022-10-01,2024-09-30,105,35,0.1399933196133402,0.15954238649139668,0.1828424981641103,0.15991120268733333,-0.07794386921429532,0.14638480724924752,0.3701163975249398,0.14307046325810963,0
102296,2014-01-01,2015-12-31,105,0,0.06986426449916902,0.07876324226479552,0.09071004005206687,0.07924085229473343,-0.05792347564848415,0.0520560481961513,0.16055111172680686,0.05174524940188494,0
102296,2014-04-01,2016-03-31,105,1,0.07476561541114095,0.08451504762972495,0.09781161860734613,0.08506071070258794,-0.09032210666564515,0.02553392267698575,0.1462887012068077,0.025432157316483815,0
102296,2014-07-01,2016-06-30,105,2,0.07878127684173787,0.08941559287861117,0.10326214632325201,0.08978922444366903,-0.10324633403934351,0.02388447725979763,0.14717318472471216,0.023249032669073914,0
102296,2014-10-01,2016-09-30,105,3,0.07645732446369173,0.08713271038779134,0.09998676181862964,0.08736481687558563,-0.047232967677887094,0.07034669191430382,0.19467550499140046,0.0713268719731412,0
102296,2015-01-01,2016-12-31,105,4,0.07351605286408122,0.08342888141737878,0.09578352416736523,0.08369446349315762,-0.04664605717507562,0.06849113577264163,0.18239903337378374,0.06763696916990168,0
102296,2015-04-01,2017-03-31,105,5,0.07618384150200232,0.08643580603122564,0.10033264225433122,0.08690749565886059,-0.03697988066444774,0.0853640122403001,0.2085205483592211,0.08542836620771388,0
102296,2015-07-01,2017-06-30,105,6,0.07806286754720597,0.08864988937148732,0.10198004844558711,0.08899302822068518,-0.029503165950441335,0.09088610331708727,0.20802643645701901,0.09076999471635962,0
102296,2015-10-01,2017-09-30,105,7,0.07809600857893698,0.0887674570456421,0.10222416057842519,0.08911108555965094,-0.027121287313568915,0.0996220067094392,0.22426357770342972,0.10003766317388227,0
102296,2016-01-01,2017-12-31,105,8,0.07681718999904111,0.08748950734325137,0.10124107997370142,0.0878564235521341,-0.01975812109529354,0.10004363796299195,0.22571448009463246,0.100352049279512,0
102296,2016-04-01,2018-03-31,105,9,0.08266472215098587,0.0939157370496029,0.10871626726055313,0.09423054494433737,-0.0443784605189084,0.07758707111127783,0.20302488742505226,0.07915032582194953,0
102296,2016-07-01,2018-06-30,105,10,0.07872499037247258,0.08933523383284192,0.10349381547016984,0.08994013824351142,-0.03854624887431925,0.08606690554279751,0.21292623693238255,0.0861714513819103,0
102296,2016-10-01,2018-09-30,104,11,0.07823080464786178,0.08974576143886012,0.102893591628942,0.089854021116973,-0.055455722299764705,0.07934628531798193,0.20507322760146307,0.07772899081956501,0
102296,2017-01-01,2018-12-31,105,12,0.0798770480894328,0.09099470029826082,0.10430320306027477,0.09113043559751899,-0.06833151272896518,0.053225681977873335,0.17865635206083688,0.054280425296074186,0
102296,2017-04-01,2019-03-31,104,13,0.08585426518035848,0.09781551985314568,0.11408827221003408,0.09828354607741074,-0.06944314502972361,0.06561659193282668,0.19370552855477013,0.06487229904001808,0
102296,2017-07-01,2019-06-30,104,14,0.0842273603203973,0.09568575959377254,0.11021226624800057,0.09602305975489099,-0.058653439056008186,0.07666966515113083,0.2115384411203039,0.07696822792610021,0
102296,2017-10-01,2019-09-30,105,15,0.0837326645486496,0.09491588955777333,0.10944822948439342,0.09535791641265302,-0.056163812572186673,0.08010300378307683,0.22330755652141324,0.08156804630855223,0
102296,2018-01-01,2019-12-31,105,16,0.08335641166161427,0.09479952543324754,0.1087535820397133,0.09521383227168949,-0.07018076794211507,0.05713518161660615,0.1884426441253042,0.05793104280211252,0
102296,2018-04-01,2020-03-31,105,17,0.12800573387894523,0.14591977421111238,0.16823839011420738,0.1463157904063406,-0.1270557921354126,0.07863735441781083,0.2746085434882118,0.07831168656914912,0
102296,2018-07-01,2020-06-30,105,18,0.14435108593653276,0.16440429003810675,0.18865031012589004,0.16521840849217573,-0.14201774517185764,0.08257907198023055,0.31022635078746813,0.08582404811016509,0
102296,2018-10-01,2020-09-30,105,19,0.14838037352182817,0.16897068673376026,0.1942276141787444,0.16959604557277078,-0.17502474914591398,0.0695163711572912,0.29635611265397543,0.06868164135884819,0
102296,2019-01-01,2020-12-31,105,20,0.15518401168191176,0.17644336747597852,0.20208597741681367,0.17709527093829383,-0.10554910586856411,0.1257758620345351,0.3686083221246859,0.12724474146082984,0
102296,2019-04-01,2021-03-31,105,21,0.15363708428214598,0.17475022059394021,0.19964141628103357,0.17521320956953285,-0.18002819068289683,0.05979539562145912,0.31672773917178043,0.06143848433221427,0
102296,2019-07-01,2021-06-30,105,22,0.15359083989753716,0.17478381504558155,0.20186514547441162,0.17553794340761902,-0.16744371119547347,0.06494139022337983,0.3103789658553847,0.06407935753286467,0
102296,2019-10-01,2021-09-30,105,23,0.15292272437550933,0.17521395422826053,0.2017505419955765,0.17538315220064782,-0.19218846807820403,0.0452774180868679,0.2851597484937301,0.045915537510555764,0
102296,2020-01-01,2021-12-31,105,24,0.15447898441311061,0.17524239172028824,0.20163564123140965,0.17586217768083856,-0.1836398905576994,0.045398838481624446,0.28063253755053297,0.04673527297949944,0
102296,2020-04-01,2022-03-31,105,25,0.12198555486892072,0.13955996087617922,0.16063958262026243,0.14015010871453829,-0.09142096351521273,0.10551728654193235,0.30191309572531055,0.10624484782707602,0
102296,2020-07-01,2022-06-30,105,26,0.10710852547593824,0.12149397599388216,0.13985197877509506,0.12201197407352878,-0.13525253520616554,0.03530547338349594,0.20662490722119062,0.03508638366219478,0
102296,2020-10-01,2022-09-30,105,27,0.10412291865620303,0.11794006653392139,0.13613963673787927,0.1184449329396632,-0.12044964797041642,0.05017202723299486,0.21703726121020434,0.0479051773812825,0
102296,2021-01-01,2022-12-31,105,28,0.09635383551272847,0.10933872764117811,0.12605628932632207,0.10990403130079585,-0.10239914134149108,0.047033908876057684,0.1998779817608703,0.04868550028746255,0
102296,2021-04-01,2023-03-31,105,29,0.10128678938048295,0.11469940382799895,0.1315265876136043,0.11514882854734455,-0.07177605831798942,0.09163536659823651,0.2425655749858295,0.0893493265224066,0
102296,2021-07-01,2023-06-30,105,30,0.10197923536182397,0.11552090800382665,0.13365667351824836,0.11607027621446821,-0.08093745433549006,0.07923378448383236,0.23385861981412515,0.07878058755056233,0
102296,2021-10-01,2023-09-30,105,31,0.1038789662191913,0.1176260513563223,0.1364968688880442,0.11827511557512083,-0.09138453282455196,0.0831370379447309,0.24035877093547964,0.08153294686451232,0
102296,2022-01-01,2023-12-31,104,32,0.10216285638805517,0.11693533594453787,0.13424724633657278,0.11719187756886135,-0.06676047549745369,0.09520166972249718,0.26124698250811657,0.09524028491440129,0
102296,2022-04-01,2024-03-31,105,33,0.08613495376823761,0.097133862814853,0.111459643317622,0.0976292561396053,-0.050035585269375696,0.08584245639119908,0.21687079170603712,0.0849583720587777,0
102296,2022-07-01,2024-06-30,105,34,0.09059276053765711,0.10235756835853699,0.11919876298467225,0.10303468217475875,-0.0754548330526818,0.0650749081418697,0.20547540170871917,0.06414095784960099,0
102296,2022-10-01,2024-09-30,105,35,0.08918022987215221,0.10163364570148709,0.11647657624750773,0.1018685720017852,-0.04686449115434337,0.09630036452619392,0.23899700110104508,0.09413512679368628,0
14447,2014-01-01,2015-12-31,105,0,0.16274921264941505,0.1834795587567684,0.2113098124594061,0.184592161874479,-0.16971555544874142,0.08799638021221605,0.33974661001368556,0.08665156984410723,0
14447,2014-04-01,2016-03-31,105,1,0.1647967962727882,0.18628624578640865,0.21559429004567449,0.18748891422934405,-0.17871731030225,0.07644903070739094,0.3408861486833838,0.07586290573620229,0
14447,2014-07-01,2016-06-30,105,2,0.16447801280068394,0.18667998687665,0.21558873208931986,0.18746019972161942,-0.23876238569399297,0.02582100711265501,0.2856050546174411,0.02460799529821046,0
14447,2014-10-01,2016-09-30,105,3,0.16738974104482415,0.1907618358193559,0.21890348972346219,0.1912698891820578,-0.16156801842752874,0.09464462420260264,0.3658451713076228,0.09682124112157998,0
14447,2015-01-01,2016-12-31,105,4,0.1647563743206147,0.18697185194493932,0.214659831614676,0.18756704330850743,-0.10014001458142925,0.157234096918296,0.4134478546912097,0.1554252327518687,0
14447,2015-04-01,2017-03-31,105,5,0.1564109821357316,0.17745897935679783,0.20599009749041994,0.1784273622909033,-0.14979491950091242,0.10133152089935837,0.3559994796820042,0.10165240155428251,0
14447,2015-07-01,2017-06-30,105,6,0.15433047082073015,0.17526082718415104,0.20161482132124828,0.17593936253331696,-0.09607426659026364,0.14240027421394966,0.3725081049695036,0.14146195419330554,0
14447,2015-10-01,2017-09-30,105,7,0.1442136805560896,0.16391972766520033,0.18876915336781966,0.16455426682420216,-0.044807646218862206,0.18862512732784786,0.4185663061890633,0.1896384730420099,0
14447,2016-01-01,2017-12-31,105,8,0.1341258048252395,0.1527600971741594,0.17677090035495988,0.1534007135795074,0.006531265709441916,0.21506826866748777,0.43497458960550844,0.21575570304864228,0
14447,2016-04-01,2018-03-31,105,9,0.13725485871735082,0.15593587250507362,0.18051038487428314,0.15645853942387025,0.025528720470023306,0.22848637149650286,0.43681039653662856,0.23079735888067768,0
14447,2016-07-01,2018-06-30,105,10,0.14280415336172847,0.1620507078130617,0.18773385844782986,0.16314794214954673,0.08136251835043627,0.30749580113659053,0.5373880080403116,0.3078004397363036,0
14447,2016-10-01,2018-09-30,104,11,0.14100025251127052,0.1617543611968369,0.18545149210661213,0.16194943075851223,0.04834483395007173,0.2911219384564865,0.518081476855671,0.28886502750872717,0
14447,2017-01-01,2018-12-31,105,12,0.15283199148871837,0.17410375481430684,0.19956743530645946,0.17436348396132328,-0.05771773279979424,0.17422118380753476,0.41495631942743727,0.17632080296852254,0
14447,2017-04-01,2019-03-31,104,13,0.15972686092765104,0.18198016651200666,0.2122546652090706,0.18285084071983004,-0.03395261468502343,0.21714891872093914,0.455334294486697,0.21564338601527308,0
14447,2017-07-01,2019-06-30,104,14,0.1575364989473934,0.1789678521028203,0.2061374068966444,0.17959874290306185,0.0036483897797458,0.2576098682058685,0.5098610898856251,0.2580815107449671,0
14447,2017-10-01,2019-09-30,105,15,0.16352501125972402,0.1853651999413695,0.21374586117296554,0.186228334675864,-0.04827551937004732,0.21846415838340016,0.4988740983958447,0.2215176326371609,0
14447,2018-01-01,2019-12-31,105,16,0.16282420190668273,0.18517647833740034,0.2124337845838272,0.18598589237450686,-0.01137079025017319,0.23682153369498365,0.4947004044552165,0.2391143766013666,0
14447,2018-04-01,2020-03-31,105,17,0.1907064044979899,0.21739520517760197,0.25064572791477757,0.2179850894414253,-0.14135594543714589,0.16560396842476224,0.45832450471859204,0.1648259784305134,0
14447,2018-07-01,2020-06-30,105,18,0.20124536477229993,0.22920232421374745,0.26300444386381056,0.2303371794787662,-0.12571870074762106,0.1874357493203194,0.5047576016731113,0.1914631192849315,0
14447,2018-10-01,2020-09-30,105,19,0.20220198886012594,0.23026088289468954,0.2646792976197515,0.2311130842173045,-0.13557505578666623,0.19904472716695598,0.5096720615784576,0.19766161199701104,0
14447,2019-01-01,2020-12-31,105,20,0.20481977945990767,0.23287894847221552,0.266723093073078,0.23373925825067568,0.04695267047963245,0.35203235740569216,0.6735817447770686,0.3541193427131704,0
14447,2019-04-01,2021-03-31,105,21,0.20679612679594264,0.23521453293097314,0.26871814216874235,0.23583757687139367,-0.03468742444721585,0.2883115337651171,0.6337306112649932,0.29013865250160825,0
14447,2019-07-01,2021-06-30,105,22,0.20379512628877997,0.23191519069595568,0.26784895065710307,0.23291607486450147,-0.006767746709996757,0.30202978760301813,0.6274485454135705,0.30066851499399055,0
14447,2019-10-01,2021-09-30,105,23,0.2118271183958981,0.24270477911660202,0.2794629513575971,0.24293902096672895,-0.018673831613977777,0.307787726779827,0.6395748924383138,0.30919600124740976,0
14447,2020-01-01,2021-12-31,105,24,0.21405573156255484,0.2428267409445068,0.27939873318532027,0.24368548987311198,-0.017570353651883884,0.3013233784621524,0.6267646505807232,0.3031278135163353,0
14447,2020-04-01,2022-03-31,105,25,0.20117715568057132,0.23016066910217992,0.2649250877251286,0.23113393092093096,-0.003494308935699856,0.3196076225827553,0.6439780379095528,0.3205989996608114,0
14447,2020-07-01,2022-06-30,105,26,0.2064459729099681,0.23417294539263528,0.26955725024641225,0.2351713731561474,-0.11677274441502004,0.20979092116717707,0.5405404265082486,0.20952411414467206,0
14447,2020-10-01,2022-09-30,105,27,0.20836141863197943,0.23601099209423226,0.2724303858116951,0.23702111323321948,-0.12967188970159682,0.21292068107254408,0.5455909408995674,0.20785073850442717,0
14447,2021-01-01,2022-12-31,105,28,0.20067811298018312,0.22772134838406602,0.2625399375185855,0.22889920048696946,-0.14531114691271577,0.16626564500140878,0.48687386232763424,0.1690157172796588,0
14447,2021-04-01,2023-03-31,105,29,0.204996313007924,0.23214245346312123,0.2661990173581055,0.23305189527196885,-0.12510863552171747,0.20376879452800575,0.5096811716639149,0.19979616899235492,0
14447,2021-07-01,2023-06-30,105,30,0.21121752160659277,0.23926466729305934,0.2768272685209923,0.2404024300310623,-0.1892356067927518,0.14232752172058666,0.4623899477231139,0.14112038983100958,0
14447,2021-10-01,2023-09-30,105,31,0.20721488385282516,0.23463721669836773,0.27228026725466614,0.23593180071894487,-0.2583852631873575,0.08936584982704626,0.4041265250006333,0.08692077435698616,0
14447,2022-01-01,2023-12-31,104,32,0.21110920388195195,0.24163493442941641,0.2774083742324976,0.24216492124800026,-0.28823802037008,0.043354708552638996,0.3897105951657426,0.04421622827542333,0
14447,2022-04-01,2024-03-31,105,33,0.21024472405595057,0.23709206502413538,0.27205968513648415,0.2383012849314594,-0.2038608540849308,0.1277937300044697,0.44630812609302856,0.12497454036029922,0
14447,2022-07-01,2024-06-30,105,34,0.19847350422834142,0.224247813547512,0.26114261906514424,0.2257314756942278,-0.20220339809650556,0.10598291368541923,0.41321042807895486,0.10406364489053684,0
14447,2022-10-01,2024-09-30,105,35,0.21925978225520848,0.2498776406075658,0.2863705716605174,0.25045541525944126,-0.2755555786363809,0.07641798365839408,0.4291343738996026,0.07171480973175787,0
17436,2014-01-01,2015-12-31,105,0,0.1486224674576732,0.16755338175581388,0.19296792801271478,0.1685694087043224,-0.22158994688068095,0.013864447113258172,0.243731435952105,0.012663844923543529,0
17436,2014-04-01,2016-03-31,105,1,0.15139480343239323,0.1711366452781818,0.19806122777538024,0.17224152023340927,-0.27074812906806306,-0.03642610799316768,0.20662375245335746,-0.03703426387522519,0
17436,2014-07-01,2016-06-30,105,2,0.15402432276226985,0.17481523269466204,0.20188660456834706,0.1755458349833664,-0.29542260514136215,-0.0477883686974292,0.1953316540301924,-0.048737602929177753,0
17436,2014-10-01,2016-09-30,105,3,0.15347066008245633,0.17489923518933687,0.2007008075413319,0.17536506096434665,-0.18625984908809007,0.04881743557282807,0.29760556832409996,0.05080656924581298,0
17436,2015-01-01,2016-12-31,105,4,0.14972996558274335,0.16991932710538438,0.19508204461056589,0.17046023534100868,-0.12550591516279616,0.10821071161673307,0.3413435397184113,0.10669680890174138,0
17436,2015-04-01,2017-03-31,105,5,0.14203866187666844,0.16115260397472064,0.18706207050861437,0.16203201028260567,-0.21580994905625378,0.012236926493862732,0.24310098349978523,0.012467202763554713,0
17436,2015-07-01,2017-06-30,105,6,0.1369269528612473,0.15549709097580322,0.17887914087293558,0.1560990715262285,-0.19082805108417963,0.020654665500655894,0.22512037906871105,0.019972214523055053,0
17436,2015-10-01,2017-09-30,105,7,0.1268972743885752,0.14423714377389496,0.16610278277833251,0.14479549431423488,-0.09629695125661678,0.10879361056463724,0.31148932945489943,0.1098416617792588,0
17436,2016-01-01,2017-12-31,105,8,0.11357525024966196,0.12935442046457646,0.14968631659429044,0.12989689455906808,-0.08283095632792536,0.09400027345877277,0.2800987951880181,0.09456835738503987,0
17436,2016-04-01,2018-03-31,105,9,0.11508690104626879,0.13075073386826291,0.15135622747604813,0.13118899835791453,-0.06628054102153001,0.10377964114200255,0.2784064176163018,0.10577984749167926,0
17436,2016-07-01,2018-06-30,105,10,0.10989812759469032,0.12470975526232542,0.14447478907767267,0.12555417421558812,-0.0948144934707994,0.07928603955584523,0.25635085730927293,0.07953139615335666,0
17436,2016-10-01,2018-09-30,104,11,0.10751472375253673,0.12334003763497575,0.14140945168903513,0.12348880570058196,-0.1628700248705938,0.022607987874605412,0.1953767770667495,0.020471439558147925,0
17436,2017-01-01,2018-12-31,105,12,0.1110352254851781,0.12648959191177228,0.14498942755633867,0.12667827981445054,-0.25265407183693017,-0.08378855771174668,0.09072536899177233,-0.0823870476557705,0
17436,2017-04-01,2019-03-31,104,13,0.11278379231062079,0.12849689904236838,0.14987385159022426,0.12911171620983777,-0.2504004082978191,-0.07298059188822156,0.09526879578640239,-0.07403599040201245,0
17436,2017-07-01,2019-06-30,104,14,0.12143109632129763,0.13795070134114482,0.15889351535127377,0.13843699369265675,-0.22837357739009606,-0.033035305309971855,0.16170928219078845,-0.032691611675787074,0
17436,2017-10-01,2019-09-30,105,15,0.12298863839705496,0.13941484058624026,0.16076025927133342,0.1400640642325293,-0.2674367227263162,-0.06704689690572704,0.14344019831378663,-0.06482701620941063,0
17436,2018-01-01,2019-12-31,105,16,0.12147693095749815,0.13815316788995052,0.15848873466093769,0.13875698347659213,-0.25852092286972117,-0.07345776730878076,0.11869531777419723,-0.07180310595080203,0
17436,2018-04-01,2020-03-31,105,17,0.14632903726204266,0.166807367988494,0.19232070016862257,0.16726005018384518,-0.4053691123078216,-0.16968098060755665,0.05421252440488993,-0.17027144899667507,0
17436,2018-07-01,2020-06-30,105,18,0.16836690274245494,0.19175638282310226,0.2200361759237383,0.1927059026549319,-0.3863427543093585,-0.1244438122459395,0.14111064880933485,-0.1207569145174814,0
17436,2018-10-01,2020-09-30,105,19,0.17415597008074613,0.19832305439828632,0.22796747954119936,0.19905704912416833,-0.3698714750638596,-0.08195814298941592,0.18499635496311753,-0.08313891559721044,0
17436,2019-01-01,2020-12-31,105,20,0.17931932468393452,0.20388508007992084,0.23351569864481111,0.20463833036358597,-0.23612580616437184,0.03100147099694072,0.3121053966849406,0.03283760910854351,0
17436,2019-04-01,2021-03-31,105,21,0.1778946601329478,0.20234133901303686,0.23116256171987457,0.20287737782792922,-0.2753642674241732,0.0023262166924814826,0.2999451852478221,0.004041969667622116,0
17436,2019-07-01,2021-06-30,105,22,0.17322025006034714,0.19712167592807617,0.22766419399987167,0.19797226143847796,-0.2478550496166438,0.014676686097764086,0.2912289279714935,0.013460111765645908,0
17436,2019-10-01,2021-09-30,105,23,0.17158746735649733,0.19659943172663213,0.22637488748632043,0.19678925129628305,-0.2545915412588606,0.01194828996650128,0.2809701938975904,0.012786570159186687,0
17436,2020-01-01,2021-12-31,105,24,0.17161708438712248,0.1946839979240153,0.22400531973812307,0.19537253043622035,-0.28276583137554906,-0.028095031064150164,0.2332477211375937,-0.02649160172858133,0
17436,2020-04-01,2022-03-31,105,25,0.16157170757572203,0.18484927619445582,0.2127696067556715,0.18563093481111564,-0.1868029241772114,0.07384426682854842,0.334228881048166,0.07478703930801496,0
17436,2020-07-01,2022-06-30,105,26,0.1439627521941039,0.16329794735600955,0.187972675791845,0.16399418270465269,-0.258557098446342,-0.02922244020029985,0.20096417694656032,-0.029613564482584728,0
17436,2020-10-01,2022-09-30,105,27,0.13705869304938212,0.15524642013446516,0.1792028188730071,0.1559109563928129,-0.2803850344058722,-0.055347327492414555,0.16384779935594446,-0.05863773272262594,0
17436,2021-01-01,2022-12-31,105,28,0.12859458071540453,0.1459242191371421,0.16823569439426997,0.14667875019379115,-0.2792290189870003,-0.08007714347312153,0.12428497616532094,-0.07810249151421855,0
17436,2021-04-01,2023-03-31,105,29,0.13445951129956557,0.15226494310854494,0.1746031964652239,0.1528615347199568,-0.32312536648339485,-0.1061131936224316,0.0943699596535451,-0.10901399950467419,0
17436,2021-07-01,2023-06-30,105,30,0.13465878751713017,0.15253991276569,0.17648735844558155,0.15326531633762175,-0.3324133972757244,-0.12039470917001484,0.08422828096568662,-0.12100626305210867,0
17436,2021-10-01,2023-09-30,105,31,0.13634789860220795,0.15439184635737307,0.17916103219955212,0.15524376119464614,-0.349776977242794,-0.12085029799764609,0.08581964917398255,-0.1227325141523338,0
17436,2022-01-01,2023-12-31,104,32,0.1353478397281623,0.1549187650184271,0.1778540245305612,0.15525861828537224,-0.31276845793118907,-0.09871992472214278,0.12195857113628275,-0.09882093835949908,0
17436,2022-04-01,2024-03-31,105,33,0.12107733763940155,0.13653821827207022,0.156675560191113,0.13723458089031565,-0.2206465363996802,-0.029729058267734323,0.15418468156163265,-0.031150106074664664,0
17436,2022-07-01,2024-06-30,105,34,0.11377440606290594,0.12854965751459196,0.14970019648593944,0.12940005610020952,-0.1894925270395874,-0.012904619854269623,0.16332101790526957,-0.014120943584471654,0
17436,2022-10-01,2024-09-30,105,35,0.11435753431374049,0.13032677126730258,0.14936014102694434,0.1306280339032507,-0.1734487122583247,0.00999907706428418,0.19268757068163073,0.0072269865411964925,0
17452,2014-01-01,2015-12-31,105,0,0.11466225295809462,0.12926741924813168,0.14887471046806963,0.13005128190849627,-0.07180651886569336,0.10962538232275185,0.28708536202158,0.10871148438749392,0
17452,2014-04-01,2016-03-31,105,1,0.10821960002300117,0.12233142186013354,0.14157756724017645,0.12312122951386034,-0.08829704801443976,0.07923111704307002,0.25370671107479426,0.07910506931925076,0
17452,2014-07-01,2016-06-30,105,2,0.11065871321277637,0.1255959873026886,0.14504533654615837,0.12612083186341153,-0.11983368601120299,0.05839959967488955,0.23235955427372476,0.057555234362791974,0
17452,2014-10-01,2016-09-30,105,3,0.11621928360995792,0.13244650541173608,0.1519853589209242,0.13279929525916384,-0.08843323295908305,0.09004961346759785,0.2786160787729196,0.09142839341305424,0
17452,2015-01-01,2016-12-31,105,4,0.11685261467496069,0.13260887308427582,0.15224640193633088,0.13303101082777954,-0.12974118774163387,0.052974316821458145,0.23446209719217942,0.051665580555219935,0
17452,2015-04-01,2017-03-31,105,5,0.14997228061247256,0.1701538345830398,0.1975104714523703,0.17108235683249007,-0.14267391989433584,0.09808727646466624,0.3421069062226307,0.09839173602950392,0
17452,2015-07-01,2017-06-30,105,6,0.14909563125255576,0.1693160549250557,0.19477610946257812,0.1699715616726424,-0.09208028328311861,0.13829527621170873,0.36067808707536275,0.13741761208984807,0
17452,2015-10-01,2017-09-30,105,7,0.14588840259286984,0.16582328948987685,0.1909612862499508,0.16646519700406803,-0.07849213746174455,0.1577205904429903,0.3902570712620695,0.15869392896424092,0
17452,2016-01-01,2017-12-31,105,8,0.14006451581380167,0.15952388338922252,0.1845978200532733,0.16019285975246123,-0.08160194197309961,0.13610229798096976,0.3657644136118842,0.13680360704029643,0
17452,2016-04-01,2018-03-31,105,9,0.14043945285120973,0.15955390842968759,0.1846986003757293,0.16008869974219003,-0.092279583709275,0.11542743354905877,0.3285741645633393,0.117761371403629,0
17452,2016-07-01,2018-06-30,105,10,0.1374728062229892,0.15600082630939804,0.18072513878471685,0.15705710128093203,-0.12795481018735352,0.08978630653104927,0.3110920027829918,0.09004819157699448,0
17452,2016-10-01,2018-09-30,104,11,0.13254801484011736,0.15205802419570258,0.17433463791741335,0.15224140880878734,-0.12095859697065982,0.1074640603252536,0.3207745208656686,0.10525945310815518,0
17452,2017-01-01,2018-12-31,105,12,0.1331381276936822,0.1516688471551581,0.17385129376207717,0.1518951015618463,-0.11772106526272196,0.0845022395200224,0.29405081143566764,0.08629173373311529,0
17452,2017-04-01,2019-03-31,104,13,0.08972445187205134,0.10222490453526042,0.11923120894528469,0.10271402741746706,-0.14264266224262517,-0.0014801646862407417,0.13236613990075913,-0.002281716402821624,0
17452,2017-07-01,2019-06-30,104,14,0.09345367089011848,0.10616722302721042,0.12228494819040525,0.10654147199918629,-0.11921446384402867,0.030895318491519143,0.18062758840329343,0.03119061012840465,0
17452,2017-10-01,2019-09-30,105,15,0.09338594969729033,0.10585845494404236,0.12206617681549557,0.10635143589790967,-0.10853489489820611,0.043476628008173916,0.2031899696167448,0.04513289044207573,0
17452,2018-01-01,2019-12-31,105,16,0.10083584718487651,0.11467851384362762,0.13155868452075506,0.11517971186506584,-0.15537321542673516,-0.0015261456688335927,0.1576324504792372,-0.0003636631731686737,0
17452,2018-04-01,2020-03-31,105,17,0.11860682544327403,0.1352055166533676,0.1558853985448184,0.13557246312466117,-0.2215565710469386,-0.03099472690313188,0.15068299797057141,-0.031230668948354415,0
17452,2018-07-01,2020-06-30,105,18,0.12523983273719808,0.1426381045188135,0.16367412097204398,0.1433444609434577,-0.2186012810377841,-0.02361707276335835,0.17371354920923812,-0.020828932133643018,0
17452,2018-10-01,2020-09-30,105,19,0.12636094698377212,0.1438957060679485,0.16540452110468373,0.14442826103317902,-0.24434733767661818,-0.03621302889860856,0.1562996485227821,-0.037023089541538906,0
17452,2019-01-01,2020-12-31,105,20,0.13417747088151988,0.15255904925466024,0.1747306004667039,0.15312273112032448,-0.22427381731220758,-0.023999413280428955,0.18566578795133865,-0.022814697514304427,0
17452,2019-04-01,2021-03-31,105,21,0.13360702175769654,0.15196757620319407,0.1736136501832694,0.1523702314850251,-0.23580035429434265,-0.027148015253695423,0.19613380587504667,-0.025700429067770123,0
17452,2019-07-01,2021-06-30,105,22,0.13107148660209028,0.14915722740798182,0.17226783745418478,0.14980072784489015,-0.2682620115580273,-0.06996962615813587,0.13963059707876702,-0.07056373390232318,0
17452,2019-10-01,2021-09-30,105,23,0.13120762290820978,0.1503334767590242,0.17310186667726563,0.15047867159189807,-0.29158389897063647,-0.08809773118146261,0.11784837922440287,-0.08748818352933053,0
17452,2020-01-01,2021-12-31,105,24,0.12804118857394947,0.1452511242952665,0.16712741737870979,0.14576485230786201,-0.2851832482843218,-0.09548837141564501,0.0996071632385388,-0.09432505207727884,0
17452,2020-04-01,2022-03-31,105,25,0.12332672288878495,0.14109435045280166,0.16240573292306212,0.14169098663657093,-0.22634976717450672,-0.02723449227398932,0.17131112818605837,-0.026515565589675535,0
17452,2020-07-01,2022-06-30,105,26,0.11886240791425352,0.13482647931926883,0.15519906527057953,0.13540132219761386,-0.22702840551807157,-0.03776830999107885,0.15226441743712119,-0.038123500524611276,0
17452,2020-10-01,2022-09-30,105,27,0.11446270384830087,0.1296519425660543,0.14965879834300153,0.1302069374842116,-0.2231979473316809,-0.0355727580324159,0.1478014848229796,-0.03808798686806977,0
17452,2021-01-01,2022-12-31,105,28,0.10515894749264043,0.11933041929536722,0.13757570095957794,0.11994739663614956,-0.19042317399513048,-0.027479292258255718,0.13943867214994846,-0.02570584076999392,0
17452,2021-04-01,2023-03-31,105,29,0.10339810414978129,0.1170903040421912,0.13426824701072396,0.11754909590057093,-0.16445355798353456,0.002371057499277354,0.15647551513779892,4.1052938750744395e-05,0
17452,2021-07-01,2023-06-30,105,30,0.10288598969664282,0.1165480685999056,0.13484508969471667,0.1171023213421426,-0.1826281166985581,-0.021018144576257385,0.1349893631292196,-0.021479169611863354,0
17452,2021-10-01,2023-09-30,105,31,0.0992785493967359,0.11241682637045734,0.1304519239685549,0.11303714803352417,-0.19570347796607138,-0.02888606198767881,0.12133075083678027,-0.030452109786405637,0
17452,2022-01-01,2023-12-31,104,32,0.09867715027391852,0.11294560691302313,0.1296668490293603,0.11319339681589717,-0.14303760128470913,0.013438509516406913,0.17376442733161548,0.013487460264562335,0
17452,2022-04-01,2024-03-31,105,33,0.07739570011396997,0.08727865439526347,0.10015093858066837,0.08772378472955236,-0.07977377379317581,0.042346134107709855,0.16010343917900552,0.041560539525174175,0
17452,2022-07-01,2024-06-30,105,34,0.0705968560465963,0.07976491531017665,0.09288892340328404,0.08029256646733361,-0.09099041710197991,0.01848903203739763,0.12792768261402404,0.017763720905056922,0
17452,2022-10-01,2024-09-30,105,35,0.07246873569699387,0.08258851080144322,0.09465002520879821,0.08277941019272866,-0.019554082829198228,0.09676300556227002,0.21291780805398183,0.0950784225981259,0
19349,2014-01-01,2015-12-31,105,0,0.10850876093908603,0.12233011755267431,0.14088515415286973,0.12307191292227264,-0.15054124547228992,0.020984436672519147,0.18904415615583398,0.020220541213260695,0
19349,2014-04-01,2016-03-31,105,1,0.10988174199551376,0.12421030643944891,0.14375205310689962,0.1250122439365317,-0.15282205425839526,0.017279313982568274,0.19441818051176932,0.01715163478400317,0
19349,2014-07-01,2016-06-30,105,2,0.11137883879230817,0.12641331833834327,0.14598923762377214,0.12694157918178614,-0.15611696624815657,0.023263675779781123,0.19836346797632753,0.022423711595944158,0
19349,2014-10-01,2016-09-30,105,3,0.1122348036345282,0.12790568245303716,0.14677466315260287,0.12824638002262578,-0.10717619106043944,0.0652547100932443,0.2473551243083725,0.06655497578883195,0
19349,2015-01-01,2016-12-31,105,4,0.11026372732612352,0.1251315531966264,0.1436617912998017,0.12552988828993336,-0.061574572687973866,0.11093745017133926,0.2821084839336337,0.10963928413942262,0
19349,2015-04-01,2017-03-31,105,5,0.1033776391864497,0.11728903334762442,0.13614632348317102,0.11792908720052736,-0.05736345688145215,0.10888321569593247,0.27607351767255095,0.10888547745335334,0
19349,2015-07-01,2017-06-30,105,6,0.10342414153689018,0.11745066681161138,0.13511160528579347,0.11790531147244226,-0.036495463849333984,0.12304050343823789,0.2779709287243447,0.12279086523996105,0
19349,2015-10-01,2017-09-30,105,7,0.09757096784744244,0.11090356639590623,0.12771599568639516,0.11133288431575367,-0.0021224776242768015,0.15599344660994208,0.31182305945293265,0.1565647046655045,0
19349,2016-01-01,2017-12-31,105,8,0.0884744083970494,0.10076628017428428,0.11660469381601525,0.1011888733889579,-0.06506368055574493,0.07267251648804751,0.21752014521263027,0.07308890374425914,0
19349,2016-04-01,2018-03-31,105,9,0.09146186149211205,0.10391020837741657,0.12028580435157274,0.10425851509694221,-0.08548619522837778,0.04952163128121714,0.18829951952888704,0.05120623558965532,0
19349,2016-07-01,2018-06-30,105,10,0.09203703394800647,0.10444141944746693,0.12099415587629576,0.10514860642304054,-0.07839840375074672,0.06735274272659206,0.21568101928976094,0.06753790669727629,0
19349,2016-10-01,2018-09-30,104,11,0.09106799067458174,0.10447247834009032,0.11977778298574306,0.1045984972867394,-0.12651682053855898,0.03054925259714955,0.17682300565475934,0.028622070452988313,0
19349,2017-01-01,2018-12-31,105,12,0.08810828828758265,0.10037159781327018,0.11505152606164107,0.10052132148300455,-0.17237157503208203,-0.038313617464196745,0.10007821696697904,-0.03716079025069452,0
19349,2017-04-01,2019-03-31,104,13,0.09055282673834653,0.10316868938568877,0.12033200329402355,0.10366232777521966,-0.2135827075682148,-0.07111381435595567,0.06396460874302862,-0.07192788747027105,0
19349,2017-07-01,2019-06-30,104,14,0.09113455057849565,0.1035326083668235,0.11925036637051012,0.1038975698845677,-0.17966224572668277,-0.033273892190018056,0.11272598329134317,-0.0329717623229565,0
19349,2017-10-01,2019-09-30,105,15,0.09526558434763473,0.10798913116343901,0.12452307392606757,0.10849203340366724,-0.2017653269975513,-0.04668723861133009,0.11624055641662276,-0.044993221519666914,0
19349,2018-01-01,2019-12-31,105,16,0.09881929893388255,0.11238513696274266,0.1289277305013066,0.11287631026334413,-0.1314030642372258,0.019391713012676906,0.17532606303554107,0.020502806581668767,0
19349,2018-04-01,2020-03-31,105,17,0.11628832878129954,0.13256255326385258,0.152838195876777,0.13292232860814987,-0.21772333545037903,-0.030885787748137217,0.14725606546469505,-0.031108780808932902,0
19349,2018-07-01,2020-06-30,105,18,0.12465173787778226,0.14196831163769252,0.1629055490803108,0.142671351830402,-0.18320467772989227,0.010871039980196536,0.2072662470405091,0.01364189954120166,0
19349,2018-10-01,2020-09-30,105,19,0.12545645532240596,0.14286570126233805,0.1642205553790803,0.14339444414105548,-0.16568006553686943,0.04097146815656264,0.2320794468525094,0.04016357533878199,0
19349,2019-01-01,2020-12-31,105,20,0.13962975927238297,0.1587582704923082,0.18183074451847256,0.15934485149495606,-0.17081147631694532,0.03754449622563502,0.2557580645102242,0.03874899340540785,0
19349,2019-04-01,2021-03-31,105,21,0.14504625711957994,0.1649788197929209,0.1884781939990129,0.1654159333604353,-0.14934903110405065,0.07711952776404876,0.3194604778497586,0.0786690204178334,0
19349,2019-07-01,2021-06-30,105,22,0.14740951980509623,0.16774959573591455,0.19374100202384933,0.16847335489666285,-0.15702351683169632,0.06597854801251588,0.30159848292343266,0.06520907663533518,0
19349,2019-10-01,2021-09-30,105,23,0.1469671481057055,0.1683902424993291,0.19389336614652142,0.1685528585309975,-0.1304745212309927,0.09765543187367795,0.32829322579303927,0.09829596074413369,0
19349,2020-01-01,2021-12-31,105,24,0.1510702027323642,0.1713754403613376,0.19718629295067658,0.17198155211451138,-0.1590038618607032,0.0649182405669834,0.29498269203247046,0.06622802977522935,0
19349,2020-04-01,2022-03-31,105,25,0.15132154489404603,0.17312237610757908,0.1992714173083329,0.17385444633643607,-0.14269529661751906,0.10148669209199634,0.34527322031451113,0.10235724445771828,0
19349,2020-07-01,2022-06-30,105,26,0.15139736830081793,0.1717310727274404,0.19768008125418213,0.1724632642331518,-0.2712991711978284,-0.030345642392506093,0.21173183914867189,-0.03070781538442826,0
19349,2020-10-01,2022-09-30,105,27,0.15186475437835228,0.17201724422126086,0.1985615895492975,0.17275355196957637,-0.2754761101901227,-0.02599816985853739,0.21673183046543512,-0.02971485362318216,0
19349,2021-01-01,2022-12-31,105,28,0.14304407250376905,0.16232089043249026,0.18713944032956772,0.16316024771836643,-0.1555106206844013,0.06617990433123325,0.29370504777486894,0.06828163679331231,0
19349,2021-04-01,2023-03-31,105,29,0.14178449911044158,0.16055992620186588,0.18411509341486737,0.16118901155134813,-0.18607145189347188,0.04254849971098431,0.25405888158264595,0.039608645703987436,0
19349,2021-07-01,2023-06-30,105,30,0.1431336950801898,0.16214018424702753,0.18759479666046278,0.16291123827072973,-0.17150984349339274,0.053969596191129954,0.2714244631097949,0.053341936460507514,0
19349,2021-10-01,2023-09-30,105,31,0.14385992591742705,0.1628979982983872,0.1890318345320345,0.16379684212914247,-0.22419585717650925,0.01731104407167877,0.23548968005636323,0.015376606175659216,0
19349,2022-01-01,2023-12-31,104,32,0.14600313475021606,0.16711478010134811,0.19185563190989893,0.16748138048022204,-0.20502148950711355,0.025628291366474487,0.26397723250021227,0.02553491804776533,0
19349,2022-04-01,2024-03-31,105,33,0.13044936622052233,0.14710701579393615,0.16880310158987955,0.14785728162190193,-0.12157356434817534,0.08417058820274534,0.28215390737526097,0.08251530761258137,0
19349,2022-07-01,2024-06-30,105,34,0.12648017167684034,0.14290542513448812,0.16641786360240013,0.14385080575103837,-0.04523717745078136,0.15110305620451725,0.34697323906395316,0.14975216512693698,0
19349,2022-10-01,2024-09-30,105,35,0.1360824890264493,0.1550854411490995,0.1777346465192476,0.15544395112381695,-0.06237376167939412,0.1557402340536736,0.3731858186575932,0.15249069495978235,0
201794,2014-01-01,2015-12-31,105,0,0.06627285522607483,0.07471437520242136,0.08604704047285057,0.07516743336596471,-0.08656687355387536,0.017736688982219424,0.12066180164817833,0.017439735608637676,0
201794,2014-04-01,2016-03-31,105,1,0.06635783241559008,0.07501089115606739,0.08681219295565185,0.0754951931379978,-0.1154127466339419,-0.012494893744661496,0.09470236870538729,-0.012614325427151863,0
201794,2014-07-01,2016-06-30,105,2,0.06368997009007388,0.07228718695404601,0.08348129347615854,0.07258923974303716,-0.10387548810193521,-0.001031542977081408,0.0985468193916405,-0.0015482753276975698,0
201794,2014-10-01,2016-09-30,105,3,0.061521342298906025,0.07011127753188276,0.08045428299396912,0.07029804538935323,-0.0906767579556406,0.003811113028788536,0.10399159986476203,0.004646490489232883,0
201794,2015-01-01,2016-12-31,105,4,0.05847235466463411,0.06635670979930874,0.07618320167222087,0.0665679455208758,-0.06522634521950343,0.0264652119602243,0.11691653469680896,0.025728329741790304,0
201794,2015-04-01,2017-03-31,105,5,0.055781183030373306,0.06328758898372788,0.07346274347572948,0.06363295781270835,-0.07991658208696654,0.00964383819102791,0.09983572848577688,0.009627262818919693,0
201794,2015-07-01,2017-06-30,105,6,0.060592490281363064,0.06881016045804274,0.07915703291909693,0.06907649724043725,-0.10204575139993123,-0.008409931239624323,0.08253131668512495,-0.008552050718402917,0
201794,2015-10-01,2017-09-30,105,7,0.06083664192840168,0.06914968457205184,0.0796324307998535,0.06941737137352423,-0.08781057236683543,0.01101148525690345,0.10808787815687829,0.011346196584849698,0
201794,2016-01-01,2017-12-31,105,8,0.06236177146877655,0.0710257769030802,0.08218958411163993,0.07132364961103693,-0.0838512386910737,0.013590773557183671,0.11555048993763746,0.013817922146226212,0
201794,2016-04-01,2018-03-31,105,9,0.06570170167278268,0.07464397315456062,0.08640739459519205,0.07489418502970074,-0.09800258236133651,-0.00112343274523394,0.0985507871171491,0.00015301944491744225,0
201794,2016-07-01,2018-06-30,105,10,0.06106824394540568,0.06929878272528,0.08028182127514354,0.06976801975473702,-0.0882436108293041,0.008323431186418113,0.10675329038155316,0.00838781423703399,0
201794,2016-10-01,2018-09-30,104,11,0.06189942080843227,0.07101052795234224,0.08141363201955222,0.07109619136299801,-0.10254532304819727,0.004211611827044272,0.10374131127578375,0.002945082401646892,0
201794,2017-01-01,2018-12-31,105,12,0.06329712007032598,0.07210710747453833,0.0826531904309586,0.07221466722055607,-0.08408491240926583,0.012277174242434085,0.11162124807929284,0.01312891249474381,0
201794,2017-04-01,2019-03-31,104,13,0.06333053653294322,0.07215376879581609,0.08415739139051163,0.07249901359601442,-0.07546195308130599,0.024273440791134665,0.11865894545926335,0.02365386848245793,0
201794,2017-07-01,2019-06-30,104,14,0.07427379426451339,0.0843781023938143,0.09718795701311984,0.08467554152928684,-0.02833225507783715,0.09106946258460809,0.2098836310275219,0.09132454551218852,0
201794,2017-10-01,2019-09-30,105,15,0.07510032013427656,0.08513062045443023,0.09816476657780566,0.08552708070943209,-0.02235502477668137,0.09973778625286012,0.22818416927818785,0.10104058823341155,0
201794,2018-01-01,2019-12-31,105,16,0.07313699617899175,0.08317719980844358,0.09542049678942485,0.08354070832821373,-0.018853302575384128,0.09289758724144517,0.20802864766025167,0.09353788239515162,0
201794,2018-04-01,2020-03-31,105,17,0.10938577930071419,0.12469401234577461,0.1437661654738402,0.12503243741400644,-0.08755738224351454,0.08816709747012484,0.25580337484903554,0.0880056944202384,0
201794,2018-07-01,2020-06-30,105,18,0.11510624970555244,0.13109676632450212,0.15043069976785997,0.1317459788423299,-0.03353343401800716,0.1457869557826943,0.3270107901415776,0.14828284903614303,0
201794,2018-10-01,2020-09-30,105,19,0.11678969750066683,0.1329962869468515,0.15287590222463893,0.13348850281682842,-0.03681195139927847,0.15558321866219654,0.33329430941773847,0.15484209500265045,0
201794,2019-01-01,2020-12-31,105,20,0.12252332708437057,0.13930835299867578,0.15955419589673764,0.13982308619239314,-0.02720783380358308,0.15575308992040848,0.3471781096876579,0.15691247654652188,0
201794,2019-04-01,2021-03-31,105,21,0.1262605950112369,0.14361158576059765,0.16406744551359065,0.14399210949060154,-0.05586308749303029,0.14137763142370702,0.35238365559633333,0.14272325591430027,0
201794,2019-07-01,2021-06-30,105,22,0.11629563247262995,0.1323425757290031,0.15284785724407948,0.13291350405804292,-0.12055108512067109,0.055519970530938795,0.24142189850511558,0.05491929293155945,0
201794,2019-10-01,2021-09-30,105,23,0.11735739699387915,0.13446432787678642,0.15482930063440742,0.1345942075063754,-0.1690750220415358,0.012870537232100916,0.1970263616651104,0.013363470745069477,0
201794,2020-01-01,2021-12-31,105,24,0.1186080573267703,0.1345500956167463,0.154814713037769,0.1350259797656331,-0.1633820910118294,0.012332704113513308,0.1930845846499495,0.013479518191703687,0
201794,2020-04-01,2022-03-31,105,25,0.08898088737372085,0.10180032430329633,0.11717658108523814,0.10223080087951764,-0.13196335185371433,0.011586795583155273,0.15500674143044027,0.012306918033413803,0
201794,2020-07-01,2022-06-30,105,26,0.14862653614591062,0.16858810297969362,0.19406219555300652,0.16930689385137937,-0.19293299744474351,0.04370564077903886,0.2813386490003214,0.04331931487522814,0
201794,2020-10-01,2022-09-30,105,27,0.14819527150628872,0.16786082152161697,0.1937637790114225,0.1685793421257725,-0.2228199466307153,0.020601336078006266,0.25749838853647056,0.01698878031442661,0
201794,2021-01-01,2022-12-31,105,28,0.1434551959716561,0.16278741565966687,0.18767729821344786,0.16362918665651635,-0.20360095668233838,0.018724476312474807,0.24691590936911983,0.020836387611591914,0
201794,2021-04-01,2023-03-31,105,29,0.1414361274921043,0.16016542223008315,0.1836627138649604,0.16079296222326223,-0.19380170729441215,0.03426629298502347,0.24525291809400765,0.03132895360340336,0
201794,2021-07-01,2023-06-30,105,30,0.14631796263091515,0.1657472832678364,0.19176818205141066,0.16653548931348358,-0.1433617903108721,0.08720243900355672,0.3094535338448185,0.08654577272623402,0
201794,2021-10-01,2023-09-30,105,31,0.1446815019401513,0.1638282998374922,0.19011138529672386,0.16473227613620742,-0.13103499686359824,0.11184756917776346,0.3312875909112343,0.10990774607608472,0
201794,2022-01-01,2023-12-31,104,32,0.14388836607098582,0.1646942230468439,0.18907671673463064,0.165055515034677,-0.10018209272043317,0.12718306165197524,0.36201473587019867,0.12708066300415338,0
201794,2022-04-01,2024-03-31,105,33,0.14141237488626465,0.1594699591097458,0.18298940048364823,0.16028327896548653,-0.09172326170015556,0.13129804530072942,0.3457801392304553,0.12944210621731345,0
201794,2022-07-01,2024-06-30,105,34,0.09556170577737734,0.10797179871555418,0.1257367000045963,0.1086860548562106,-0.15887818355013558,-0.010652060582555509,0.13746124031781792,-0.011615752383888072,0
201794,2022-10-01,2024-09-30,105,35,0.09428002618118547,0.10744559118789809,0.12313731776035228,0.10769395363487042,-0.10849135760240157,0.042863968595627716,0.19364606649341412,0.040549553618347514,0
220940,2014-01-01,2015-12-31,105,0,0.10020503170247208,0.11296869054224323,0.13010378065025494,0.11365371897950192,-0.09097577974628487,0.06715105261161468,0.2225703157930284,0.06663288400096085,0
220940,2014-04-01,2016-03-31,105,1,0.09676412179991271,0.10938215356184677,0.1265910159219638,0.11008836142613822,-0.08609712412967543,0.06365540124548097,0.21980325027768116,0.0635820138463131,0
220940,2014-07-01,2016-06-30,105,2,0.10112302057302615,0.11477312707562357,0.13254647445217793,0.11525273562052388,-0.11469452582410343,0.04828726236815019,0.20698931182925404,0.04743990063130846,0
220940,2014-10-01,2016-09-30,105,3,0.10186521985277565,0.11608822267228398,0.1332138635127879,0.11639744880677744,-0.11911603804164428,0.03742622947853048,0.20281505095823807,0.03864861898393906,0
220940,2015-01-01,2016-12-31,105,4,0.09465008660719199,0.10741259688154012,0.12331889781230071,0.10775452690630263,-0.13930460438253692,0.008973859631592813,0.15577630340559034,0.007787714788327406,0
220940,2015-04-01,2017-03-31,105,5,0.09010673147936986,0.10223227954834854,0.11866880887719244,0.10279017010546462,-0.12336423966139172,0.02147663776250266,0.16702995455670636,0.021505245389604646,0
220940,2015-07-01,2017-06-30,105,6,0.08908174086503826,0.10116314882451996,0.11637492532018255,0.10155473197987576,-0.10902683479279142,0.0284441582775034,0.16200440155631843,0.02826067454368561,0
220940,2015-10-01,2017-09-30,105,7,0.08203534794808362,0.09324508678320499,0.10738057695693556,0.09360604839769422,-0.09084211301396054,0.0422543946259204,0.1732015153774046,0.04270015354616945,0
220940,2016-01-01,2017-12-31,105,8,0.07028524178818149,0.08005006618125823,0.0926323089994831,0.08038578403185762,-0.09379854674663198,0.01592555963473955,0.13086312478344936,0.016180515152298795,0
220940,2016-04-01,2018-03-31,105,9,0.06604299985422439,0.07503172351538084,0.08685625197510582,0.07528323509583063,-0.09636134073282111,0.0010202299048116376,0.10121479117488244,0.002304648614575218,0
220940,2016-07-01,2018-06-30,105,10,0.05726809694608512,0.06498646712058624,0.07528605428390578,0.06542650502749985,-0.07377329227491333,0.01676861562199309,0.1090743057566769,0.01682190402000892,0
220940,2016-10-01,2018-09-30,104,11,0.05529639435335222,0.06343558835330496,0.07272895763151127,0.0635121149323243,-0.07260536707597057,0.022799338057125883,0.11172887935742035,0.021671401032960724,0
220940,2017-01-01,2018-12-31,105,12,0.055681291870710393,0.06343127467333395,0.07270846680057519,0.06352589255464283,-0.07325802642368251,0.011543583391983574,0.09889489028710641,0.01228020218453149,0
220940,2017-04-01,2019-03-31,104,13,0.0532311370911337,0.060647315630468046,0.0707367058028269,0.06093750513939625,-0.07176239284633457,0.012077219528183893,0.09140499196295022,0.011561484676399114,0
220940,2017-07-01,2019-06-30,104,14,0.05059491229518118,0.05747791930714431,0.06620394625812348,0.057680532508131314,-0.07329279340317957,0.008084610004792853,0.0889919004463514,0.008317375845706382,0
220940,2017-10-01,2019-09-30,105,15,0.05147128794291641,0.0583457255828132,0.06727890761251105,0.05861745202282733,-0.06696751737836605,0.016424998950136844,0.10447926943531578,0.01730836656727651,0
220940,2018-01-01,2019-12-31,105,16,0.05666225115825967,0.06444081623043468,0.07392619800929455,0.06472243642209236,-0.09816726299873606,-0.011567295756567363,0.07763950337353526,-0.011112572127344286,0
220940,2018-04-01,2020-03-31,105,17,0.09045367848326405,0.10311241901079815,0.11888366372531797,0.10339228067804605,-0.1289025127841104,0.01629773957089667,0.15513333243582836,0.01633221933658662,0
220940,2018-07-01,2020-06-30,105,18,0.0915164178902949,0.10422984160044119,0.1196015066293349,0.10474602035128042,-0.14456658543440395,-0.0017492612688834448,0.14214076548315183,7.379973808584922e-05,0
220940,2018-10-01,2020-09-30,105,19,0.09289202265807295,0.10578240712808086,0.1215942136907368,0.10617390413626358,-0.16219926299836185,-0.009021947408681483,0.13179012940286133,-0.009695312632835278,0
220940,2019-01-01,2020-12-31,105,20,0.0933651395349454,0.10615565540648836,0.12158342348496275,0.10654790900900764,-0.14293689008392424,-0.003352171678242666,0.14230941050359158,-0.0024720709917379294,0
220940,2019-04-01,2021-03-31,105,21,0.09342664561151971,0.10626552056260645,0.12140185982777257,0.10654711345206898,-0.1627789470177023,-0.01671457249271164,0.1395708726450341,-0.0157069701843676,0
220940,2019-07-01,2021-06-30,105,22,0.0927049373048881,0.10549677388399689,0.12184249348000822,0.10595185706805921,-0.15601036863404225,-0.015372723359059457,0.13253174653156125,-0.016142977670259483,0
220940,2019-10-01,2021-09-30,105,23,0.09137774486447567,0.10469767230128975,0.1205544149626775,0.10479881432013939,-0.16704985089910543,-0.02546674244954615,0.11783858025320453,-0.0251636831408506,0
220940,2020-01-01,2021-12-31,105,24,0.08886736852314307,0.10081198613623325,0.11599531555239832,0.101168551076707,-0.1422480531635035,-0.010691149510959308,0.12488355976224043,-0.009591674765994514,0
220940,2020-04-01,2022-03-31,105,25,0.051726617786434934,0.059178848229220045,0.06811740872364577,0.05942909423761116,-0.0936241802237713,-0.010086538160439886,0.07327505235668628,-0.009738444431564216,0
220940,2020-07-01,2022-06-30,105,26,0.04959265596224884,0.0562533237991144,0.06475330431619489,0.05649316274392635,-0.07003649050709787,0.009558459240719627,0.08876185191516957,0.009389312955208772,0
220940,2020-10-01,2022-09-30,105,27,0.04847717006671171,0.05491011120058807,0.06338339786521843,0.05514517550783131,-0.07629943765351539,0.0030657645288142497,0.08082707528261177,0.001997640067200985,0
220940,2021-01-01,2022-12-31,105,28,0.04412868545158242,0.05007561595251054,0.05773199109673349,0.050334491854748434,-0.08090955326034598,-0.012206314047287323,0.05739032858387685,-0.011515558741146792,0
220940,2021-04-01,2023-03-31,105,29,0.0455510002063504,0.05158295656991202,0.05915054569284027,0.051785082238264175,-0.06554603663428236,0.007846866846509717,0.07581346442626212,0.0069088889632591055,0
220940,2021-07-01,2023-06-30,105,30,0.05112391511247938,0.05791259110983723,0.06700434951616922,0.058188003015136325,-0.05942646890168839,0.02114156579155517,0.09845201512260827,0.021004004436308697,0
220940,2021-10-01,2023-09-30,105,31,0.05240247848965972,0.059337290930634196,0.06885680395723406,0.059664725539858667,-0.05896727411002417,0.029170951486961434,0.10822139655638856,0.02821294160797139,0
220940,2022-01-01,2023-12-31,104,32,0.05257743985000464,0.060180004763317196,0.06908945798121124,0.06031203952566693,-0.06319172319525379,0.020424463768574076,0.10547126230915094,0.020525490144323037,0
220940,2022-04-01,2024-03-31,105,33,0.0518562528010599,0.0584779687451283,0.06710258396187384,0.058776212006773576,-0.07200562854920085,0.00981724505164946,0.08875723035538367,0.009303970935136312,0
220940,2022-07-01,2024-06-30,105,34,0.05086419010547234,0.057469675114776894,0.06692539389255699,0.057849837132972155,-0.10277360706048087,-0.023855500115942667,0.0550075619943381,-0.024381990699578658,0
220940,2022-10-01,2024-09-30,105,35,0.04928158588843378,0.05616343487141831,0.06436574001256531,0.05629325108163524,-0.054896241385077926,0.02421763816489427,0.1031307077484319,0.023109902261843958,0
221244,2014-01-01,2015-12-31,105,0,0.16866719578679704,0.19015136279427047,0.2189936077809007,0.19130442377450857,-0.24245388063721923,0.024532238323214335,0.2856409477502902,0.023168985137435157,0
221244,2014-04-01,2016-03-31,105,1,0.18178892553419554,0.20549413006675255,0.23782412131864866,0.20682078388608147,-0.13249531985112836,0.14917041304889517,0.44064554702741365,0.14858197362428097,0
221244,2014-07-01,2016-06-30,105,2,0.18461442329090488,0.20953444536997462,0.24198244558605797,0.21041023424724278,-0.037831711947313,0.25910410095629577,0.5511692923589622,0.2575644718459125,0
221244,2014-10-01,2016-09-30,105,3,0.162431724268975,0.18511153039121372,0.2124196405573733,0.1856045427587131,0.15155624126149617,0.4002725993788723,0.6634640833491249,0.4023536680393204,0
221244,2015-01-01,2016-12-31,105,4,0.16700881984904967,0.1895280099740237,0.21759452457749554,0.1901313383153811,0.1511192865504341,0.41204839608013,0.6717116427653415,0.4101883468711817,0
221244,2015-04-01,2017-03-31,105,5,0.18118546998904048,0.20556731640415382,0.23861752717482823,0.2066890692185624,0.08453860685780651,0.37576710734375185,0.6713344434973131,0.37594978494110454,0
221244,2015-07-01,2017-06-30,105,6,0.18074722374662205,0.20526010700372732,0.23612525492500083,0.20605487443440695,0.10059277614916554,0.3798578298171629,0.6489517269258733,0.3786721791291594,0
221244,2015-10-01,2017-09-30,105,7,0.18288712658324466,0.20787762517392472,0.2393908664012571,0.20868231384475996,0.130368880034172,0.4265848534703526,0.7182904311704488,0.4274392530672875,0
221244,2016-01-01,2017-12-31,105,8,0.18162607299668296,0.20685966440126763,0.2393738613071673,0.20772709685626267,0.0073142388040257685,0.28888496367316774,0.5869700120596116,0.28974903188709844,0
221244,2016-04-01,2018-03-31,105,9,0.17864158799189095,0.20295559949162464,0.23494012272522183,0.20363581924411767,0.01867285194451137,0.28380094155654834,0.5549310528530969,0.2864719522540181,0
221244,2016-07-01,2018-06-30,105,10,0.18215507035201642,0.2067051495126873,0.23946553619939517,0.20810469100875945,-0.11258022865226372,0.1758516982210081,0.4686318126486051,0.1760498620440508,0
221244,2016-10-01,2018-09-30,104,11,0.17950700380450105,0.20592898068581583,0.2360977022027994,0.20617726197876657,-0.1553843939266181,0.1538435821673061,0.44247853930482456,0.15090671256224097,0
221244,2017-01-01,2018-12-31,105,12,0.17592066450680696,0.2004059542003005,0.22971648153749163,0.20070493217678034,-0.16596313852485442,0.10058622098658135,0.37778729509276215,0.10322619095142288,0
221244,2017-04-01,2019-03-31,104,13,0.16348303937174985,0.18625966549580528,0.2172461065370709,0.18715081050496915,-0.17389236826041532,0.0831288409222665,0.32685002428832505,0.08161343727283736,0
221244,2017-07-01,2019-06-30,104,14,0.1696235057296862,0.1926991540774282,0.2219531960708417,0.19337845341626808,-0.08898041286844008,0.1847734830388318,0.456189610960034,0.18517852494021728,0
221244,2017-10-01,2019-09-30,105,15,0.17054237402243536,0.1933197928762649,0.2229183371065323,0.19421995277254173,-0.11269279570418783,0.16557218609664098,0.4582559630949145,0.16874505369045123,0
221244,2018-01-01,2019-12-31,105,16,0.16882548019639837,0.1920015905870645,0.22026354712007362,0.19284085102828324,-0.04313207974152826,0.21422536843106402,0.48155772605727565,0.21660460098305628,0
221244,2018-04-01,2020-03-31,105,17,0.21713370234001914,0.2475209126907873,0.2853789362430171,0.24819247227515684,-0.281453200710803,0.06704630485171496,0.401036235885658,0.06623429881649957,0
221244,2018-07-01,2020-06-30,105,18,0.25326655114779906,0.28845031403327187,0.33098987972605354,0.28987831585391743,-0.22009588230560034,0.17391164967877104,0.5739740872453281,0.17853858458460026,0
221244,2018-10-01,2020-09-30,105,19,0.2554682427813619,0.29091857269071963,0.3344040406655884,0.29199528281883014,-0.2389710152457191,0.1834689388083824,0.5774528055438702,0.18226653836946535,0
221244,2019-01-01,2020-12-31,105,20,0.2579327233919886,0.2932680458752811,0.33588801552237374,0.29435126430789516,-0.11120976503037837,0.2719764152109951,0.6793256398742504,0.2754849601393787,0
221244,2019-04-01,2021-03-31,105,21,0.27129120826733394,0.30857276472092565,0.35252531674117027,0.30938982440641744,-0.27673603231518384,0.1483111226968465,0.6000791081135846,0.15032715734888466,0
221244,2019-07-01,2021-06-30,105,22,0.2741703108247952,0.3120002171018901,0.3603436115028891,0.31334736923827233,-0.27799733949169547,0.13745699061450284,0.5747868737483331,0.13522516994183978,0
221244,2019-10-01,2021-09-30,105,23,0.2710844139882739,0.3106000052891159,0.3576409424265501,0.3108995540135013,-0.33857662959089374,0.08066974406898489,0.504069734670043,0.08232957734122791,0
221244,2020-01-01,2021-12-31,105,24,0.28072433923816287,0.31845607929606,0.3664182988895026,0.3195821609462677,-0.4077314667894255,0.011418558407793936,0.4371170985431927,0.0133776080171084,0
221244,2020-04-01,2022-03-31,105,25,0.24470733275911205,0.27996222883285404,0.32224901998915156,0.2811460795624998,-0.32420726153914436,0.06672541234261334,0.4612687593909754,0.06746582023413032,0
221244,2020-07-01,2022-06-30,105,26,0.2127186844262735,0.24128810207921375,0.27774755370938536,0.24231686757253246,-0.4457835296612762,-0.1093775493618218,0.23132791921912635,-0.10967250269147209,0
221244,2020-10-01,2022-09-30,105,27,0.21889498423471926,0.2479423538175511,0.28620291187040353,0.2490035159484788,-0.6430853137702933,-0.2831790339510274,0.06630590208028347,-0.28843120329604016,0
221244,2021-01-01,2022-12-31,105,28,0.22884798086355404,0.2596870704330625,0.299393521271161,0.26103047645395894,-0.6627306304549944,-0.30713269331022214,0.058682558797752055,-0.3040793226125105,0
221244,2021-04-01,2023-03-31,105,29,0.23547372855607177,0.26665580963133795,0.30577551812334086,0.2677003843600664,-0.5533742696174917,-0.17684422327250737,0.17492886189172505,-0.18092582893516954,0
221244,2021-07-01,2023-06-30,105,30,0.2296481401312699,0.2601426196846769,0.3009829291451332,0.2613796421036946,-0.5854044062290706,-0.22493765159320966,0.1232892725544477,-0.226193670551415,0
221244,2021-10-01,2023-09-30,105,31,0.23248035193405353,0.2632462686662428,0.3054791180843312,0.26469864115839586,-0.5673292768968118,-0.17730717733368107,0.17616929289727162,-0.17982117276952017,0
221244,2022-01-01,2023-12-31,104,32,0.22470467784650597,0.2571962522853596,0.2952735324188627,0.2577603462541665,-0.45275938162465856,-0.09997451899204907,0.2684717701949426,-0.09902092811459519,0
221244,2022-04-01,2024-03-31,105,33,0.22240840887146685,0.2508090557156879,0.2877997491472359,0.2520882388896447,-0.36783951398584086,-0.016972168296407367,0.31984174081753164,-0.0199770601674276,0
221244,2022-07-01,2024-06-30,105,34,0.22531301089956418,0.25457260342632476,0.2964560935615985,0.25625699163486537,-0.25553068638398047,0.09444195387114787,0.443079653071309,0.09227188621553636,0
221244,2022-10-01,2024-09-30,105,35,0.21928739513468892,0.24990910931611227,0.2864066361397458,0.25048695678585703,-0.10782198478984513,0.24419607008517616,0.5969569146906542,0.23949269664392403,0
221616,2014-01-01,2015-12-31,105,0,0.10726589916878296,0.1209289446295072,0.1392714504575627,0.12166224339489025,-0.026583265852067668,0.14293304621085023,0.30910415759888427,0.14220892998789317,0
221616,2014-04-01,2016-03-31,105,1,0.1106364044055813,0.12506337649966254,0.1447393350394529,0.12587082129827093,-0.03488612449508906,0.1363835556229231,0.31473146218194603,0.13625513872316308,0
221616,2014-07-01,2016-06-30,105,2,0.11423257039468306,0.12965225800249308,0.14972975238722766,0.1301940571284574,-0.06437890583737393,0.11955550794673611,0.29916466087760973,0.11872564468355,0
221616,2014-10-01,2016-09-30,105,3,0.11289071713824692,0.12865317947379654,0.1476324326888332,0.1289958676595878,-0.049465064109315386,0.12396241972952554,0.30712725917345957,0.12527545768050216,0
221616,2015-01-01,2016-12-31,105,4,0.10829591528986213,0.12289840511719097,0.14109794408025733,0.12328963139679923,-0.04631561146897346,0.12314215343338826,0.2912714786956194,0.12185322796819521,0
221616,2015-04-01,2017-03-31,105,5,0.09997054631604707,0.11342345322692546,0.1316592521591454,0.11404241307268173,-0.11784627927529484,0.04293793601960347,0.20455575442753798,0.04293505519845451,0
221616,2015-07-01,2017-06-30,105,6,0.0950372748187452,0.10792637378658146,0.12415513828064334,0.10834414179910654,-0.08840282183840227,0.058213477292775394,0.20062943840066153,0.057981212423471165,0
221616,2015-10-01,2017-09-30,105,7,0.08728573526479798,0.09921291201797913,0.11425309521214339,0.09959697527730782,-0.0756144085201752,0.06592031344588216,0.20529765386283125,0.06643097032080403,0
221616,2016-01-01,2017-12-31,105,8,0.07853185567988638,0.08944239401213028,0.10350092100222082,0.08981749986380724,-0.09478396668287367,0.027659847036519778,0.1561496692197901,0.02798312942620457,0
221616,2016-04-01,2018-03-31,105,9,0.08199581822441263,0.09315579220845104,0.10783655989493195,0.09346805293556994,-0.16012317159415468,-0.03914886707358062,0.08527457160724658,-0.03759516562680937,0
221616,2016-07-01,2018-06-30,105,10,0.07727520008218562,0.08769004675110259,0.10158788542465477,0.08828381165181005,-0.16348379373952404,-0.04117285317694912,0.08334989837453073,-0.0410747238961765,0
221616,2016-10-01,2018-09-30,104,11,0.07499495185957407,0.08603361696031997,0.09863761522281704,0.08613739973170757,-0.14928225679881021,-0.02003635999311968,0.10050934694567844,-0.02158021672218524,0
221616,2017-01-01,2018-12-31,105,12,0.07482840794263741,0.08524336941678494,0.09771070675599396,0.08537052506741243,-0.14918750009654497,-0.03531669277692912,0.08218414457800838,-0.03430644841949455,0
221616,2017-04-01,2019-03-31,104,13,0.07745754653387425,0.08824896338620147,0.10293020840166499,0.08867121795906935,-0.15612287646932632,-0.03421844649293372,0.08129344844665899,-0.034926468938792816,0
221616,2017-07-01,2019-06-30,104,14,0.07504879307237967,0.08525853273302308,0.09820204856909352,0.08555907549629989,-0.14463985841237012,-0.023999162587444035,0.0960653007853495,-0.02373940884127345,0
221616,2017-10-01,2019-09-30,105,15,0.07572351785471043,0.08583705165074701,0.09897935743410956,0.08623680155329816,-0.14732395596353737,-0.024207353437639936,0.10530451465801548,-0.02289292500204255,0
221616,2018-01-01,2019-12-31,105,16,0.07484986361202518,0.08512520793382303,0.09765524369670714,0.08549723058059999,-0.14132985331241749,-0.026964987883597826,0.09086105207604464,-0.026304019413398008,0
221616,2018-04-01,2020-03-31,105,17,0.1164002026878298,0.1326900835920888,0.15298523188156982,0.13305020496572523,-0.12830978971980733,0.05870746646568613,0.23701994969556553,0.05848385621457615,0
221616,2018-07-01,2020-06-30,105,18,0.11711207611116453,0.1333812416690503,0.15305208317077726,0.13404176537091447,-0.09001318135318026,0.09240927042905948,0.27681931296152,0.09496207929054655,0
221616,2018-10-01,2020-09-30,105,19,0.11940607247578819,0.1359757275105196,0.15630069693777435,0.13647897037038917,-0.11400466893090715,0.08268753350789997,0.26444700514530384,0.08193350667759282,0
221616,2019-01-01,2020-12-31,105,20,0.1210400004430931,0.13762181888348146,0.15762255917438928,0.13813032173133602,-0.10173524727698048,0.07903217077733884,0.26812473079379834,0.0801760148864451,0
221616,2019-04-01,2021-03-31,105,21,0.2157253867229421,0.24537088093383708,0.28032113607802644,0.24602079834733928,-0.08438048886347561,0.2527248055460586,0.6128632299769345,0.2545596930188895,0
221616,2019-07-01,2021-06-30,105,22,0.21478456677754829,0.2444209047956126,0.28229244904302586,0.24547582912298152,-0.06969829577887414,0.25567083084821096,0.5986569364580127,0.2542626829863665,0
221616,2019-10-01,2021-09-30,105,23,0.21419905914174853,0.24542247623167351,0.2825922464271888,0.24565933485008276,-0.07150090974550738,0.25861542772106094,0.5941202597997247,0.2600836223166513,0
221616,2020-01-01,2021-12-31,105,24,0.2158951533525344,0.24491339515520547,0.2817996523114867,0.24577952110846146,-0.06366792210122504,0.2580579135501361,0.5862352028597009,0.2598319206705773,0
221616,2020-04-01,2022-03-31,105,25,0.18979673464145294,0.21714067401252388,0.24993847402578404,0.21805887974843643,-0.058399676491830345,0.24697805683330507,0.5528692802827946,0.24787573413139197,0
221616,2020-07-01,2022-06-30,105,26,0.19029823292265083,0.21585650497905906,0.2484730848400687,0.21677683529763278,-0.07404580458496947,0.2275251340241767,0.5322856123795545,0.2272091421869731,0
221616,2020-10-01,2022-09-30,105,27,0.19008241476492865,0.21530637548614528,0.2485307803845616,0.2162279164310264,-0.09981961828372767,0.2125530523766297,0.5162166559162273,0.20798967980644312,0
221616,2021-01-01,2022-12-31,105,28,0.18873848218824296,0.21417283569949022,0.2469197613476174,0.21528054172376182,-0.07686753214272105,0.21620498112120573,0.5173208352718434,0.21868717594353007,0
221616,2021-04-01,2023-03-31,105,29,0.057065307666185006,0.06462201302102188,0.07410252183525706,0.06487523005269523,-0.017323014728011524,0.07459854902967086,0.159658955896786,0.07339220433348535,0
221616,2021-07-01,2023-06-30,105,30,0.06056706899519001,0.06860968766266695,0.0793807958441341,0.0689359705049124,-0.05133134261825341,0.04405976483629344,0.1356593277132821,0.043868922513113646,0
221616,2021-10-01,2023-09-30,105,31,0.0604117690745744,0.06840651115505149,0.07938100449639965,0.06878399022813961,-0.05860826648897087,0.04297477853572738,0.1341877247780651,0.04190566316723543,0
221616,2022-01-01,2023-12-31,104,32,0.059804658978838084,0.06845226081358977,0.07858639550368113,0.06860244400412506,-0.025489369167376527,0.06957901090751845,0.166399631677812,0.06969816279561186,0
221616,2022-04-01,2024-03-31,105,33,0.06302444109938074,0.07107226801848807,0.08155435293855766,0.07143474367257464,-0.06793937344197057,0.0315057580302197,0.12742468401263635,0.030874426816725545,0
221616,2022-07-01,2024-06-30,105,34,0.061244233089523675,0.06919771912244116,0.08058308497336591,0.06965546473645441,-0.06918991772184133,0.02578095371407086,0.12073241696305737,0.02515274395108563,0
221616,2022-10-01,2024-09-30,105,35,0.05963599285901905,0.06796376440337762,0.07788943056970378,0.06812085729854828,-0.026052133631263342,0.06966678866078588,0.16524679529005487,0.06831583048238628,0
222379,2014-01-01,2015-12-31,105,0,0.14502467356385843,0.16349731031592257,0.18829662613297135,0.16448874134794159,-0.2215870506112638,0.008236406998063623,0.23251879631483013,0.007030639841134085,0
222379,2014-04-01,2016-03-31,105,1,0.15513522995530074,0.1753648202251099,0.20295461440135512,0.17649698917262832,-0.2207613479193012,0.01938219116550536,0.2683976419801836,0.018773332054985107,0
222379,2014-07-01,2016-06-30,105,2,0.15208489856403998,0.17261401989539635,0.19934451308794562,0.17333541867145566,-0.24285824682826182,0.0016691852009467394,0.24166414310109224,0.0007303733836599908,0
222379,2014-10-01,2016-09-30,105,3,0.15401261668515806,0.17551686491466917,0.20140955124054094,0.17598433496807145,-0.15956889079993283,0.07633674188323772,0.3259931719948907,0.0783283172672228,0
222379,2015-01-01,2016-12-31,105,4,0.15620134253894868,0.17726328595233626,0.2035135498222204,0.17782757215642875,-0.11562764170733289,0.12819550236990082,0.3712945435750896,0.12657454168342586,0
222379,2015-04-01,2017-03-31,105,5,0.15408796417778625,0.1748233575458292,0.20293073494738587,0.1757773591963695,-0.12423681383314844,0.12314708132639621,0.37397421309311996,0.12346461170136251,0
222379,2015-07-01,2017-06-30,105,6,0.16499229886903513,0.1873685731483722,0.215543266165259,0.1880940153077957,-0.022299650229925513,0.23259354840341778,0.47849604916992505,0.23160405102011067,0
222379,2015-10-01,2017-09-30,105,7,0.15501871254697608,0.1762011950580587,0.20291243396659447,0.1768832733828317,0.0629879153122762,0.31423601747600993,0.5609871432043617,0.3150661657669423,0
222379,2016-01-01,2017-12-31,105,8,0.1448757082803248,0.16500350315788195,0.19093872799616515,0.16569545463321692,0.11866381802521819,0.3437476309315316,0.5813574803158563,0.3445021817545826,0
222379,2016-04-01,2018-03-31,105,9,0.14462268169086295,0.16430649946992926,0.1902001696901039,0.16485721691311706,0.13652982290484572,0.3504741263533018,0.5699592746353737,0.35284025759557824,0
222379,2016-07-01,2018-06-30,105,10,0.15683506248920626,0.17797263662160634,0.2061792352280326,0.17917766450825645,0.20116104684981806,0.4492856135105895,0.7018469807787838,0.4497845549899852,0
222379,2016-10-01,2018-09-30,104,11,0.15857620974740524,0.18191735210895263,0.20856836706468848,0.18213671441089566,0.09206761218189159,0.36492257583081167,0.6200705058318058,0.36237928011907605,0
222379,2017-01-01,2018-12-31,105,12,0.18746317676327817,0.21355496850644973,0.24478861398181123,0.21387356949066555,-0.008982853986126556,0.27480588181007937,0.5702667360119678,0.27775844785430076,0
222379,2017-04-01,2019-03-31,104,13,0.18799874566249797,0.2141909744109976,0.24982409699804556,0.21521572010130013,0.0001799477768895978,0.29532802378850287,0.5751057124115735,0.2937770216460207,0
222379,2017-07-01,2019-06-30,104,14,0.1909292542157587,0.2169032838454546,0.24983159323895124,0.21766791469139843,-0.07160194569623517,0.23693311076023815,0.5423801436617084,0.23739785484012976,0
222379,2017-10-01,2019-09-30,105,15,0.20092216289535572,0.22775706870379636,0.26262808206267513,0.2288174968938984,-0.18504658632819707,0.1430977899014731,0.4881912321221155,0.1468661457731505,0
222379,2018-01-01,2019-12-31,105,16,0.20147311053364927,0.22913094442136497,0.2628583449489902,0.23013259967869054,-0.1405182697154878,0.16685302638630264,0.485409115991838,0.16956566870045459,0
222379,2018-04-01,2020-03-31,105,17,0.22952244789444556,0.2616434189862873,0.30166134559567653,0.2623532578612203,-0.26013852165317564,0.1079932416067953,0.46148852180984246,0.1072718464476394,0
222379,2018-07-01,2020-06-30,105,18,0.2547179692738969,0.29010336402657155,0.3328867064535503,0.29153954286514966,-0.3270400864782901,0.06920827520047027,0.4715981451745947,0.07386368722401988,0
222379,2018-10-01,2020-09-30,105,19,0.2557016975213481,0.2911844223269061,0.3347096295368501,0.29226211644773725,-0.24796849948601044,0.1748599997539151,0.5692055960052963,0.17365492532969626,0
222379,2019-01-01,2020-12-31,105,20,0.25290658344392164,0.28755335567700535,0.32934287200554296,0.2886154849935933,-0.1476125570984481,0.22820249760259304,0.6273286710528715,0.23155890616108452,0
222379,2019-04-01,2021-03-31,105,21,0.25888744088580434,0.29446442131588846,0.3364074254903955,0.29524418460988205,-0.2983176171878476,0.10693906217802006,0.5383010132659792,0.10903303894238758,0
222379,2019-07-01,2021-06-30,105,22,0.2528971467415558,0.28779199618488716,0.33238410698329934,0.28903442478331337,-0.1726333488664035,0.21092184718831025,0.6140669101353402,0.20859243346455042,0
222379,2019-10-01,2021-09-30,105,23,0.26694646244518244,0.30585886271379414,0.35218175407413793,0.30615385590791494,-0.20885672516183199,0.20380827459347292,0.6208353102853109,0.20553584078179904,0
222379,2020-01-01,2021-12-31,105,24,0.2688497444292984,0.3049854621246002,0.35091894088744585,0.30606393503168566,-0.2687642286444816,0.1329459559827212,0.5407444793434452,0.134809589337764,0
222379,2020-04-01,2022-03-31,105,25,0.2535053081312305,0.2900277269945252,0.33383489013773887,0.29125414009334794,-0.27451057960389325,0.13013106053418624,0.5389331370348416,0.13076199250417142,0
222379,2020-07-01,2022-06-30,105,26,0.237594652878499,0.26950497534095713,0.31022820235505305,0.2706540536203615,-0.34027069657223175,0.035762132402697266,0.41592055237384834,0.035623785473738755,0
222379,2020-10-01,2022-09-30,105,27,0.24273275478849266,0.2749433734944149,0.31737054501732226,0.27612002898979576,-0.45481291339097546,-0.055911120007023786,0.33179986306049836,-0.06168310767688704,0
222379,2021-01-01,2022-12-31,105,28,0.2390792642426392,0.2712969782186312,0.3127787227157339,0.27270053371957,-0.4262309264468716,-0.05456332765787298,0.327117404508288,-0.05146920817349679,0
222379,2021-04-01,2023-03-31,105,29,0.2519375054292921,0.2852997925554416,0.3271545665027358,0.2864173525964258,-0.33719460380189015,0.06505318253370612,0.44152682800663506,0.06086007167755173,0
222379,2021-07-01,2023-06-30,105,30,0.25437438236013377,0.28815215630515706,0.3333898041080522,0.28952233596135035,-0.49967091063689134,-0.10049143483204773,0.2856063958646169,-0.1017433277097107,0
222379,2021-10-01,2023-09-30,105,31,0.23745142934230365,0.268875209415145,0.31201112031746203,0.2703586250823297,-0.49199803306786044,-0.09364001189547819,0.267439924673811,-0.09618413801138573,0
222379,2022-01-01,2023-12-31,104,32,0.2326806152844174,0.26632547246181726,0.3057543284472456,0.26690957369203805,-0.5530752824825899,-0.18790915319227625,0.19351610010267983,-0.18685754984362735,0
222379,2022-04-01,2024-03-31,105,33,0.24248098409223628,0.27344492516402497,0.31377411413723827,0.2748395635677915,-0.4705668268764734,-0.08799032748511587,0.2789909258481695,-0.0913060057848258,0
222379,2022-07-01,2024-06-30,105,34,0.2310227592470015,0.26102379147522015,0.3039685300612186,0.262750885801081,-0.4080896138271417,-0.04905569445906095,0.30821841985166765,-0.05144746017911449,0
222379,2022-10-01,2024-09-30,105,35,0.23434799149719052,0.2670727441395033,0.30607689092109436,0.2676903110291977,-0.4711532133554422,-0.09482809822035676,0.28214606628175043,-0.09965951409225389,0
23667,2014-01-01,2015-12-31,105,0,0.13364443060560827,0.15066748446607348,0.1735207568836436,0.15158111589765447,-0.14462232214019277,0.06725096847920563,0.27387508451244513,0.06604004653130713,0
23667,2014-04-01,2016-03-31,105,1,0.1363219869971163,0.15409834490462693,0.1783423211869618,0.1550932306211058,-0.1161208122514657,0.09485677525529145,0.31395053312518056,0.09436132363895254,0
23667,2014-07-01,2016-06-30,105,2,0.13169574809847723,0.14947267970707145,0.17261952868220434,0.15009733087319752,-0.07606633233291668,0.13577736986214942,0.343020709965227,0.13495457333495933,0
23667,2014-10-01,2016-09-30,105,3,0.23751756386981737,0.270681804138853,0.31061336712910914,0.2714025197693531,-0.027050761292736984,0.33490571087093646,0.7191462109699956,0.3382561193766071,0
23667,2015-01-01,2016-12-31,105,4,0.24102738395867415,0.27352690726064194,0.31403267754483777,0.27439762557842245,-0.08240704318381503,0.29463514032187776,0.668544769613222,0.29194387690783324,0
23667,2015-04-01,2017-03-31,105,5,0.2779293937901177,0.31532977744709695,0.36602671481580873,0.3170503618642765,-0.12291451959100556,0.3245946164531797,0.7765680057525342,0.3248745620778756,0
23667,2015-07-01,2017-06-30,105,6,0.27484306253703816,0.31211628887991016,0.3590506609571546,0.3133254487084362,-0.08723357622749335,0.3371121593502472,0.7478481933483828,0.33506540899886816,0
23667,2015-10-01,2017-09-30,105,7,0.2758320946058765,0.31352262923030305,0.36105121327826056,0.31473620035486716,-0.13204575552584652,0.3133649712425982,0.7547921792752497,0.3142777577510453,0
23667,2016-01-01,2017-12-31,105,8,0.2713646813817175,0.3090658693895302,0.3576449726081016,0.31036165835217316,-0.11036189472223235,0.3087253872025887,0.7541550261078269,0.3090676668827443,0
23667,2016-04-01,2018-03-31,105,9,0.2697269701204934,0.3064385085569998,0.3547312753490505,0.30746533116816166,-0.11651861793337821,0.2848546320141583,0.6959089559012961,0.28761661838124486,0
23667,2016-07-01,2018-06-30,105,10,0.26899027780570745,0.30524350045707593,0.3536212030888949,0.3073100133233941,-0.13654743987439885,0.2886726395693612,0.7191747484523684,0.2890193643685354,0
23667,2016-10-01,2018-09-30,104,11,0.1812906788770542,0.2079751973638389,0.23844368965837232,0.20822594248702128,-0.1949444818883376,0.11738692869219915,0.40887346310764566,0.11441589579555084,0
23667,2017-01-01,2018-12-31,105,12,0.18230198459949287,0.20767543545323283,0.23804916579962682,0.2079852619337173,-0.13600152183527933,0.1401513779586936,0.42737751383631134,0.14289318582166524,0
23667,2017-04-01,2019-03-31,104,13,0.10639781883242874,0.12122122333229596,0.1413877839053361,0.12180123185801407,-0.14186477338159928,0.025501899424801473,0.18423679209833163,0.024531862759187947,0
23667,2017-07-01,2019-06-30,104,14,0.09978013937212549,0.11335434696569724,0.1305631643974059,0.11375393182353266,-0.14771643166542528,0.012567641075013989,0.17250456164166575,0.012859150322721516,0
23667,2017-10-01,2019-09-30,105,15,0.09712889631122917,0.11010130466064119,0.12695863532930093,0.11061404195823744,-0.09270170872020203,0.06541930063763506,0.23153090425344167,0.06714819738680364,0
23667,2018-01-01,2019-12-31,105,16,0.09627289540384201,0.10948916695478908,0.12560548392172813,0.10996768164139659,-0.14549342227575018,0.0014414123402531093,0.15331096066471828,0.002493476172257257,0
23667,2018-04-01,2020-03-31,105,17,0.1402824904669972,0.1599146255913418,0.1843737292544199,0.16034860934928827,-0.13420861299377426,0.09157643736305324,0.3061732744357931,0.09105930177832623,0
23667,2018-07-01,2020-06-30,105,18,0.13742838071658522,0.15651988350123885,0.17960313952224063,0.15729496831357487,-0.10688302529143155,0.10696497406390686,0.32365098256849334,0.11007008049918059,0
23667,2018-10-01,2020-09-30,105,19,0.13316441952940797,0.15164327223512492,0.17431016253322557,0.1522045012767751,-0.06374267318947541,0.15551456091276294,0.35863253653029226,0.1547169010895452,0
23667,2019-01-01,2020-12-31,105,20,0.12938297929012862,0.14710773920356732,0.16848705881768491,0.14765128404958563,-0.10265024307739778,0.09050138120112008,0.29266389842361895,0.09167941146207113,0
23667,2019-04-01,2021-03-31,105,21,0.13120275706528164,0.149232911605716,0.17048946428468026,0.14962832406119636,-0.11072992632253907,0.09418024374374412,0.3134528734399094,0.09560245461288275,0
23667,2019-07-01,2021-06-30,105,22,0.127734635414951,0.1453599528424624,0.16788219665448909,0.14598706322856306,-0.05870553763590205,0.13457437537163425,0.33882249673997794,0.1339783941050274,0
23667,2019-10-01,2021-09-30,105,23,0.12751659057078268,0.14610440897455335,0.16823229757769523,0.14624552276580072,-0.06600270295746198,0.131693786300966,0.3318795371173987,0.13231886761529438,0
23667,2020-01-01,2021-12-31,105,24,0.12758708010861447,0.1447359796010524,0.16653468708709002,0.1452478858411476,-0.01919610976362342,0.16982575458058008,0.36423090031885824,0.17098853158300462,0
23667,2020-04-01,2022-03-31,105,25,0.08921793465580485,0.10207152288775788,0.11748874250896368,0.10250314626193643,-0.05154085157286532,0.09239271322137213,0.2361924776455517,0.09311314785349054,0
23667,2020-07-01,2022-06-30,105,26,0.09612762453001673,0.10903826776547498,0.12551417719746336,0.10950315955980353,-0.10935778491672175,0.04395802623882034,0.19765853186921103,0.04372541046632368,0
23667,2020-10-01,2022-09-30,105,27,0.09535653112942137,0.10801037777723022,0.12467767614680055,0.10847274235668627,-0.11976669180128782,0.03645648602766313,0.1893069230311162,0.03438775730474774,0
23667,2021-01-01,2022-12-31,105,28,0.09804103941775247,0.11125330006333131,0.12826359762350595,0.11182850496879161,-0.10134655611715528,0.05067273062672707,0.2062167625669918,0.05235259636981786,0
23667,2021-04-01,2023-03-31,105,29,0.09655132041463392,0.1093368526579626,0.1253773180409498,0.10976526757990528,-0.06888868234909334,0.08684821396149538,0.23068314698097356,0.08468141627302048,0
23667,2021-07-01,2023-06-30,105,30,0.09536449301430741,0.10802780578922849,0.12498721755514867,0.10854154134378075,-0.07892505726747631,0.07086405630733297,0.2154064850614636,0.07046593927799671,0
23667,2021-10-01,2023-09-30,105,31,0.09522652903437864,0.1078285713654979,0.12512757181456935,0.10842357651511582,-0.1405492218528384,0.019480502456414805,0.16353063839711054,0.017950496065733026,0
23667,2022-01-01,2023-12-31,104,32,0.09548477469105328,0.10929162305961718,0.1254719031656602,0.10953139760496819,-0.1727742957129778,-0.021325045116448244,0.13376611939982344,-0.021267350876626675,0
23667,2022-04-01,2024-03-31,105,33,0.0813363903181781,0.09172254890606245,0.10525024121220788,0.0921903437314189,-0.15677113137821277,-0.028443045942505327,0.09529815896727571,-0.029273711889501466,0
23667,2022-07-01,2024-06-30,105,34,0.07558617949279618,0.08540217352411453,0.09945368791057844,0.08596711756630523,-0.11145240781274944,0.005772948601034505,0.12293862015781758,0.004995710614550838,0
23667,2022-10-01,2024-09-30,105,35,0.07192264496910189,0.08196616233445986,0.093936786842653,0.08215562307954868,-0.08025276603274274,0.03518715649738255,0.1504730915420367,0.03351769725010684,0
23671,2014-01-01,2015-12-31,105,0,0.19045424028756866,0.214713608838429,0.24728150855692196,0.21601561606291378,-0.32238483884842184,-0.021303962282576354,0.27436461006748647,-0.02272776098589752,0
23671,2014-04-01,2016-03-31,105,1,0.25896962147378294,0.2927390498683077,0.33879518673869874,0.29462877571809815,-0.34354565120088215,0.05623392562437257,0.4711099027328915,0.056097225554176705,0
23671,2014-07-01,2016-06-30,105,2,0.26101065456497136,0.2962425858330234,0.34211852664392106,0.2974811834443668,-0.3636206967885735,0.054282531053433496,0.4682906324453039,0.052662529499839454,0
23671,2014-10-01,2016-09-30,105,3,0.26277050669878715,0.2994609869988244,0.3436380773633269,0.3002582376401193,-0.39521970846157245,0.004652761091313389,0.4299464426370591,0.00837786988646841,0
23671,2015-01-01,2016-12-31,105,4,0.27446256652931383,0.31147027132884586,0.35759506593682877,0.3124617712691901,-0.45198723521749673,-0.022405540628718596,0.4036137345779955,-0.025480160059507758,0
23671,2015-04-01,2017-03-31,105,5,0.31461860719669105,0.3569561038484722,0.414345264848999,0.3589037502270966,-0.2883894382895989,0.2169588344917216,0.7291353895856757,0.21696846233351288,0
23671,2015-07-01,2017-06-30,105,6,0.30477668310487926,0.34610899292597697,0.39815552728697545,0.3474501322006569,-0.1778220087470673,0.2920897458082958,0.7497403539583612,0.29025752684550865,0
23671,2015-10-01,2017-09-30,105,7,0.3034508630606991,0.3449151566114571,0.3972027326141255,0.34625021326415606,-0.20793818899497155,0.28151445161051053,0.7674004847938203,0.282489921766336,0
23671,2016-01-01,2017-12-31,105,8,0.3054837380317884,0.3479251882540482,0.40261229048247027,0.3493837741616521,-0.3153747890010888,0.15524798167142229,0.6571673287804554,0.15569220121355454,0
23671,2016-04-01,2018-03-31,105,9,0.25204351213292,0.28634814634353845,0.33147480162465665,0.2873076975852375,-0.24207342467358606,0.13269180468177305,0.516196954058967,0.13547518695532673,0
23671,2016-07-01,2018-06-30,105,10,0.2479249328207885,0.28133910322112854,0.3259281933796534,0.2832438343526639,-0.21811421887653062,0.17404287064434226,0.571169085531164,0.17424145726877446,0
23671,2016-10-01,2018-09-30,104,11,0.24144303338129136,0.27698144265447944,0.31755932766614897,0.2773152156381593,-0.23355930255752486,0.18420758006671856,0.5725886703937191,0.17989668863443628,0
23671,2017-01-01,2018-12-31,105,12,0.23141410573055632,0.26362299479163803,0.3021793719173747,0.2640163270713215,-0.13495992339607776,0.21479472456492077,0.579255434449789,0.2184878436439478,0
23671,2017-04-01,2019-03-31,104,13,0.13974673097543389,0.15921635959459557,0.18570384352069566,0.1599781394233047,-0.20999457638002827,0.009807976744848314,0.21827416127059943,0.008431304444426963,0
23671,2017-07-01,2019-06-30,104,14,0.13776108767778025,0.15650221638151018,0.18026132217108343,0.15705390800465124,-0.28012230669919413,-0.05840307798825239,0.16247051995350997,-0.05790001690605004,0
23671,2017-10-01,2019-09-30,105,15,0.1409373760343907,0.1597607887074112,0.18422128757831416,0.16050473446291677,-0.2511079822542821,-0.02137183772190778,0.21964814092950632,-0.0187704750738732,0
23671,2018-01-01,2019-12-31,105,16,0.15403119348126626,0.17517639479934355,0.20096170136588665,0.1759420807436134,-0.28150471267941085,-0.04677332625788608,0.19728211259939832,-0.044572399091509694,0
23671,2018-04-01,2020-03-31,105,17,0.17876227129032554,0.20377953001337487,0.23494761264832284,0.2043324922868087,-0.38071579314750387,-0.09266621044952525,0.18152386807575796,-0.0933570521080396,0
23671,2018-07-01,2020-06-30,105,18,0.18172064865673787,0.2069652317320615,0.23748795105446532,0.20799003146912157,-0.332808981804005,-0.05000712199773755,0.23632974549464228,-0.046256420782852414,0
23671,2018-10-01,2020-09-30,105,19,0.1885951629875883,0.21476590649575666,0.2468681659437576,0.21556075839898442,-0.382078126728848,-0.06991070435426971,0.2195102049354577,-0.0713076569572024,0
23671,2019-01-01,2020-12-31,105,20,0.19519089479182905,0.2219309630842033,0.2541841014291202,0.22275085011848864,-0.3922942514326808,-0.10154995563316692,0.20463219488558884,-0.0995514970067299,0
23671,2019-04-01,2021-03-31,105,21,0.1979372983219226,0.22513829630384646,0.2572066693981184,0.22573467526239357,-0.3993453675048291,-0.09032860913764434,0.2404710725757386,-0.08851501924794869,0
23671,2019-07-01,2021-06-30,105,22,0.20043275098499708,0.2280888877932107,0.26342975797570184,0.2290732396789233,-0.27902697723544595,0.024698560152615512,0.34474269102924493,0.02335217197996876,0
23671,2019-10-01,2021-09-30,105,23,0.1982189838953333,0.22711299683013003,0.2615097759665677,0.22733222207502116,-0.26982161304565017,0.036112168497884824,0.3468055652689124,0.037429693042064414,0
23671,2020-01-01,2021-12-31,105,24,0.17772168694478319,0.20160910993831022,0.23197341086839224,0.20232212902593938,-0.12751838391938838,0.13626088263649308,0.40693645025116065,0.13799744792648413,0
23671,2020-04-01,2022-03-31,105,25,0.1523967843311584,0.17435252491288003,0.20068737377782953,0.17508979695369015,-0.1058918701328206,0.14001396760660384,0.3855449376885941,0.1408958204631823,0
23671,2020-07-01,2022-06-30,105,26,0.14635116124283812,0.16600713287273117,0.1910912302149254,0.16671491931197618,-0.20159268049644327,0.03148430738481006,0.26548360534980675,0.031094662961452003,0
23671,2020-10-01,2022-09-30,105,27,0.14430152532475068,0.16345037568929632,0.1886727465207733,0.16415002174230542,-0.1669254738587434,0.07007051986006368,0.3007763730460458,0.06656768051486835,0
23671,2021-01-01,2022-12-31,105,28,0.13453535768047858,0.15266556342410137,0.17600779767430597,0.15345496841930503,-0.1419733699725745,0.06648011998921036,0.28032387821688204,0.06847038154345667,0
23671,2021-04-01,2023-03-31,105,29,0.13116448129637803,0.1485335762496779,0.17032441947826255,0.14911555072137334,-0.1611216438605777,0.05060439577671875,0.2461274653307434,0.04772197596837428,0
23671,2021-07-01,2023-06-30,105,30,0.13249905887863345,0.1500933984635012,0.17365676093939808,0.15080716846230058,-0.27795314058695697,-0.06934809661241767,0.13198948934576407,-0.06996958768255535,0
23671,2021-10-01,2023-09-30,105,31,0.1310490578996156,0.14839176923491937,0.17219835701396793,0.1492105806217731,-0.31397501550847906,-0.09392426208923801,0.10466981090772491,-0.09576640802929609,0
23671,2022-01-01,2023-12-31,104,32,0.13042918926949784,0.14928889368360693,0.17139066417979398,0.14961639949507144,-0.37755905393530653,-0.17121443602038525,0.041348750796712096,-0.17129004323502164,0
23671,2022-04-01,2024-03-31,105,33,0.13409979839058228,0.15122359379620692,0.1735268152301188,0.15199485514227995,-0.3652977369431525,-0.15381332049818702,0.049672455270680003,-0.1555280405946519,0
23671,2022-07-01,2024-06-30,105,34,0.13556746955820734,0.15317281700792906,0.17837449388976037,0.15418613241818066,-0.30778418218325493,-0.09726059574934025,0.11260255549351575,-0.0987600625407968,0
23671,2022-10-01,2024-09-30,105,35,0.1323443959695246,0.15082535430591268,0.1728524031179503,0.1511740135159656,-0.2822665558252325,-0.07011005642263658,0.14134323311457325,-0.07328166466705674,0
241456,2014-01-01,2015-12-31,105,0,0.12407661512364605,0.1398809508129088,0.16109811112734612,0.140729173254743,-0.13459989243735443,0.0619153234995269,0.25384713438643164,0.06085928779345618,0
241456,2014-04-01,2016-03-31,105,1,0.1188121097494918,0.13430518996010193,0.15543514544546658,0.1351722981293155,-0.20372257777257477,-0.019761974494151006,0.17162174502690017,-0.019954058132897082,0
241456,2014-07-01,2016-06-30,105,2,0.12077234864820782,0.13707480069072625,0.158301735033548,0.13764762588093082,-0.19072222013654144,0.003684592768293227,0.19358692348828968,0.002839113020605164,0
241456,2014-10-01,2016-09-30,105,3,0.11980544140395258,0.13653339004934567,0.15667515021357867,0.13689706306733102,-0.1332778789520387,0.05062900796468571,0.24503384366538192,0.05209915861686575,0
241456,2015-01-01,2016-12-31,105,4,0.11554563605872178,0.131125664123377,0.15054354957585772,0.13154308035015896,-0.11734581767073092,0.06334436507620314,0.24277262142498596,0.06203941910902138,0
241456,2015-04-01,2017-03-31,105,5,0.11543562259169539,0.13096964036110695,0.15202643721992576,0.13168434703313733,-0.14846945988527943,0.03712650971071554,0.22404582118127142,0.03712329773585793,0
241456,2015-07-01,2017-06-30,105,6,0.11080544809368303,0.12583302290414522,0.14475442513432069,0.12632012477501797,-0.10192484091735232,0.06900337600540707,0.23491636261442955,0.06871464981694787,0
241456,2015-10-01,2017-09-30,105,7,0.10761757282392835,0.12232298409724254,0.14086654169405025,0.12279650637915472,-0.04692906782550591,0.1273271753879817,0.2992014455216781,0.12799416812153508,0
241456,2016-01-01,2017-12-31,105,8,0.09501744980528697,0.10821835611745934,0.12522808624024587,0.10867219945181575,-0.019332187055847327,0.12852377536102305,0.2841472383982344,0.1290078311896497,0
241456,2016-04-01,2018-03-31,105,9,0.09422036729836498,0.10704416005470276,0.1239136470757751,0.10740297077486849,-0.021270363988732454,0.11782647539340972,0.26079013486890273,0.11955046121472769,0
241456,2016-07-01,2018-06-30,105,10,0.09915879442122746,0.1125230207719299,0.13035659750556194,0.11328492675195835,-0.12726286402568707,0.029805972507734237,0.18962050781553647,0.030040387030050377,0
241456,2016-10-01,2018-09-30,104,11,0.09768139498732371,0.11205932248175413,0.12847610480903282,0.11219448962055398,-0.12699541708882006,0.04153952765211352,0.19841860523033872,0.03947727581840929,0
241456,2017-01-01,2018-12-31,105,12,0.10171712029986724,0.11587455932027366,0.13282188522865399,0.11604741082933247,-0.23723429332221135,-0.08244014212912301,0.07731590116861442,-0.08120862764327924,0
241456,2017-04-01,2019-03-31,104,13,0.16127597322285317,0.18374510510673378,0.21431322102023687,0.18462422185852934,-0.1928688830339241,0.0606821398274275,0.30115094415059257,0.0591723939809157,0
241456,2017-07-01,2019-06-30,104,14,0.16203495282406938,0.18407826844666542,0.2120236149500279,0.18472717549932754,-0.20645197082169175,0.05485791574559921,0.31431189232247175,0.05531918714270711,0
241456,2017-10-01,2019-09-30,105,15,0.16131554660515754,0.1828606419651393,0.21085784393279733,0.1837121187052135,-0.23571850189718127,0.027369677131822985,0.3039231736542752,0.030409360003545417,0
241456,2018-01-01,2019-12-31,105,16,0.16027129629882453,0.1822731185867793,0.20910305352246436,0.18306983658489634,-0.22561325415270372,0.018670241747392048,0.27253693128439976,0.020936773891241184,0
241456,2018-04-01,2020-03-31,105,17,0.17302530011906458,0.19723968838744688,0.2274075343530376,0.19777491479076428,-0.27487881985057266,0.004055317295589039,0.2693716090714527,0.0034219583350591095,0
241456,2018-07-01,2020-06-30,105,18,0.1711403108691709,0.19491507285147466,0.22366069474027495,0.19588022792474938,-0.1180324815517954,0.14820618037862565,0.418078004061103,0.15190909454434276,0
241456,2018-10-01,2020-09-30,105,19,0.17205650797962557,0.19593225934206307,0.2252193153228829,0.19665740545748353,-0.10728995209693523,0.17706375266778007,0.44076008345823514,0.17593045104804095,0
241456,2019-01-01,2020-12-31,105,20,0.17553003099347622,0.19957667501306237,0.22858117105334233,0.20031401477294877,-0.014309426182755334,0.2471962721526697,0.5222998967021837,0.24897601830108487,0
241456,2019-04-01,2021-03-31,105,21,0.1335652981062629,0.15192011878563863,0.17355943300664475,0.1523226483767329,-0.05058836265740001,0.15799860068922522,0.3812112870731202,0.15944618473286784,0
241456,2019-07-01,2021-06-30,105,22,0.13209549622729053,0.15032253118211458,0.17361369864761475,0.15097106150285483,0.02519006691723867,0.2250202982775893,0.4362631346374738,0.22442694357090198,0
241456,2019-10-01,2021-09-30,105,23,0.1319611495590379,0.15119684371303402,0.17409599237400802,0.1513428716559494,0.007577044365735943,0.2122456413117636,0.41936749492986014,0.21285178517270156,0
241456,2020-01-01,2021-12-31,105,24,0.13631375901892176,0.15463560161734186,0.17792528374253974,0.15518251677391998,-0.01638076198321943,0.18555053143972333,0.3932261989045737,0.18674349179850339,0
241456,2020-04-01,2022-03-31,105,25,0.1322470805848803,0.15129986067692847,0.1741527278201575,0.15193965203065207,-0.02206615821342568,0.19148424222073618,0.40437448319499214,0.19218765104282995,0
241456,2020-07-01,2022-06-30,105,26,0.13202723320509174,0.14975942010804777,0.1723884252179662,0.15039793172477847,-0.14038064551868387,0.07002832875626316,0.28113941985356494,0.06963370683292054,0
241456,2020-10-01,2022-09-30,105,27,0.14016821777634073,0.1587685785986467,0.18326849002428464,0.15944818848640482,-0.24511973893550248,-0.014942626742560923,0.20918912848433008,-0.018329873056073184,0
241456,2021-01-01,2022-12-31,105,28,0.13807792797382837,0.15668552202048036,0.1806424138612606,0.15749572389003766,-0.20938054863561817,0.004594357147897316,0.2241219115030169,0.006620250771368587,0
241456,2021-04-01,2023-03-31,105,29,0.13479447619732735,0.15264426497779454,0.17503816672096362,0.15324234252100777,-0.2106678458813474,0.006880454749152597,0.2078691271230736,0.003979085226709106,0
241456,2021-07-01,2023-06-30,105,30,0.13413757733471804,0.15194949222355636,0.17580424658694896,0.1526720882535527,-0.2714232402462523,-0.06022841014968275,0.1436016988750376,-0.060842421116316166,0
241456,2021-10-01,2023-09-30,105,31,0.13578469619544078,0.15375411103185405,0.17842098438093051,0.15460250739884637,-0.30226458229683834,-0.07428122464429182,0.1315301878072143,-0.07615930888512558,0
241456,2022-01-01,2023-12-31,104,32,0.13560848976424295,0.15521710419511847,0.17819653212125128,0.1555576117708984,-0.2586425163717356,-0.0441858942365463,0.17692284993030077,-0.04428829995775009,0
241456,2022-04-01,2024-03-31,105,33,0.1234698691319561,0.13923626575264955,0.15977153033039163,0.13994638899122164,-0.21318092933145122,-0.01849176365510335,0.1690324497344691,-0.0199582345398099,0
241456,2022-07-01,2024-06-30,105,34,0.11877473406133257,0.1341993413263462,0.15627940417389594,0.1350871194045361,-0.1792276734103671,0.0051441520600592466,0.18909056602831728,0.0038636675271770766,0
241456,2022-10-01,2024-09-30,105,35,0.11448399509931001,0.13047089131684303,0.1495253088386859,0.1307724871685202,-0.12134082762463518,0.06230894367524292,0.24519817575210878,0.059534009606798395,0
61616,2014-01-01,2015-12-31,105,0,0.10032751822599116,0.11310677892703158,0.13026281434983716,0.11379264472041305,-0.17220682103123472,-0.013884621430602885,0.14172331279668532,-0.014404240687125524,0
61616,2014-04-01,2016-03-31,105,1,0.10483772180933983,0.1185085480967782,0.1371532481653423,0.1192736756476151,-0.19539920529794055,-0.03311890379851994,0.13594860905386638,-0.03322930623664081,0
61616,2014-07-01,2016-06-30,105,2,0.10721821030124311,0.1216910712299969,0.14053571425135383,0.12219959422074043,-0.22237665679013113,-0.04962727370259336,0.11881449800347874,-0.050490899769597974,0
61616,2014-10-01,2016-09-30,105,3,0.10647583630577995,0.12134260608095934,0.1392433861988132,0.12166582555975955,-0.21060616071902538,-0.04698400179881568,0.1258238711802234,-0.045740187712212985,0
61616,2015-01-01,2016-12-31,105,4,0.09896666424812019,0.11231121460854687,0.12894293406841284,0.11266873850122969,-0.11829595659169902,0.03675114494602638,0.19031852823615067,0.03553062815511741,0
61616,2015-04-01,2017-03-31,105,5,0.10604621398361186,0.12031671409551871,0.13966078144531335,0.12097328958746903,-0.19821809165489596,-0.027707663882521223,0.14386405345119993,-0.027687270217105427,0
61616,2015-07-01,2017-06-30,105,6,0.09525313588058422,0.10817150995113159,0.12443713567447644,0.10859022706610309,-0.22508942941644539,-0.07813916415100755,0.0645976031064309,-0.07837328305982555,0
61616,2015-10-01,2017-09-30,105,7,0.09340236394556295,0.10616534538285463,0.12225948347000261,0.10657632163361622,-0.19648860575137167,-0.04510070627722616,0.10407020944354005,-0.044543894742273465,0
61616,2016-01-01,2017-12-31,105,8,0.0881157795189171,0.10035782645384198,0.11613203939288981,0.10077870681270971,-0.18026233329026786,-0.04307691334234438,0.10118033659625325,-0.04266408824640883,0
61616,2016-04-01,2018-03-31,105,9,0.08482313277762572,0.09636791738252035,0.11155489578036261,0.09669094441383846,-0.14797111761212955,-0.022806629836339312,0.1059042940525309,-0.021212893324738823,0
61616,2016-07-01,2018-06-30,105,10,0.08381124312561586,0.09510699077842229,0.11018032866467337,0.09575097541958576,-0.16902308120935544,-0.03633098031864925,0.09872579080562267,-0.036202590812044036,0
61616,2016-10-01,2018-09-30,104,11,0.08206047963866173,0.09413913395606593,0.10793059642176252,0.09425269193719894,-0.15061493448062663,-0.009189716975782906,0.12266939346922834,-0.01089814634715,0
61616,2017-01-01,2018-12-31,105,12,0.07968040876890474,0.09077069190705034,0.10404643214588392,0.09090609303601775,-0.20139577368511252,-0.08013784146237757,0.04498384283799049,-0.07908489778503804,0
61616,2017-04-01,2019-03-31,104,13,0.06538474825693569,0.07449417453182874,0.08688715082592588,0.07485061744874255,-0.11253916808859894,-0.009578041359647967,0.08787749433505564,-0.010211940046782544,0
61616,2017-07-01,2019-06-30,104,14,0.06917276219527398,0.07858312108417528,0.09051321833580944,0.07886013221469393,-0.10156947052852623,0.009652516965769705,0.1202639080908527,0.009899115528014556,0
61616,2017-10-01,2019-09-30,105,15,0.07267050097245438,0.08237627781118245,0.09498871433229841,0.08275991182153783,-0.13164743394553607,-0.013544668915980539,0.11074737265440371,-0.012287069781430111,0
61616,2018-01-01,2019-12-31,105,16,0.07181088384431987,0.08166904009204193,0.0936903422161792,0.08202595695874519,-0.1358029930138477,-0.026075962019310207,0.08696858364913464,-0.025451493807207345,0
61616,2018-04-01,2020-03-31,105,17,0.11326114639208915,0.1291117256514147,0.14885956623576438,0.1294621377339587,-0.28522851951276923,-0.10325371348221632,0.0702705295413977,-0.10346029992526853,0
61616,2018-07-01,2020-06-30,105,18,0.12669124440963422,0.14429114602010323,0.16557094793805457,0.14500568682985773,-0.27230156675994965,-0.07507550251170844,0.12456406609687196,-0.07224454327972706,0
61616,2018-10-01,2020-09-30,105,19,0.1296987358239257,0.14769666806593545,0.16977363558319575,0.1482432905458686,-0.3210808954307058,-0.10748859909728187,0.09022398718233145,-0.10829329116357526,0
61616,2019-01-01,2020-12-31,105,20,0.13281223621146174,0.15100678509830717,0.1729527479782334,0.15156473298782056,-0.2418866908961682,-0.04364024721888732,0.16388848110229368,-0.042457166064617115,0
61616,2019-04-01,2021-03-31,105,21,0.13346428458684909,0.15180522374164385,0.17342817249527376,0.1522074490335739,-0.24579317765757197,-0.03736448919176284,0.18568081950166312,-0.035916911498846696,0
61616,2019-07-01,2021-06-30,105,22,0.13290184961287915,0.15124014618979165,0.17467349312263925,0.15189263731839953,-0.23770129947092583,-0.03666022032849725,0.17587614154415024,-0.03725292319633255,0
61616,2019-10-01,2021-09-30,105,23,0.13152533530856275,0.15069750155696468,0.173521023798014,0.15084304765885262,-0.20751149344570874,-0.003526792527666936,0.20291506094498338,-0.0029186704134704106,0
61616,2020-01-01,2021-12-31,105,24,0.1330569498964258,0.15094104853814566,0.1736742969986656,0.1514748984148711,-0.1972508812830505,-0.00012228393837868806,0.20259805082169355,0.0010453285205481381,0
61616,2020-04-01,2022-03-31,105,25,0.09692332231177068,0.11088702253284319,0.12763576838442323,0.11135592336632508,-0.06829678313657689,0.08810287563365063,0.24424235264836194,0.08882880944113682,0
61616,2020-07-01,2022-06-30,105,26,0.13263949930245633,0.15045391712893158,0.17318786328181968,0.15109538984103324,-0.08948256449532531,0.12190904264931215,0.3340024416280753,0.12151444209276233,0
61616,2020-10-01,2022-09-30,105,27,0.1307041600220147,0.14804864075413146,0.17089433317844346,0.14868237236590415,-0.06686055836788059,0.14762277483224628,0.356778116391824,0.14458084282897898,0
61616,2021-01-01,2022-12-31,105,28,0.12976118539840856,0.14724803338800996,0.1697619210674816,0.14800941255417996,-0.05939078253697862,0.14158697145147092,0.34781074388651334,0.14356521570936787,0
61616,2021-04-01,2023-03-31,105,29,0.13299943098268563,0.15061151496133196,0.17270720221416688,0.15120162951099764,-0.10554396531470221,0.10913101442762044,0.30741100866119153,0.10623305219291959,0
61616,2021-07-01,2023-06-30,105,30,0.13285255103018628,0.1504938300724074,0.1741200571069929,0.15120950419134704,-0.08500471198652759,0.1241590289620983,0.3260343436732789,0.12353912029663297,0
61616,2021-10-01,2023-09-30,105,31,0.13133027105249565,0.14871019748879175,0.172567871009363,0.14953076571150747,-0.08597531102373324,0.13454653703313377,0.3335691136853628,0.13270219731729407,0
61616,2022-01-01,2023-12-31,104,32,0.13031562185548148,0.14915890478724092,0.17124143074205966,0.14948612550246532,-0.09099093096425416,0.1151757431330149,0.3275516392661595,0.11510070316674796,0
61616,2022-04-01,2024-03-31,105,33,0.12944349807180525,0.14597270232666243,0.16750149334095515,0.1467171828944148,-0.11505091065628986,0.08909760572920948,0.28557812296239476,0.08747233007471944,0
61616,2022-07-01,2024-06-30,105,34,0.07804587467214835,0.08818129491350353,0.10269006128614441,0.0887646241852915,-0.11699890869490842,0.004045527390278629,0.1250201890558687,0.003242657535005056,0
61616,2022-10-01,2024-09-30,105,35,0.07441757768775308,0.08480949486953407,0.0971953693800049,0.08500552840056302,-0.12454079153536313,-0.005093268990520532,0.11416147664036567,-0.006832124926018885,0
