gvkey,date,alpha,beta,delta,mu,A_used,L_used,PD_1y,train_end_date,training_end
100022,2015-12-31,14.601361169276123,0.009543471107228202,0.0030657832111749606,0.0014467984938821312,176605437004.5987,117366000000.0,0.0002529596105872631,2015-12-31,1
100022,2016-01-01,14.601361169276123,0.009543471107228202,0.0030657832111749606,0.0014467984938821312,176605437004.5987,117366000000.0,0.0002529596105872631,2015-12-31,0
100022,2016-01-08,14.601361169276123,0.009543471107228202,0.0030657832111749606,0.0014467984938821312,168108652430.7837,117366000000.0,0.0005758537388340068,2015-12-31,0
100022,2016-01-15,14.601361169276123,0.009543471107228202,0.0030657832111749606,0.0014467984938821312,164826510128.41745,117366000000.0,0.0008012838188658957,2015-12-31,0
100022,2016-01-22,14.601361169276123,0.009543471107228202,0.0030657832111749606,0.0014467984938821312,165859787832.12735,117366000000.0,0.0007215641323269753,2015-12-31,0
100022,2016-01-29,14.601361169276123,0.009543471107228202,0.0030657832111749606,0.0014467984938821312,164045227995.94775,117366000000.0,0.0008677831533981529,2015-12-31,0
100022,2016-02-05,14.601361169276123,0.009543471107228202,0.0030657832111749606,0.0014467984938821312,161496704331.54547,117366000000.0,0.0011288899066385708,2015-12-31,0
100022,2016-02-12,14.601361169276123,0.009543471107228202,0.0030657832111749606,0.0014467984938821312,160233287185.20682,117366000000.0,0.0012883487252195959,2015-12-31,0
100022,2016-02-19,14.601361169276123,0.009543471107228202,0.0030657832111749606,0.0014467984938821312,162388224014.07684,117366000000.0,0.0010291074324068022,2015-12-31,0
100022,2016-02-26,14.601361169276123,0.009543471107228202,0.0030657832111749606,0.0014467984938821312,162440398527.09705,117366000000.0,0.0010235669363931642,2015-12-31,0
100022,2016-03-04,14.601361169276123,0.009543471107228202,0.0030657832111749606,0.0014467984938821312,167707798599.85883,117366000000.0,0.0005993294481327487,2015-12-31,0
100022,2016-03-11,14.601361169276123,0.009543471107228202,0.0030657832111749606,0.0014467984938821312,165286064553.51703,117366000000.0,0.0007647255611912265,2015-12-31,0
100022,2016-03-18,14.601361169276123,0.009543471107228202,0.0030657832111749606,0.0014467984938821312,179143180312.3291,129410000000.0,0.0010203758415322625,2015-12-31,0
100022,2016-03-25,14.601361169276123,0.009543471107228202,0.0030657832111749606,0.0014467984938821312,177935819278.90564,129410000000.0,0.0011432219918149748,2015-12-31,0
100022,2016-03-31,13.682577847605662,0.0036115958243650957,0.004000635473762252,0.001111931448627799,178621026720.93033,129410000000.0,0.0034326690459852522,2016-03-31,1
100022,2016-04-01,13.682577847605662,0.0036115958243650957,0.004000635473762252,0.001111931448627799,176993202760.20624,129410000000.0,0.00394583101795195,2016-03-31,0
100022,2016-04-08,13.682577847605662,0.0036115958243650957,0.004000635473762252,0.001111931448627799,174796701240.82523,129410000000.0,0.0047708202274114875,2016-03-31,0
100022,2016-04-15,13.682577847605662,0.0036115958243650957,0.004000635473762252,0.001111931448627799,177262074225.7682,129410000000.0,0.0038557533037533133,2016-03-31,0
100022,2016-04-22,13.682577847605662,0.0036115958243650957,0.004000635473762252,0.001111931448627799,179918062109.2359,129410000000.0,0.0030745838265331922,2016-03-31,0
100022,2016-04-29,13.682577847605662,0.0036115958243650957,0.004000635473762252,0.001111931448627799,178542806341.12775,129410000000.0,0.003455633827594534,2016-03-31,0
100022,2016-05-06,13.682577847605662,0.0036115958243650957,0.004000635473762252,0.001111931448627799,175656889191.3548,129410000000.0,0.004427836511583384,2016-03-31,0
100022,2016-05-13,13.682577847605662,0.0036115958243650957,0.004000635473762252,0.001111931448627799,174510864018.72913,129410000000.0,0.004890930572245731,2016-03-31,0
100022,2016-05-20,13.682577847605662,0.0036115958243650957,0.004000635473762252,0.001111931448627799,173271391774.88565,129410000000.0,0.005450025018313826,2016-03-31,0
100022,2016-05-27,13.682577847605662,0.0036115958243650957,0.004000635473762252,0.001111931448627799,175371192096.44327,129410000000.0,0.004538761563502359,2016-03-31,0
100022,2016-06-03,13.682577847605662,0.0036115958243650957,0.004000635473762252,0.001111931448627799,173634755322.22107,129410000000.0,0.0052794337165763625,2016-03-31,0
100022,2016-06-10,13.682577847605662,0.0036115958243650957,0.004000635473762252,0.001111931448627799,172701636874.47134,129410000000.0,0.0057293506527587,2016-03-31,0
100022,2016-06-17,13.682577847605662,0.0036115958243650957,0.004000635473762252,0.001111931448627799,171686388354.8454,129410000000.0,0.006265257736022783,2016-03-31,0
100022,2016-06-24,13.682577847605662,0.0036115958243650957,0.004000635473762252,0.001111931448627799,171569929309.65942,129410000000.0,0.006330034905391034,2016-03-31,0
100022,2016-06-30,12.569547575445386,0.005193779058723,0.0037516065691733033,0.0005719302317015408,169857962428.56595,129410000000.0,0.012188087700317728,2016-06-30,1
100022,2016-07-01,12.569547575445386,0.005193779058723,0.0037516065691733033,0.0005719302317015408,171065777512.95645,129410000000.0,0.011008106818397052,2016-06-30,0
100022,2016-07-08,12.569547575445386,0.005193779058723,0.0037516065691733033,0.0005719302317015408,171485315208.3603,129410000000.0,0.010627126738326257,2016-06-30,0
100022,2016-07-15,12.569547575445386,0.005193779058723,0.0037516065691733033,0.0005719302317015408,175205604481.41815,129410000000.0,0.007802499167972969,2016-06-30,0
100022,2016-07-22,12.569547575445386,0.005193779058723,0.0037516065691733033,0.0005719302317015408,175680289054.50705,129410000000.0,0.007504181184734367,2016-06-30,0
100022,2016-07-29,12.569547575445386,0.005193779058723,0.0037516065691733033,0.0005719302317015408,176623197460.91476,129410000000.0,0.006947061265840576,2016-06-30,0
100022,2016-08-05,12.569547575445386,0.005193779058723,0.0037516065691733033,0.0005719302317015408,177149746586.4787,129410000000.0,0.006655286024618481,2016-06-30,0
100022,2016-08-12,12.569547575445386,0.005193779058723,0.0037516065691733033,0.0005719302317015408,178183017568.5329,129410000000.0,0.006120039525179895,2016-06-30,0
100022,2016-08-19,12.569547575445386,0.005193779058723,0.0037516065691733033,0.0005719302317015408,176773047141.60144,129410000000.0,0.006862661533918445,2016-06-30,0
100022,2016-08-26,12.569547575445386,0.005193779058723,0.0037516065691733033,0.0005719302317015408,176719701943.24466,129410000000.0,0.006892581083255308,2016-06-30,0
100022,2016-09-02,12.569547575445386,0.005193779058723,0.0037516065691733033,0.0005719302317015408,177547702209.83575,129410000000.0,0.006443450644009033,2016-06-30,0
100022,2016-09-09,12.569547575445386,0.005193779058723,0.0037516065691733033,0.0005719302317015408,176549282146.2267,129410000000.0,0.006989099563826237,2016-06-30,0
100022,2016-09-16,12.569547575445386,0.005193779058723,0.0037516065691733033,0.0005719302317015408,174450087337.42993,129410000000.0,0.008303660731244505,2016-06-30,0
100022,2016-09-23,12.569547575445386,0.005193779058723,0.0037516065691733033,0.0005719302317015408,175792473585.3405,129410000000.0,0.007435469157993802,2016-06-30,0
100022,2016-09-30,11.778070116403015,0.004053382387376536,0.0034245381627462062,0.0012615414459405995,175382694931.5305,129410000000.0,0.004628456211405927,2016-09-30,1
100022,2016-10-07,11.778070116403015,0.004053382387376536,0.0034245381627462062,0.0012615414459405995,176969918902.2335,129410000000.0,0.0040821272397563516,2016-09-30,0
100022,2016-10-14,11.778070116403015,0.004053382387376536,0.0034245381627462062,0.0012615414459405995,176618888163.11465,129410000000.0,0.004196661901223486,2016-09-30,0
100022,2016-10-21,11.778070116403015,0.004053382387376536,0.0034245381627462062,0.0012615414459405995,177707623293.96103,129410000000.0,0.0038522761047867565,2016-09-30,0
100022,2016-10-28,11.778070116403015,0.004053382387376536,0.0034245381627462062,0.0012615414459405995,178632906055.495,129410000000.0,0.003583539727048737,2016-09-30,0
100022,2016-11-04,11.778070116403015,0.004053382387376536,0.0034245381627462062,0.0012615414459405995,175805172469.19418,129410000000.0,0.0044757243682550215,2016-09-30,0
100022,2016-11-11,11.778070116403015,0.004053382387376536,0.0034245381627462062,0.0012615414459405995,178602452319.34943,129410000000.0,0.003592054954610107,2016-09-30,0
100022,2016-11-18,11.778070116403015,0.004053382387376536,0.0034245381627462062,0.0012615414459405995,179148348276.61096,129410000000.0,0.003442675162241734,2016-09-30,0
100022,2016-11-25,11.778070116403015,0.004053382387376536,0.0034245381627462062,0.0012615414459405995,180283365615.50397,129410000000.0,0.003153129081945311,2016-09-30,0
100022,2016-12-02,11.778070116403015,0.004053382387376536,0.0034245381627462062,0.0012615414459405995,178497735038.25296,129410000000.0,0.003621502335363482,2016-09-30,0
100022,2016-12-09,11.778070116403015,0.004053382387376536,0.0034245381627462062,0.0012615414459405995,183885651208.22546,129410000000.0,0.0023955784880174097,2016-09-30,0
100022,2016-12-16,11.778070116403015,0.004053382387376536,0.0034245381627462062,0.0012615414459405995,184624115769.73682,129410000000.0,0.0022660668659322514,2016-09-30,0
100022,2016-12-23,11.778070116403015,0.004053382387376536,0.0034245381627462062,0.0012615414459405995,184652290054.29715,129410000000.0,0.002261278046103,2016-09-30,0
100022,2016-12-30,11.508033074975884,0.0032601094114966403,0.003330769127474297,0.0015938937388519825,183905787606.79578,129410000000.0,0.0019339180002141115,2016-12-31,1
100022,2017-01-06,11.508033074975884,0.0032601094114966403,0.003330769127474297,0.0015938937388519825,184869185632.14688,129410000000.0,0.0018009857554705715,2016-12-31,0
100022,2017-01-13,11.508033074975884,0.0032601094114966403,0.003330769127474297,0.0015938937388519825,183278053568.54398,129410000000.0,0.002026240168394589,2016-12-31,0
100022,2017-01-20,11.508033074975884,0.0032601094114966403,0.003330769127474297,0.0015938937388519825,182813985823.32657,129410000000.0,0.0020975624223409854,2016-12-31,0
100022,2017-01-27,11.508033074975884,0.0032601094114966403,0.003330769127474297,0.0015938937388519825,182887557808.35815,129410000000.0,0.002086075881521978,2016-12-31,0
100022,2017-02-03,11.508033074975884,0.0032601094114966403,0.003330769127474297,0.0015938937388519825,180993358610.24265,129410000000.0,0.0024048312916386547,2016-12-31,0
100022,2017-02-10,11.508033074975884,0.0032601094114966403,0.003330769127474297,0.0015938937388519825,181630322505.6094,129410000000.0,0.002292110440228185,2016-12-31,0
100022,2017-02-17,11.508033074975884,0.0032601094114966403,0.003330769127474297,0.0015938937388519825,181655364226.2361,129410000000.0,0.0022877975855842753,2016-12-31,0
100022,2017-02-24,11.508033074975884,0.0032601094114966403,0.003330769127474297,0.0015938937388519825,181303746829.86877,129410000000.0,0.002349170044305841,2016-12-31,0
100022,2017-03-03,11.508033074975884,0.0032601094114966403,0.003330769127474297,0.0015938937388519825,182902554583.16138,129410000000.0,0.002083742867341993,2016-12-31,0
100022,2017-03-10,11.508033074975884,0.0032601094114966403,0.003330769127474297,0.0015938937388519825,180880877854.63892,129410000000.0,0.002425353872962869,2016-12-31,0
100022,2017-03-17,11.508033074975884,0.0032601094114966403,0.003330769127474297,0.0015938937388519825,180420586730.13495,129410000000.0,0.0025113363451966146,2016-12-31,0
100022,2017-03-24,11.508033074975884,0.0032601094114966403,0.003330769127474297,0.0015938937388519825,192680971304.4288,141172000000.0,0.003359712160079489,2016-12-31,0
100022,2017-03-31,11.367851623150258,0.0034222402709008296,0.0030440386543952656,0.0003446689070807327,193702193312.8604,141172000000.0,0.006638455709851053,2017-03-31,1
100022,2017-04-07,11.367851623150258,0.0034222402709008296,0.0030440386543952656,0.0003446689070807327,192158617434.65866,141172000000.0,0.007421837688796178,2017-03-31,0
100022,2017-04-14,11.367851623150258,0.0034222402709008296,0.0030440386543952656,0.0003446689070807327,192218748195.80997,141172000000.0,0.007389510177441318,2017-03-31,0
100022,2017-04-21,11.367851623150258,0.0034222402709008296,0.0030440386543952656,0.0003446689070807327,193445376213.33304,141172000000.0,0.00676231344544113,2017-03-31,0
100022,2017-04-28,11.367851623150258,0.0034222402709008296,0.0030440386543952656,0.0003446689070807327,195024034926.85632,141172000000.0,0.006038722500525107,2017-03-31,0
100022,2017-05-05,11.367851623150258,0.0034222402709008296,0.0030440386543952656,0.0003446689070807327,195853488752.688,141172000000.0,0.0056925969593675215,2017-03-31,0
100022,2017-05-12,11.367851623150258,0.0034222402709008296,0.0030440386543952656,0.0003446689070807327,194748768779.92004,141172000000.0,0.006158586782439073,2017-03-31,0
100022,2017-05-19,11.367851623150258,0.0034222402709008296,0.0030440386543952656,0.0003446689070807327,194035402165.81976,141172000000.0,0.006481411980707713,2017-03-31,0
100022,2017-05-26,11.367851623150258,0.0034222402709008296,0.0030440386543952656,0.0003446689070807327,192943759358.29623,141172000000.0,0.007011528150538415,2017-03-31,0
100022,2017-06-02,11.367851623150258,0.0034222402709008296,0.0030440386543952656,0.0003446689070807327,193972477063.92645,141172000000.0,0.006510757379061708,2017-03-31,0
100022,2017-06-09,11.367851623150258,0.0034222402709008296,0.0030440386543952656,0.0003446689070807327,193068349875.97546,141172000000.0,0.006948711914302305,2017-03-31,0
100022,2017-06-16,11.367851623150258,0.0034222402709008296,0.0030440386543952656,0.0003446689070807327,192353043276.1368,141172000000.0,0.007317860642474881,2017-03-31,0
100022,2017-06-23,11.367851623150258,0.0034222402709008296,0.0030440386543952656,0.0003446689070807327,192460689851.53888,141172000000.0,0.0072609728678912815,2017-03-31,0
100022,2017-06-30,11.206446149888095,0.003108708016359605,0.0027673085986809503,0.0007204827264486093,191026507456.0907,141172000000.0,0.005326946233110905,2017-06-30,1
100022,2017-07-07,11.206446149888095,0.003108708016359605,0.0027673085986809503,0.0007204827264486093,191105223503.94107,141172000000.0,0.005296363435111668,2017-06-30,0
100022,2017-07-14,11.206446149888095,0.003108708016359605,0.0027673085986809503,0.0007204827264486093,192565226794.97766,141172000000.0,0.004762498622883853,2017-06-30,0
100022,2017-07-21,11.206446149888095,0.003108708016359605,0.0027673085986809503,0.0007204827264486093,191037792638.44937,141172000000.0,0.005322549901361436,2017-06-30,0
100022,2017-07-28,11.206446149888095,0.003108708016359605,0.0027673085986809503,0.0007204827264486093,189031065751.4536,141172000000.0,0.006170324590014292,2017-06-30,0
100022,2017-08-04,11.206446149888095,0.003108708016359605,0.0027673085986809503,0.0007204827264486093,191160257499.6693,141172000000.0,0.005275095407247465,2017-06-30,0
100022,2017-08-11,11.206446149888095,0.003108708016359605,0.0027673085986809503,0.0007204827264486093,190331441049.42514,141172000000.0,0.005605511227747171,2017-06-30,0
100022,2017-08-18,11.206446149888095,0.003108708016359605,0.0027673085986809503,0.0007204827264486093,190087250774.6433,141172000000.0,0.005707117180974041,2017-06-30,0
100022,2017-08-25,11.206446149888095,0.003108708016359605,0.0027673085986809503,0.0007204827264486093,189965449826.31705,141172000000.0,0.0057585473426126025,2017-06-30,0
100022,2017-09-01,11.206446149888095,0.003108708016359605,0.0027673085986809503,0.0007204827264486093,189790745523.40775,141172000000.0,0.005833200609511724,2017-06-30,0
100022,2017-09-08,11.206446149888095,0.003108708016359605,0.0027673085986809503,0.0007204827264486093,191958750034.57977,141172000000.0,0.0049767761965921154,2017-06-30,0
100022,2017-09-15,11.206446149888095,0.003108708016359605,0.0027673085986809503,0.0007204827264486093,193286711114.9032,141172000000.0,0.004520606014578638,2017-06-30,0
100022,2017-09-22,11.206446149888095,0.003108708016359605,0.0027673085986809503,0.0007204827264486093,193464682721.02307,141172000000.0,0.004463020947523637,2017-06-30,0
100022,2017-09-29,11.13838760549133,0.003036851891212687,0.002513510945491678,0.001563680907088714,193905207248.91925,141172000000.0,0.0019924983393874844,2017-09-30,1
100022,2017-10-06,11.13838760549133,0.003036851891212687,0.002513510945491678,0.001563680907088714,195821987931.96732,141172000000.0,0.0017394651097255318,2017-09-30,0
100022,2017-10-13,11.13838760549133,0.003036851891212687,0.002513510945491678,0.001563680907088714,194809513570.89435,141172000000.0,0.001868429642905436,2017-09-30,0
100022,2017-10-20,11.13838760549133,0.003036851891212687,0.002513510945491678,0.001563680907088714,194221737904.56763,141172000000.0,0.0019480742242395383,2017-09-30,0
100022,2017-10-27,11.13838760549133,0.003036851891212687,0.002513510945491678,0.001563680907088714,194806460264.42773,141172000000.0,0.001868834045641424,2017-09-30,0
100022,2017-11-03,11.13838760549133,0.003036851891212687,0.002513510945491678,0.001563680907088714,196223314568.4964,141172000000.0,0.0016910697193304805,2017-09-30,0
100022,2017-11-10,11.13838760549133,0.003036851891212687,0.002513510945491678,0.001563680907088714,194267443894.11078,141172000000.0,0.0019417495950923786,2017-09-30,0
100022,2017-11-17,11.13838760549133,0.003036851891212687,0.002513510945491678,0.001563680907088714,193401245019.03186,141172000000.0,0.00206553332578447,2017-09-30,0
100022,2017-11-24,11.13838760549133,0.003036851891212687,0.002513510945491678,0.001563680907088714,194260597516.47772,141172000000.0,0.001942695539186153,2017-09-30,0
100022,2017-12-01,11.13838760549133,0.003036851891212687,0.002513510945491678,0.001563680907088714,192588231527.15042,141172000000.0,0.002189610345320186,2017-09-30,0
100022,2017-12-08,11.13838760549133,0.003036851891212687,0.002513510945491678,0.001563680907088714,193793323645.0453,141172000000.0,0.002008465137784338,2017-09-30,0
100022,2017-12-15,11.13838760549133,0.003036851891212687,0.002513510945491678,0.001563680907088714,194083158443.39575,141172000000.0,0.001967388577495903,2017-09-30,0
100022,2017-12-22,11.13838760549133,0.003036851891212687,0.002513510945491678,0.001563680907088714,194960277570.98572,141172000000.0,0.0018485799619540769,2017-09-30,0
100022,2017-12-29,11.131340247393487,0.003115607295812578,0.0022990987641528147,0.0009268212404525927,194488767060.525,141172000000.0,0.002564838466458935,2017-12-31,1
100022,2018-01-05,11.131340247393487,0.003115607295812578,0.0022990987641528147,0.0009268212404525927,195405087915.2354,141172000000.0,0.00240074117341977,2017-12-31,0
100022,2018-01-12,11.131340247393487,0.003115607295812578,0.0022990987641528147,0.0009268212404525927,196148408788.67822,141172000000.0,0.002276075827705778,2017-12-31,0
100022,2018-01-19,11.131340247393487,0.003115607295812578,0.0022990987641528147,0.0009268212404525927,199107318512.7666,141172000000.0,0.001845733651978731,2017-12-31,0
100022,2018-01-26,11.131340247393487,0.003115607295812578,0.0022990987641528147,0.0009268212404525927,198557659227.85834,141172000000.0,0.0019183939266256972,2017-12-31,0
100022,2018-02-02,11.131340247393487,0.003115607295812578,0.0022990987641528147,0.0009268212404525927,196379075263.96634,141172000000.0,0.0022388473307445567,2017-12-31,0
100022,2018-02-09,11.131340247393487,0.003115607295812578,0.0022990987641528147,0.0009268212404525927,194273451310.9132,141172000000.0,0.00260515897140323,2017-12-31,0
100022,2018-02-16,11.131340247393487,0.003115607295812578,0.0022990987641528147,0.0009268212404525927,195156601844.79327,141172000000.0,0.0024440715051421012,2017-12-31,0
100022,2018-02-23,11.131340247393487,0.003115607295812578,0.0022990987641528147,0.0009268212404525927,194525152935.85703,141172000000.0,0.0025580926494957845,2017-12-31,0
100022,2018-03-02,11.131340247393487,0.003115607295812578,0.0022990987641528147,0.0009268212404525927,192694168374.03363,141172000000.0,0.0029230638727433325,2017-12-31,0
100022,2018-03-09,11.131340247393487,0.003115607295812578,0.0022990987641528147,0.0009268212404525927,193396610638.46616,141172000000.0,0.002776693334740228,2017-12-31,0
100022,2018-03-16,11.131340247393487,0.003115607295812578,0.0022990987641528147,0.0009268212404525927,193848861244.28857,141172000000.0,0.0026867223710966676,2017-12-31,0
100022,2018-03-23,11.131340247393487,0.003115607295812578,0.0022990987641528147,0.0009268212404525927,190594438649.4404,138935000000.0,0.0027232628748719554,2017-12-31,0
100022,2018-03-30,11.124190865441037,0.007080347157055072,0.001201700566437711,0.0008303986821530222,192973396576.5942,138935000000.0,0.0008075471529302001,2018-03-31,1
100080,2015-12-31,13.924197998074499,0.024311675801175357,0.01186303071659346,0.0021818340625419344,145975419272.34415,50016000000.0,1.9701738482652465e-06,2015-12-31,1
100080,2016-01-01,13.924197998074499,0.024311675801175357,0.01186303071659346,0.0021818340625419344,145975419272.34415,50016000000.0,1.9701738482652465e-06,2015-12-31,0
100080,2016-01-08,13.924197998074499,0.024311675801175357,0.01186303071659346,0.0021818340625419344,136154141983.74274,50016000000.0,5.023107848146826e-06,2015-12-31,0
100080,2016-01-15,13.924197998074499,0.024311675801175357,0.01186303071659346,0.0021818340625419344,133416977366.33176,50016000000.0,6.589148357996484e-06,2015-12-31,0
100080,2016-01-22,13.924197998074499,0.024311675801175357,0.01186303071659346,0.0021818340625419344,137517147347.1065,50016000000.0,4.395933532163797e-06,2015-12-31,0
100080,2016-01-29,13.924197998074499,0.024311675801175357,0.01186303071659346,0.0021818340625419344,135748382744.55289,50016000000.0,5.227728533425928e-06,2015-12-31,0
100080,2016-02-05,13.924197998074499,0.024311675801175357,0.01186303071659346,0.0021818340625419344,129963990843.90437,50016000000.0,9.343789269874433e-06,2015-12-31,0
100080,2016-02-12,13.924197998074499,0.024311675801175357,0.01186303071659346,0.0021818340625419344,128629222369.44406,50016000000.0,1.071734957090169e-05,2015-12-31,0
100080,2016-02-19,13.924197998074499,0.024311675801175357,0.01186303071659346,0.0021818340625419344,131327549874.4721,50016000000.0,8.132260861405869e-06,2015-12-31,0
100080,2016-02-26,13.924197998074499,0.024311675801175357,0.01186303071659346,0.0021818340625419344,131169002131.96648,50016000000.0,8.264115809712175e-06,2015-12-31,0
100080,2016-03-04,13.924197998074499,0.024311675801175357,0.01186303071659346,0.0021818340625419344,130165449187.58176,48472000000.0,6.026663045446107e-06,2015-12-31,0
100080,2016-03-11,13.924197998074499,0.024311675801175357,0.01186303071659346,0.0021818340625419344,129699110682.01154,48472000000.0,6.322536412254918e-06,2015-12-31,0
100080,2016-03-18,13.924197998074499,0.024311675801175357,0.01186303071659346,0.0021818340625419344,130787971059.94606,48472000000.0,5.6544701989034855e-06,2015-12-31,0
100080,2016-03-25,13.924197998074499,0.024311675801175357,0.01186303071659346,0.0021818340625419344,133466019445.45529,48472000000.0,4.3110673114170085e-06,2015-12-31,0
100080,2016-03-31,7.789809515755118,0.005111393923364885,0.006769776556147229,0.0017041618651955006,134131687688.39688,48472000000.0,6.861327897839822e-05,2016-03-31,1
100080,2016-04-01,7.789809515755118,0.005111393923364885,0.006769776556147229,0.0017041618651955006,132311489730.13977,48472000000.0,7.722360854215059e-05,2016-03-31,0
100080,2016-04-08,7.789809515755118,0.005111393923364885,0.006769776556147229,0.0017041618651955006,132860572527.9459,48472000000.0,7.450497179570152e-05,2016-03-31,0
100080,2016-04-15,7.789809515755118,0.005111393923364885,0.006769776556147229,0.0017041618651955006,136132729382.32907,48472000000.0,6.036633648203132e-05,2016-03-31,0
100080,2016-04-22,7.789809515755118,0.005111393923364885,0.006769776556147229,0.0017041618651955006,139937134678.60352,48472000000.0,4.7573907295503694e-05,2016-03-31,0
100080,2016-04-29,7.789809515755118,0.005111393923364885,0.006769776556147229,0.0017041618651955006,132038769278.71793,48472000000.0,7.86150828220113e-05,2016-03-31,0
100080,2016-05-06,7.789809515755118,0.005111393923364885,0.006769776556147229,0.0017041618651955006,129578090469.65291,48472000000.0,9.252235287218189e-05,2016-03-31,0
100080,2016-05-13,7.789809515755118,0.005111393923364885,0.006769776556147229,0.0017041618651955006,128233838343.95956,48472000000.0,0.00010127077776671201,2016-03-31,0
100080,2016-05-20,7.789809515755118,0.005111393923364885,0.006769776556147229,0.0017041618651955006,122778476570.97162,48472000000.0,0.00014764934009700687,2016-03-31,0
100080,2016-05-27,7.789809515755118,0.005111393923364885,0.006769776556147229,0.0017041618651955006,119303355243.27098,48472000000.0,0.0001894647852277932,2016-03-31,0
100080,2016-06-03,7.789809515755118,0.005111393923364885,0.006769776556147229,0.0017041618651955006,122620662996.67053,48472000000.0,0.00014930701084437154,2016-03-31,0
100080,2016-06-10,7.789809515755118,0.005111393923364885,0.006769776556147229,0.0017041618651955006,121517052919.20111,48472000000.0,0.00016149899816146122,2016-03-31,0
100080,2016-06-17,7.789809515755118,0.005111393923364885,0.006769776556147229,0.0017041618651955006,121593023441.54436,48472000000.0,0.00016062490491132412,2016-03-31,0
100080,2016-06-24,7.789809515755118,0.005111393923364885,0.006769776556147229,0.0017041618651955006,121255445438.67488,48472000000.0,0.00016454996552469806,2016-03-31,0
100080,2016-06-30,6.478682222734381,0.0014709360642466078,0.005899754511844444,0.0004648405482354099,123212945103.9206,48472000000.0,0.000467671556360143,2016-06-30,1
100080,2016-07-01,6.478682222734381,0.0014709360642466078,0.005899754511844444,0.0004648405482354099,123784971673.84962,48472000000.0,0.00045159206333297624,2016-06-30,0
100080,2016-07-08,6.478682222734381,0.0014709360642466078,0.005899754511844444,0.0004648405482354099,123985747592.03166,48472000000.0,0.00044609891446151776,2016-06-30,0
100080,2016-07-15,6.478682222734381,0.0014709360642466078,0.005899754511844444,0.0004648405482354099,126432747842.20178,48472000000.0,0.0003849388096961961,2016-06-30,0
100080,2016-07-22,6.478682222734381,0.0014709360642466078,0.005899754511844444,0.0004648405482354099,124916094650.42499,48472000000.0,0.0004216220627861622,2016-06-30,0
100080,2016-07-29,6.478682222734381,0.0014709360642466078,0.005899754511844444,0.0004648405482354099,128351604693.81975,48472000000.0,0.0003436421368151109,2016-06-30,0
100080,2016-08-05,6.478682222734381,0.0014709360642466078,0.005899754511844444,0.0004648405482354099,128063226716.6962,48472000000.0,0.0003495120672164169,2016-06-30,0
100080,2016-08-12,6.478682222734381,0.0014709360642466078,0.005899754511844444,0.0004648405482354099,129908765835.00287,48472000000.0,0.0003138296223457893,2016-06-30,0
100080,2016-08-19,6.478682222734381,0.0014709360642466078,0.005899754511844444,0.0004648405482354099,128454355090.02274,48472000000.0,0.00034157796019242115,2016-06-30,0
100080,2016-08-26,6.478682222734381,0.0014709360642466078,0.005899754511844444,0.0004648405482354099,128992183687.80908,48472000000.0,0.00033100208904255653,2016-06-30,0
100080,2016-09-02,6.478682222734381,0.0014709360642466078,0.005899754511844444,0.0004648405482354099,127288389886.85884,48472000000.0,0.0003658603971974461,2016-06-30,0
100080,2016-09-09,6.478682222734381,0.0014709360642466078,0.005899754511844444,0.0004648405482354099,127358639599.95811,48472000000.0,0.0003643426756376383,2016-06-30,0
100080,2016-09-16,6.478682222734381,0.0014709360642466078,0.005899754511844444,0.0004648405482354099,123857552962.12558,48472000000.0,0.0004495973889755994,2016-06-30,0
100080,2016-09-23,6.478682222734381,0.0014709360642466078,0.005899754511844444,0.0004648405482354099,124449921868.06104,48472000000.0,0.0004336893342898726,2016-06-30,0
100080,2016-09-30,5.597440599803977,0.0009922516072926532,0.004959374708373164,0.00019675706837279626,122777069247.11903,48472000000.0,0.0007171084053977257,2016-09-30,1
100080,2016-10-07,5.597440599803977,0.0009922516072926532,0.004959374708373164,0.00019675706837279626,123091293945.37186,48472000000.0,0.000704739055208598,2016-09-30,0
100080,2016-10-14,5.597440599803977,0.0009922516072926532,0.004959374708373164,0.00019675706837279626,123700278730.78374,48472000000.0,0.0006814680143054825,2016-09-30,0
100080,2016-10-21,5.597440599803977,0.0009922516072926532,0.004959374708373164,0.00019675706837279626,123530801194.24004,48472000000.0,0.000687853008584889,2016-09-30,0
100080,2016-10-28,5.597440599803977,0.0009922516072926532,0.004959374708373164,0.00019675706837279626,123852640434.14162,48472000000.0,0.0006757867964781498,2016-09-30,0
100080,2016-11-04,5.597440599803977,0.0009922516072926532,0.004959374708373164,0.00019675706837279626,121540057131.02328,48472000000.0,0.0007683284425825364,2016-09-30,0
100080,2016-11-11,5.597440599803977,0.0009922516072926532,0.004959374708373164,0.00019675706837279626,126484456719.74408,48472000000.0,0.0005858597091893714,2016-09-30,0
100080,2016-11-18,5.597440599803977,0.0009922516072926532,0.004959374708373164,0.00019675706837279626,124470494717.51953,48472000000.0,0.0006533075476061658,2016-09-30,0
100080,2016-11-25,5.597440599803977,0.0009922516072926532,0.004959374708373164,0.00019675706837279626,122292330583.31647,48472000000.0,0.0007366901844116972,2016-09-30,0
100080,2016-12-02,5.597440599803977,0.0009922516072926532,0.004959374708373164,0.00019675706837279626,120928726376.70105,48472000000.0,0.0007952105654332776,2016-09-30,0
100080,2016-12-09,5.597440599803977,0.0009922516072926532,0.004959374708373164,0.00019675706837279626,127039892839.03986,48472000000.0,0.000568710906538081,2016-09-30,0
100080,2016-12-16,5.597440599803977,0.0009922516072926532,0.004959374708373164,0.00019675706837279626,129544799496.15741,48472000000.0,0.0004982935580532413,2016-09-30,0
100080,2016-12-23,5.597440599803977,0.0009922516072926532,0.004959374708373164,0.00019675706837279626,130333433327.32797,48472000000.0,0.0004782664987158064,2016-09-30,0
100080,2016-12-30,5.26602960961355,0.0007244011001436634,0.004366142729696154,0.0005211925245013366,130847635280.96135,48472000000.0,0.00043164953731609113,2016-12-31,1
100080,2017-01-06,5.26602960961355,0.0007244011001436634,0.004366142729696154,0.0005211925245013366,133515754191.80554,48472000000.0,0.0003789870350469304,2016-12-31,0
100080,2017-01-13,5.26602960961355,0.0007244011001436634,0.004366142729696154,0.0005211925245013366,132908373926.11868,48472000000.0,0.00039027794489415035,2016-12-31,0
100080,2017-01-20,5.26602960961355,0.0007244011001436634,0.004366142729696154,0.0005211925245013366,133586277241.66498,48472000000.0,0.00037770111401916383,2016-12-31,0
100080,2017-01-27,5.26602960961355,0.0007244011001436634,0.004366142729696154,0.0005211925245013366,136408178516.57986,48472000000.0,0.0003302176112350196,2016-12-31,0
100080,2017-02-03,5.26602960961355,0.0007244011001436634,0.004366142729696154,0.0005211925245013366,134186714623.39043,48472000000.0,0.0003669581654853744,2016-12-31,0
100080,2017-02-10,5.26602960961355,0.0007244011001436634,0.004366142729696154,0.0005211925245013366,136506247045.02142,48472000000.0,0.0003286980898928733,2016-12-31,0
100080,2017-02-17,5.26602960961355,0.0007244011001436634,0.004366142729696154,0.0005211925245013366,136938119980.99608,48472000000.0,0.0003221035708772239,2016-12-31,0
100080,2017-02-24,5.26602960961355,0.0007244011001436634,0.004366142729696154,0.0005211925245013366,137007642076.71107,50341000000.0,0.0004094894524596632,2016-12-31,0
100080,2017-03-03,5.26602960961355,0.0007244011001436634,0.004366142729696154,0.0005211925245013366,138970268447.65094,50341000000.0,0.0003736421524118579,2016-12-31,0
100080,2017-03-10,5.26602960961355,0.0007244011001436634,0.004366142729696154,0.0005211925245013366,139076780636.45187,50341000000.0,0.0003718047600674491,2016-12-31,0
100080,2017-03-17,5.26602960961355,0.0007244011001436634,0.004366142729696154,0.0005211925245013366,139132636383.22467,50341000000.0,0.0003708454691082795,2016-12-31,0
100080,2017-03-24,5.26602960961355,0.0007244011001436634,0.004366142729696154,0.0005211925245013366,139228797087.58286,50341000000.0,0.0003692007776244223,2016-12-31,0
100080,2017-03-31,5.167074845538085,-0.00059161517227209,0.0028661209962668904,-0.0015703595048885694,140068411765.98096,50341000000.0,0.00037358032742075895,2017-03-31,1
100080,2017-04-07,5.167074845538085,-0.00059161517227209,0.0028661209962668904,-0.0015703595048885694,139647057136.04446,50341000000.0,0.00038100667045624226,2017-03-31,0
100080,2017-04-14,5.167074845538085,-0.00059161517227209,0.0028661209962668904,-0.0015703595048885694,138874312249.5742,50341000000.0,0.0003950849729174996,2017-03-31,0
100080,2017-04-21,5.167074845538085,-0.00059161517227209,0.0028661209962668904,-0.0015703595048885694,137744538386.17673,50341000000.0,0.00041679116466778544,2017-03-31,0
100080,2017-04-28,5.167074845538085,-0.00059161517227209,0.0028661209962668904,-0.0015703595048885694,144669943615.58115,50341000000.0,0.0003026705988053321,2017-03-31,0
100080,2017-05-05,5.167074845538085,-0.00059161517227209,0.0028661209962668904,-0.0015703595048885694,145894875193.6419,50341000000.0,0.0002865596294916901,2017-03-31,0
100080,2017-05-12,5.167074845538085,-0.00059161517227209,0.0028661209962668904,-0.0015703595048885694,147264684800.8658,50341000000.0,0.00026972868745476456,2017-03-31,0
100080,2017-05-19,5.167074845538085,-0.00059161517227209,0.0028661209962668904,-0.0015703595048885694,147403240102.49304,50341000000.0,0.0002680922026290199,2017-03-31,0
100080,2017-05-26,5.167074845538085,-0.00059161517227209,0.0028661209962668904,-0.0015703595048885694,147208658780.00238,50341000000.0,0.0002703937642744912,2017-03-31,0
100080,2017-06-02,5.167074845538085,-0.00059161517227209,0.0028661209962668904,-0.0015703595048885694,151279775609.94556,50341000000.0,0.0002267250119952682,2017-03-31,0
100080,2017-06-09,5.167074845538085,-0.00059161517227209,0.0028661209962668904,-0.0015703595048885694,149170654182.1775,50341000000.0,0.00024821304805323295,2017-03-31,0
100080,2017-06-16,5.167074845538085,-0.00059161517227209,0.0028661209962668904,-0.0015703595048885694,152246329091.13144,50341000000.0,0.00021761637036506702,2017-03-31,0
100080,2017-06-23,5.167074845538085,-0.00059161517227209,0.0028661209962668904,-0.0015703595048885694,151488941919.86234,50341000000.0,0.00022471625061748677,2017-03-31,0
100080,2017-06-30,5.145939225015788,-0.0003135690257059058,0.0025946612060303983,-0.0006405803721279265,144281104646.4137,50341000000.0,0.00019562582409516168,2017-06-30,1
100080,2017-07-07,5.145939225015788,-0.0003135690257059058,0.0025946612060303983,-0.0006405803721279265,141600127141.72424,50341000000.0,0.00022075065677796014,2017-06-30,0
100080,2017-07-14,5.145939225015788,-0.0003135690257059058,0.0025946612060303983,-0.0006405803721279265,143929593208.33005,50341000000.0,0.0001987196873610053,2017-06-30,0
100080,2017-07-21,5.145939225015788,-0.0003135690257059058,0.0025946612060303983,-0.0006405803721279265,142485163764.98917,50341000000.0,0.0002120559877715918,2017-06-30,0
100080,2017-07-28,5.145939225015788,-0.0003135690257059058,0.0025946612060303983,-0.0006405803721279265,139757639930.82983,50341000000.0,0.00024024203246329035,2017-06-30,0
100080,2017-08-04,5.145939225015788,-0.0003135690257059058,0.0025946612060303983,-0.0006405803721279265,139186695891.39438,50341000000.0,0.0002466904429899013,2017-06-30,0
100080,2017-08-11,5.145939225015788,-0.0003135690257059058,0.0025946612060303983,-0.0006405803721279265,138116647783.89825,50341000000.0,0.00025933598173066114,2017-06-30,0
100080,2017-08-18,5.145939225015788,-0.0003135690257059058,0.0025946612060303983,-0.0006405803721279265,139936870001.72977,50341000000.0,0.00023825901265376188,2017-06-30,0
100080,2017-08-25,5.145939225015788,-0.0003135690257059058,0.0025946612060303983,-0.0006405803721279265,140856746053.96988,50341000000.0,0.0002283809489838206,2017-06-30,0
100080,2017-09-01,5.145939225015788,-0.0003135690257059058,0.0025946612060303983,-0.0006405803721279265,140319185156.38422,50341000000.0,0.00023409336034262897,2017-06-30,0
100080,2017-09-08,5.145939225015788,-0.0003135690257059058,0.0025946612060303983,-0.0006405803721279265,140584735949.12317,50341000000.0,0.0002312506128101903,2017-06-30,0
100080,2017-09-15,5.145939225015788,-0.0003135690257059058,0.0025946612060303983,-0.0006405803721279265,141885512643.4555,50341000000.0,0.0002179017267379192,2017-06-30,0
100080,2017-09-22,5.145939225015788,-0.0003135690257059058,0.0025946612060303983,-0.0006405803721279265,141769120418.2901,50341000000.0,0.0002190583585164994,2017-06-30,0
100080,2017-09-29,5.145939225015788,-0.0003135690257059058,0.0025946612060303983,-0.0006405803721279265,146067483199.04083,50341000000.0,0.0001807557524130213,2017-06-30,0
100080,2019-03-29,5.144733517199514,0.00029518260645516105,0.01097728114199958,-0.00037660308315245897,134342562427.61499,80137000000.0,0.06318422952428318,2019-03-31,1
100080,2019-04-05,5.144733517199514,0.00029518260645516105,0.01097728114199958,-0.00037660308315245897,137938267822.1004,80137000000.0,0.05504242210995321,2019-03-31,0
100080,2019-04-12,5.144733517199514,0.00029518260645516105,0.01097728114199958,-0.00037660308315245897,137884733508.35193,80137000000.0,0.05515473003361808,2019-03-31,0
100080,2019-04-19,5.144733517199514,0.00029518260645516105,0.01097728114199958,-0.00037660308315245897,137642167055.32562,80137000000.0,0.05566681234097995,2019-03-31,0
100080,2019-04-26,5.144733517199514,0.00029518260645516105,0.01097728114199958,-0.00037660308315245897,138005925642.57166,80137000000.0,0.05490084938871048,2019-03-31,0
100080,2019-05-03,5.144733517199514,0.00029518260645516105,0.01097728114199958,-0.00037660308315245897,138315355615.26437,80137000000.0,0.05425852590345516,2019-03-31,0
100080,2019-05-10,5.144733517199514,0.00029518260645516105,0.01097728114199958,-0.00037660308315245897,134293558027.90208,80137000000.0,0.06330404722604432,2019-03-31,0
100080,2019-05-17,5.144733517199514,0.00029518260645516105,0.01097728114199958,-0.00037660308315245897,133742937782.30954,80137000000.0,0.06466775424306402,2019-03-31,0
100080,2019-05-24,5.144733517199514,0.00029518260645516105,0.01097728114199958,-0.00037660308315245897,130893557288.23868,80137000000.0,0.07226308631305958,2019-03-31,0
100080,2019-05-31,5.144733517199514,0.00029518260645516105,0.01097728114199958,-0.00037660308315245897,129910287353.68658,80137000000.0,0.07510762085849486,2019-03-31,0
100080,2019-06-07,5.144733517199514,0.00029518260645516105,0.01097728114199958,-0.00037660308315245897,129947430190.50906,80137000000.0,0.07499796557983282,2019-03-31,0
100080,2019-06-14,5.144733517199514,0.00029518260645516105,0.01097728114199958,-0.00037660308315245897,129937839108.79324,80137000000.0,0.07502626413428004,2019-03-31,0
100080,2019-06-21,5.144733517199514,0.00029518260645516105,0.01097728114199958,-0.00037660308315245897,131805650611.20633,80137000000.0,0.06972993299009657,2019-03-31,0
100080,2019-06-28,3.476024633263024,0.0015714436235459094,0.007326726148006131,-0.00028702335124541103,137522128398.67938,80137000000.0,0.0514083481289306,2019-06-30,1
100080,2019-07-05,3.476024633263024,0.0015714436235459094,0.007326726148006131,-0.00028702335124541103,137317616267.11438,80137000000.0,0.05177493475163042,2019-06-30,0
100080,2019-07-12,3.476024633263024,0.0015714436235459094,0.007326726148006131,-0.00028702335124541103,135564161173.9353,80137000000.0,0.05505267306543893,2019-06-30,0
100080,2019-07-19,3.476024633263024,0.0015714436235459094,0.007326726148006131,-0.00028702335124541103,136260788589.29848,80137000000.0,0.053720982586893624,2019-06-30,0
100080,2019-07-26,3.476024633263024,0.0015714436235459094,0.007326726148006131,-0.00028702335124541103,136580894812.64444,80137000000.0,0.05312225057429722,2019-06-30,0
100080,2019-08-02,3.476024633263024,0.0015714436235459094,0.007326726148006131,-0.00028702335124541103,134832263120.16652,80137000000.0,0.05649540453808679,2019-06-30,0
100080,2019-08-09,3.476024633263024,0.0015714436235459094,0.007326726148006131,-0.00028702335124541103,141069606603.98105,80137000000.0,0.04552710026196251,2019-06-30,0
100080,2019-08-16,3.476024633263024,0.0015714436235459094,0.007326726148006131,-0.00028702335124541103,141079465466.58264,80137000000.0,0.04551193949345941,2019-06-30,0
100080,2019-08-23,3.476024633263024,0.0015714436235459094,0.007326726148006131,-0.00028702335124541103,142920107163.91394,80137000000.0,0.042786786738583125,2019-06-30,0
100080,2019-08-30,3.476024633263024,0.0015714436235459094,0.007326726148006131,-0.00028702335124541103,143645361357.12976,80137000000.0,0.04176826157079674,2019-06-30,0
100080,2019-09-06,3.476024633263024,0.0015714436235459094,0.007326726148006131,-0.00028702335124541103,143289553714.58463,80137000000.0,0.042264180676576946,2019-06-30,0
100080,2019-09-13,3.476024633263024,0.0015714436235459094,0.007326726148006131,-0.00028702335124541103,144180444703.4236,80137000000.0,0.041035859621897375,2019-06-30,0
100080,2019-09-20,3.476024633263024,0.0015714436235459094,0.007326726148006131,-0.00028702335124541103,143404262489.6661,80137000000.0,0.04210351504291425,2019-06-30,0
100080,2019-09-27,3.476024633263024,0.0015714436235459094,0.007326726148006131,-0.00028702335124541103,141058364383.2901,80137000000.0,0.04554439588955095,2019-06-30,0
100080,2019-09-30,3.0737061922909894,0.0005761011553357631,0.006439598700795875,-0.00043800721796883826,141074548105.49316,80137000000.0,0.04622241185146457,2019-09-30,1
100080,2019-10-04,3.0737061922909894,0.0005761011553357631,0.006439598700795875,-0.00043800721796883826,138820415449.56934,80137000000.0,0.04977002435130106,2019-09-30,0
100080,2019-10-11,3.0737061922909894,0.0005761011553357631,0.006439598700795875,-0.00043800721796883826,141517754923.5252,80137000000.0,0.045562861372887314,2019-09-30,0
100080,2019-10-18,3.0737061922909894,0.0005761011553357631,0.006439598700795875,-0.00043800721796883826,141514321010.32654,80137000000.0,0.04556792559953667,2019-09-30,0
100080,2019-10-25,3.0737061922909894,0.0005761011553357631,0.006439598700795875,-0.00043800721796883826,142735055882.3517,80137000000.0,0.0438115844720786,2019-09-30,0
100080,2019-11-01,3.0737061922909894,0.0005761011553357631,0.006439598700795875,-0.00043800721796883826,145869931245.1673,80137000000.0,0.039678174879186366,2019-09-30,0
100080,2019-11-08,3.0737061922909894,0.0005761011553357631,0.006439598700795875,-0.00043800721796883826,146523507886.56906,80137000000.0,0.03887950085848658,2019-09-30,0
100080,2019-11-15,3.0737061922909894,0.0005761011553357631,0.006439598700795875,-0.00043800721796883826,146348977635.9045,80137000000.0,0.03909076764612633,2019-09-30,0
100080,2019-11-22,3.0737061922909894,0.0005761011553357631,0.006439598700795875,-0.00043800721796883826,144561011722.18396,80137000000.0,0.04134121694849155,2019-09-30,0
100080,2019-11-29,3.0737061922909894,0.0005761011553357631,0.006439598700795875,-0.00043800721796883826,144716263486.2301,80137000000.0,0.041139404219924014,2019-09-30,0
100080,2019-12-06,3.0737061922909894,0.0005761011553357631,0.006439598700795875,-0.00043800721796883826,148628107447.9674,80137000000.0,0.036442377706465114,2019-09-30,0
100080,2019-12-13,3.0737061922909894,0.0005761011553357631,0.006439598700795875,-0.00043800721796883826,150427400890.23386,80137000000.0,0.03451068789446688,2019-09-30,0
100080,2019-12-20,3.0737061922909894,0.0005761011553357631,0.006439598700795875,-0.00043800721796883826,150914040579.81976,80137000000.0,0.03401070940082981,2019-09-30,0
100080,2019-12-27,3.0737061922909894,0.0005761011553357631,0.006439598700795875,-0.00043800721796883826,152606516022.51865,80137000000.0,0.03234194524432084,2019-09-30,0
100080,2019-12-31,2.849537000407068,0.0003983735025107086,0.005913022454024312,0.0007905054777291357,152198523877.1783,80137000000.0,0.024485775008241544,2019-12-31,1
100080,2020-01-03,2.849537000407068,0.0003983735025107086,0.005913022454024312,0.0007905054777291357,151948057935.53223,80137000000.0,0.02465965525429504,2019-12-31,0
100080,2020-01-10,2.849537000407068,0.0003983735025107086,0.005913022454024312,0.0007905054777291357,154664851788.19388,80137000000.0,0.02285566806100423,2019-12-31,0
100080,2020-01-17,2.849537000407068,0.0003983735025107086,0.005913022454024312,0.0007905054777291357,154553970998.36615,80137000000.0,0.022925875993516535,2019-12-31,0
100080,2020-01-24,2.849537000407068,0.0003983735025107086,0.005913022454024312,0.0007905054777291357,154556475215.011,80137000000.0,0.022924287275416476,2019-12-31,0
100080,2020-01-31,2.849537000407068,0.0003983735025107086,0.005913022454024312,0.0007905054777291357,152428408951.1384,80137000000.0,0.02432758060251147,2019-12-31,0
100080,2020-02-07,2.849537000407068,0.0003983735025107086,0.005913022454024312,0.0007905054777291357,156907277559.24127,80137000000.0,0.02149384065840289,2019-12-31,0
100080,2020-02-14,2.849537000407068,0.0003983735025107086,0.005913022454024312,0.0007905054777291357,156657736244.205,80137000000.0,0.02164008276820753,2019-12-31,0
100080,2020-02-21,2.849537000407068,0.0003983735025107086,0.005913022454024312,0.0007905054777291357,153423753769.3755,80137000000.0,0.023657743009822433,2019-12-31,0
100080,2020-02-28,2.849537000407068,0.0003983735025107086,0.005913022454024312,0.0007905054777291357,144792650713.9022,80137000000.0,0.03038285213978797,2019-12-31,0
100080,2020-03-06,2.849537000407068,0.0003983735025107086,0.005913022454024312,0.0007905054777291357,142028960727.6567,78741000000.0,0.03060851376708298,2019-12-31,0
100080,2020-03-13,2.849537000407068,0.0003983735025107086,0.005913022454024312,0.0007905054777291357,126631428220.58676,78741000000.0,0.05090426896085847,2019-12-31,0
100080,2020-03-20,2.849537000407068,0.0003983735025107086,0.005913022454024312,0.0007905054777291357,128518703973.55185,78741000000.0,0.047627168768365084,2019-12-31,0
100080,2020-03-27,2.849537000407068,0.0003983735025107086,0.005913022454024312,0.0007905054777291357,129074251547.70508,78741000000.0,0.04671454049704671,2019-12-31,0
100080,2020-03-31,2.7872554565497163,0.00020608139712338734,0.006017827289409786,0.0011928167968631356,131211126715.5502,78741000000.0,0.041571898683543995,2020-03-31,1
100080,2020-04-03,2.7872554565497163,0.00020608139712338734,0.006017827289409786,0.0011928167968631356,131363399327.41022,78741000000.0,0.041362374245331054,2020-03-31,0
100080,2020-04-10,2.7872554565497163,0.00020608139712338734,0.006017827289409786,0.0011928167968631356,135689291512.29047,78741000000.0,0.03594205169712157,2020-03-31,0
100080,2020-04-17,2.7872554565497163,0.00020608139712338734,0.006017827289409786,0.0011928167968631356,136785006442.48195,78741000000.0,0.03471751237546259,2020-03-31,0
100080,2020-04-24,2.7872554565497163,0.00020608139712338734,0.006017827289409786,0.0011928167968631356,137722530381.71924,78741000000.0,0.03371247136909164,2020-03-31,0
100080,2020-05-01,2.7872554565497163,0.00020608139712338734,0.006017827289409786,0.0011928167968631356,138308177540.88284,78741000000.0,0.03310378196397159,2020-03-31,0
100080,2020-05-08,2.7872554565497163,0.00020608139712338734,0.006017827289409786,0.0011928167968631356,136220753090.74936,78741000000.0,0.035341217470429426,2020-03-31,0
100080,2020-05-15,2.7872554565497163,0.00020608139712338734,0.006017827289409786,0.0011928167968631356,134992301619.74597,78741000000.0,0.03675028877184695,2020-03-31,0
100080,2020-05-22,2.7872554565497163,0.00020608139712338734,0.006017827289409786,0.0011928167968631356,135863023538.40811,78741000000.0,0.03574419242799202,2020-03-31,0
100080,2020-05-29,2.7872554565497163,0.00020608139712338734,0.006017827289409786,0.0011928167968631356,138865731113.63974,78741000000.0,0.03253750144131089,2020-03-31,0
100080,2020-06-05,2.7872554565497163,0.00020608139712338734,0.006017827289409786,0.0011928167968631356,144190800480.67676,78741000000.0,0.027714714455827693,2020-03-31,0
100080,2020-06-12,2.7872554565497163,0.00020608139712338734,0.006017827289409786,0.0011928167968631356,143309167300.95605,78741000000.0,0.02844562976958699,2020-03-31,0
100080,2020-06-19,2.7872554565497163,0.00020608139712338734,0.006017827289409786,0.0011928167968631356,147432662020.3053,78741000000.0,0.02522835262392492,2020-03-31,0
100080,2020-06-26,2.7872554565497163,0.00020608139712338734,0.006017827289409786,0.0011928167968631356,144865340897.95422,78741000000.0,0.027171927081637584,2020-03-31,0
100080,2020-06-30,2.739620708751545,0.00020791372007964953,0.005906433111307776,0.0012812042072804521,143877863242.87418,78741000000.0,0.027404038786064382,2020-06-30,1
100080,2020-07-03,2.739620708751545,0.00020791372007964953,0.005906433111307776,0.0012812042072804521,144751060161.41638,78741000000.0,0.0267161173573056,2020-06-30,0
100080,2020-07-10,2.739620708751545,0.00020791372007964953,0.005906433111307776,0.0012812042072804521,141830499087.13263,78741000000.0,0.029110269666498864,2020-06-30,0
100080,2020-07-17,2.739620708751545,0.00020791372007964953,0.005906433111307776,0.0012812042072804521,141134403756.9643,78741000000.0,0.029721922498857887,2020-06-30,0
100080,2020-07-24,2.739620708751545,0.00020791372007964953,0.005906433111307776,0.0012812042072804521,138861603486.12704,78741000000.0,0.0318397816030386,2020-06-30,0
100080,2020-07-31,2.739620708751545,0.00020791372007964953,0.005906433111307776,0.0012812042072804521,134504971080.37723,78741000000.0,0.03648307254430541,2020-06-30,0
100080,2020-08-07,2.739620708751545,0.00020791372007964953,0.005906433111307776,0.0012812042072804521,134235836585.8443,78741000000.0,0.03679809869704976,2020-06-30,0
100080,2020-08-14,2.739620708751545,0.00020791372007964953,0.005906433111307776,0.0012812042072804521,135193245574.55891,78741000000.0,0.03569328101649324,2020-06-30,0
100080,2020-08-21,2.739620708751545,0.00020791372007964953,0.005906433111307776,0.0012812042072804521,134589427487.04402,78741000000.0,0.036384940403439175,2020-06-30,0
100080,2020-08-28,2.739620708751545,0.00020791372007964953,0.005906433111307776,0.0012812042072804521,133307358628.68437,78741000000.0,0.037912505957828545,2020-06-30,0
100080,2020-09-04,2.739620708751545,0.00020791372007964953,0.005906433111307776,0.0012812042072804521,132577670125.3252,78741000000.0,0.038819367006253575,2020-06-30,0
100080,2020-09-11,2.739620708751545,0.00020791372007964953,0.005906433111307776,0.0012812042072804521,133662568872.57526,78741000000.0,0.03748103521537868,2020-06-30,0
100080,2020-09-18,2.739620708751545,0.00020791372007964953,0.005906433111307776,0.0012812042072804521,135461235756.73611,78741000000.0,0.03539179907104165,2020-06-30,0
100080,2020-09-25,2.739620708751545,0.00020791372007964953,0.005906433111307776,0.0012812042072804521,131788313658.22792,78741000000.0,0.0398324786412477,2020-06-30,0
100080,2020-09-30,2.7050970404618586,0.0002489407678480143,0.005331495230012146,0.0018932067869946467,131622802145.77188,78741000000.0,0.030976462595997543,2020-09-30,1
100080,2020-10-02,2.7050970404618586,0.0002489407678480143,0.005331495230012146,0.0018932067869946467,123404580450.36957,78741000000.0,0.04107565673436029,2020-09-30,0
100080,2020-10-09,2.7050970404618586,0.0002489407678480143,0.005331495230012146,0.0018932067869946467,125183669213.10214,78741000000.0,0.03855875648121322,2020-09-30,0
100080,2020-10-16,2.7050970404618586,0.0002489407678480143,0.005331495230012146,0.0018932067869946467,123338146008.73715,78741000000.0,0.04117375870927269,2020-09-30,0
100080,2020-10-23,2.7050970404618586,0.0002489407678480143,0.005331495230012146,0.0018932067869946467,120994190035.72443,78741000000.0,0.04484072298759623,2020-09-30,0
100080,2020-10-30,2.7050970404618586,0.0002489407678480143,0.005331495230012146,0.0018932067869946467,118986198529.41968,78741000000.0,0.04832933551777236,2020-09-30,0
100080,2020-11-06,2.7050970404618586,0.0002489407678480143,0.005331495230012146,0.0018932067869946467,121327420914.45633,78741000000.0,0.04429400419462769,2020-09-30,0
100080,2020-11-13,2.7050970404618586,0.0002489407678480143,0.005331495230012146,0.0018932067869946467,126159958958.80743,78741000000.0,0.03726319282673848,2020-09-30,0
100080,2020-11-20,2.7050970404618586,0.0002489407678480143,0.005331495230012146,0.0018932067869946467,126364187437.59444,78741000000.0,0.03699942775611718,2020-09-30,0
100080,2020-11-27,2.7050970404618586,0.0002489407678480143,0.005331495230012146,0.0018932067869946467,127957287473.98218,78741000000.0,0.035023693561356345,2020-09-30,0
100080,2020-12-04,2.7050970404618586,0.0002489407678480143,0.005331495230012146,0.0018932067869946467,126262804412.88766,78741000000.0,0.03713005861276564,2020-09-30,0
100080,2020-12-11,2.7050970404618586,0.0002489407678480143,0.005331495230012146,0.0018932067869946467,124979924365.96606,78741000000.0,0.038836554255932236,2020-09-30,0
100080,2020-12-18,2.7050970404618586,0.0002489407678480143,0.005331495230012146,0.0018932067869946467,127518880482.75034,78741000000.0,0.035553301075431754,2020-09-30,0
100080,2020-12-25,2.7050970404618586,0.0002489407678480143,0.005331495230012146,0.0018932067869946467,126661734240.69485,78741000000.0,0.0366195078455329,2020-09-30,0
100080,2020-12-31,2.7034773591751002,0.00033877850682893795,0.0050014312734362985,0.002367636447059614,126650819106.00375,78741000000.0,0.03025036814717602,2020-12-31,1
100080,2021-01-01,2.7034773591751002,0.00033877850682893795,0.0050014312734362985,0.002367636447059614,126650819106.00375,78741000000.0,0.03025036814717602,2020-12-31,0
100080,2021-01-08,2.7034773591751002,0.00033877850682893795,0.0050014312734362985,0.002367636447059614,129890329876.60516,78741000000.0,0.027088645404207714,2020-12-31,0
100080,2021-01-15,2.7034773591751002,0.00033877850682893795,0.0050014312734362985,0.002367636447059614,130616628267.11507,78741000000.0,0.02644022802370806,2020-12-31,0
100080,2021-01-22,2.7034773591751002,0.00033877850682893795,0.0050014312734362985,0.002367636447059614,130719757686.35077,78741000000.0,0.02634982149789267,2020-12-31,0
100080,2021-01-29,2.7034773591751002,0.00033877850682893795,0.0050014312734362985,0.002367636447059614,128330735163.8746,78741000000.0,0.02855347710595277,2020-12-31,0
100080,2021-02-05,2.7034773591751002,0.00033877850682893795,0.0050014312734362985,0.002367636447059614,134096811928.32635,78741000000.0,0.023601615221033545,2020-12-31,0
100080,2021-02-12,2.7034773591751002,0.00033877850682893795,0.0050014312734362985,0.002367636447059614,132283236381.31387,78741000000.0,0.02502779195354177,2020-12-31,0
100080,2021-02-19,2.7034773591751002,0.00033877850682893795,0.0050014312734362985,0.002367636447059614,132233354752.72073,78741000000.0,0.02506860336046849,2020-12-31,0
100080,2021-02-26,2.7034773591751002,0.00033877850682893795,0.0050014312734362985,0.002367636447059614,128495964388.09628,78741000000.0,0.028393419152195058,2020-12-31,0
100080,2021-03-05,2.7034773591751002,0.00033877850682893795,0.0050014312734362985,0.002367636447059614,137611143581.39417,86347000000.0,0.03150180381427477,2020-12-31,0
100080,2021-03-12,2.7034773591751002,0.00033877850682893795,0.0050014312734362985,0.002367636447059614,138942629477.59875,86347000000.0,0.030194990609533456,2020-12-31,0
100080,2021-03-19,2.7034773591751002,0.00033877850682893795,0.0050014312734362985,0.002367636447059614,139398547911.851,86347000000.0,0.029763959504063603,2020-12-31,0
100080,2021-03-26,2.7034773591751002,0.00033877850682893795,0.0050014312734362985,0.002367636447059614,139227732351.8329,86347000000.0,0.029924495402505986,2020-12-31,0
100080,2021-03-31,2.7034773591751002,0.00033877850682893795,0.0050014312734362985,0.002367636447059614,139959353561.49115,86347000000.0,0.029244813015964616,2020-12-31,0
100957,2015-12-31,14.625540541077655,-0.007548777926796198,0.0018475651335291934,0.0008340407257289235,99717934986.9992,57980905000.0,1.3846129356134097e-05,2015-12-31,1
100957,2016-01-01,14.625540541077655,-0.007548777926796198,0.0018475651335291934,0.0008340407257289235,99717934986.9992,57980905000.0,1.3846129356134097e-05,2015-12-31,0
100957,2016-01-08,14.625540541077655,-0.007548777926796198,0.0018475651335291934,0.0008340407257289235,98941980647.16272,57980905000.0,1.578928751790259e-05,2015-12-31,0
100957,2016-01-15,14.625540541077655,-0.007548777926796198,0.0018475651335291934,0.0008340407257289235,98014346375.57811,57980905000.0,1.850323489472403e-05,2015-12-31,0
100957,2016-01-22,14.625540541077655,-0.007548777926796198,0.0018475651335291934,0.0008340407257289235,98965890817.0126,57980905000.0,1.5725235782273405e-05,2015-12-31,0
100957,2016-01-29,14.625540541077655,-0.007548777926796198,0.0018475651335291934,0.0008340407257289235,99920211485.487,57980905000.0,1.3382804693688953e-05,2015-12-31,0
100957,2016-02-05,14.625540541077655,-0.007548777926796198,0.0018475651335291934,0.0008340407257289235,98179093046.2978,57980905000.0,1.798693406299657e-05,2015-12-31,0
100957,2016-02-12,14.625540541077655,-0.007548777926796198,0.0018475651335291934,0.0008340407257289235,95859367721.33539,57980905000.0,2.6935765698091092e-05,2015-12-31,0
100957,2016-02-19,14.625540541077655,-0.007548777926796198,0.0018475651335291934,0.0008340407257289235,96725861526.1131,57980905000.0,2.3133009048815852e-05,2015-12-31,0
100957,2016-02-26,14.625540541077655,-0.007548777926796198,0.0018475651335291934,0.0008340407257289235,96190031140.33691,57980905000.0,2.5410979226924155e-05,2015-12-31,0
100957,2016-03-04,14.625540541077655,-0.007548777926796198,0.0018475651335291934,0.0008340407257289235,101635964698.19716,63708129000.0,4.9393475008126345e-05,2015-12-31,0
100957,2016-03-11,14.625540541077655,-0.007548777926796198,0.0018475651335291934,0.0008340407257289235,103102430974.06201,63708129000.0,3.869931338267945e-05,2015-12-31,0
100957,2016-03-18,14.625540541077655,-0.007548777926796198,0.0018475651335291934,0.0008340407257289235,102685596411.02972,63708129000.0,4.146057719637251e-05,2015-12-31,0
100957,2016-03-25,14.625540541077655,-0.007548777926796198,0.0018475651335291934,0.0008340407257289235,102101792128.04008,63708129000.0,4.5688561229208954e-05,2015-12-31,0
100957,2016-03-31,14.359006921971408,0.003391191435261015,0.0018223819751633425,0.0012161906620694995,101512254692.4556,63708129000.0,3.9326004456901966e-05,2016-03-31,1
100957,2016-04-01,14.359006921971408,0.003391191435261015,0.0018223819751633425,0.0012161906620694995,101267961512.86237,63708129000.0,4.0945305869717895e-05,2016-03-31,0
100957,2016-04-08,14.359006921971408,0.003391191435261015,0.0018223819751633425,0.0012161906620694995,101187206030.54553,63708129000.0,4.149621187392537e-05,2016-03-31,0
100957,2016-04-15,14.359006921971408,0.003391191435261015,0.0018223819751633425,0.0012161906620694995,102096719582.82547,63708129000.0,3.5724108893509226e-05,2016-03-31,0
100957,2016-04-22,14.359006921971408,0.003391191435261015,0.0018223819751633425,0.0012161906620694995,103261594811.7432,63708129000.0,2.9557907873962408e-05,2016-03-31,0
100957,2016-04-29,14.359006921971408,0.003391191435261015,0.0018223819751633425,0.0012161906620694995,103727257682.54175,63708129000.0,2.7421617845697988e-05,2016-03-31,0
100957,2016-05-06,14.359006921971408,0.003391191435261015,0.0018223819751633425,0.0012161906620694995,102082852801.04749,63708129000.0,3.5805341993092035e-05,2016-03-31,0
100957,2016-05-13,14.359006921971408,0.003391191435261015,0.0018223819751633425,0.0012161906620694995,102281120068.37675,63708129000.0,3.4662465175450854e-05,2016-03-31,0
100957,2016-05-20,14.359006921971408,0.003391191435261015,0.0018223819751633425,0.0012161906620694995,101966157687.86432,63708129000.0,3.649685741178728e-05,2016-03-31,0
100957,2016-05-27,14.359006921971408,0.003391191435261015,0.0018223819751633425,0.0012161906620694995,102585995999.04337,63708129000.0,3.2980739262013414e-05,2016-03-31,0
100957,2016-06-03,14.359006921971408,0.003391191435261015,0.0018223819751633425,0.0012161906620694995,101395795023.5662,63708129000.0,4.0089218463712346e-05,2016-03-31,0
100957,2016-06-10,14.359006921971408,0.003391191435261015,0.0018223819751633425,0.0012161906620694995,100971149482.24011,63708129000.0,4.300960949686184e-05,2016-03-31,0
100957,2016-06-17,14.359006921971408,0.003391191435261015,0.0018223819751633425,0.0012161906620694995,100335089218.7349,63708129000.0,4.781921885741411e-05,2016-03-31,0
100957,2016-06-24,14.359006921971408,0.003391191435261015,0.0018223819751633425,0.0012161906620694995,97736348499.18741,63708129000.0,7.438788118529524e-05,2016-03-31,0
100957,2016-06-30,14.312703641560875,0.003437962002415132,0.0021554685117305887,0.0010382790167632336,102105866767.63246,63708129000.0,6.126053558982795e-05,2016-06-30,1
100957,2016-07-01,14.312703641560875,0.003437962002415132,0.0021554685117305887,0.0010382790167632336,101939269651.4606,63708129000.0,6.294495424267836e-05,2016-06-30,0
100957,2016-07-08,14.312703641560875,0.003437962002415132,0.0021554685117305887,0.0010382790167632336,101505001845.24573,63708129000.0,6.757363609664218e-05,2016-06-30,0
100957,2016-07-15,14.312703641560875,0.003437962002415132,0.0021554685117305887,0.0010382790167632336,102182023229.82315,63708129000.0,6.050669504589593e-05,2016-06-30,0
100957,2016-07-22,14.312703641560875,0.003437962002415132,0.0021554685117305887,0.0010382790167632336,103212867600.13217,63708129000.0,5.122543921812125e-05,2016-06-30,0
100957,2016-07-29,14.312703641560875,0.003437962002415132,0.0021554685117305887,0.0010382790167632336,103313379912.95874,63708129000.0,5.0405818451793795e-05,2016-06-30,0
100957,2016-08-05,14.312703641560875,0.003437962002415132,0.0021554685117305887,0.0010382790167632336,102455746285.46172,63708129000.0,5.787828894245495e-05,2016-06-30,0
100957,2016-08-12,14.312703641560875,0.003437962002415132,0.0021554685117305887,0.0010382790167632336,102864819211.74664,63708129000.0,5.41758198716737e-05,2016-06-30,0
100957,2016-08-19,14.312703641560875,0.003437962002415132,0.0021554685117305887,0.0010382790167632336,101379285267.33714,63708129000.0,6.898076100461229e-05,2016-06-30,0
100957,2016-08-26,14.312703641560875,0.003437962002415132,0.0021554685117305887,0.0010382790167632336,101608730868.66602,63708129000.0,6.643578944101071e-05,2016-06-30,0
100957,2016-09-02,14.312703641560875,0.003437962002415132,0.0021554685117305887,0.0010382790167632336,102401765653.79416,63708129000.0,5.8386776731678385e-05,2016-06-30,0
100957,2016-09-09,14.312703641560875,0.003437962002415132,0.0021554685117305887,0.0010382790167632336,102561691611.5281,63708129000.0,5.689405579480901e-05,2016-06-30,0
100957,2016-09-16,14.312703641560875,0.003437962002415132,0.0021554685117305887,0.0010382790167632336,101843212401.80045,63708129000.0,6.393868252905844e-05,2016-06-30,0
100957,2016-09-23,14.312703641560875,0.003437962002415132,0.0021554685117305887,0.0010382790167632336,102249049805.36664,63708129000.0,5.9851454700441355e-05,2016-06-30,0
100957,2016-09-30,14.215312984405148,0.003580185545291052,0.0021047431798443864,0.0010434502774639327,102672927024.15222,63708129000.0,5.516068528408332e-05,2016-09-30,1
100957,2016-10-07,14.215312984405148,0.003580185545291052,0.0021047431798443864,0.0010434502774639327,101411359703.45561,63708129000.0,6.766799853461251e-05,2016-09-30,0
100957,2016-10-14,14.215312984405148,0.003580185545291052,0.0021047431798443864,0.0010434502774639327,102349061461.78445,63708129000.0,5.811499815164371e-05,2016-09-30,0
100957,2016-10-21,14.215312984405148,0.003580185545291052,0.0021047431798443864,0.0010434502774639327,103531541945.35234,63708129000.0,4.808084313095005e-05,2016-09-30,0
100957,2016-10-28,14.215312984405148,0.003580185545291052,0.0021047431798443864,0.0010434502774639327,103791506051.69562,63708129000.0,4.613457065308879e-05,2016-09-30,0
100957,2016-11-04,14.215312984405148,0.003580185545291052,0.0021047431798443864,0.0010434502774639327,102484690635.44891,63708129000.0,5.685762615312471e-05,2016-09-30,0
100957,2016-11-11,14.215312984405148,0.003580185545291052,0.0021047431798443864,0.0010434502774639327,100543273024.36438,63708129000.0,7.802503834080018e-05,2016-09-30,0
100957,2016-11-18,14.215312984405148,0.003580185545291052,0.0021047431798443864,0.0010434502774639327,100045650941.60641,63708129000.0,8.471929398956009e-05,2016-09-30,0
100957,2016-11-25,14.215312984405148,0.003580185545291052,0.0021047431798443864,0.0010434502774639327,100576535634.13263,63708129000.0,7.759828651485249e-05,2016-09-30,0
100957,2016-12-02,14.215312984405148,0.003580185545291052,0.0021047431798443864,0.0010434502774639327,99839664367.53214,63708129000.0,8.766847100464965e-05,2016-09-30,0
100957,2016-12-09,14.215312984405148,0.003580185545291052,0.0021047431798443864,0.0010434502774639327,101283885427.65266,63708129000.0,6.909164435123055e-05,2016-09-30,0
100957,2016-12-16,14.215312984405148,0.003580185545291052,0.0021047431798443864,0.0010434502774639327,102396269813.61078,63708129000.0,5.767399328748965e-05,2016-09-30,0
100957,2016-12-23,14.215312984405148,0.003580185545291052,0.0021047431798443864,0.0010434502774639327,103293599159.1316,63708129000.0,4.993958603837429e-05,2016-09-30,0
100957,2016-12-30,14.19066050028729,0.004049686671711329,0.0020300044869093303,0.001080071939149102,103895453950.43231,63708129000.0,4.1069470241586185e-05,2016-12-31,1
100957,2017-01-06,14.19066050028729,0.004049686671711329,0.0020300044869093303,0.001080071939149102,102378497323.20894,63708129000.0,5.233926117213682e-05,2016-12-31,0
100957,2017-01-13,14.19066050028729,0.004049686671711329,0.0020300044869093303,0.001080071939149102,102802533989.18614,63708129000.0,4.8887974947845635e-05,2016-12-31,0
100957,2017-01-20,14.19066050028729,0.004049686671711329,0.0020300044869093303,0.001080071939149102,102387947986.8547,63708129000.0,5.225955383536435e-05,2016-12-31,0
100957,2017-01-27,14.19066050028729,0.004049686671711329,0.0020300044869093303,0.001080071939149102,101539129526.34601,63708129000.0,5.996677796546455e-05,2016-12-31,0
100957,2017-02-03,14.19066050028729,0.004049686671711329,0.0020300044869093303,0.001080071939149102,102035456075.76169,63708129000.0,5.532266781359882e-05,2016-12-31,0
100957,2017-02-10,14.19066050028729,0.004049686671711329,0.0020300044869093303,0.001080071939149102,102938755252.22528,63708129000.0,4.783174028300465e-05,2016-12-31,0
100957,2017-02-17,14.19066050028729,0.004049686671711329,0.0020300044869093303,0.001080071939149102,103143817343.54306,63708129000.0,4.6287641401972305e-05,2016-12-31,0
100957,2017-02-24,14.19066050028729,0.004049686671711329,0.0020300044869093303,0.001080071939149102,104855635705.30197,63708129000.0,3.5303140358827273e-05,2016-12-31,0
100957,2017-03-03,14.19066050028729,0.004049686671711329,0.0020300044869093303,0.001080071939149102,107533094219.40025,66018831000.00001,4.189878989477067e-05,2016-12-31,0
100957,2017-03-10,14.19066050028729,0.004049686671711329,0.0020300044869093303,0.001080071939149102,107318849525.87515,66018831000.00001,4.3297760574836546e-05,2016-12-31,0
100957,2017-03-17,14.19066050028729,0.004049686671711329,0.0020300044869093303,0.001080071939149102,108226810480.37534,66018831000.00001,3.769194375579054e-05,2016-12-31,0
100957,2017-03-24,14.19066050028729,0.004049686671711329,0.0020300044869093303,0.001080071939149102,108442185424.44772,66018831000.00001,3.6479893737158385e-05,2016-12-31,0
100957,2017-03-31,14.189120328923714,0.0036724135691909464,0.0019543351310857358,0.0012320461966586068,109825770654.11745,66018831000.00001,2.397360840002845e-05,2017-03-31,1
100957,2017-04-07,14.189120328923714,0.0036724135691909464,0.0019543351310857358,0.0012320461966586068,110283099290.5591,66018831000.00001,2.239579900040851e-05,2017-03-31,0
100957,2017-04-14,14.189120328923714,0.0036724135691909464,0.0019543351310857358,0.0012320461966586068,109776699263.80711,66018831000.00001,2.4149861320400936e-05,2017-03-31,0
100957,2017-04-21,14.189120328923714,0.0036724135691909464,0.0019543351310857358,0.0012320461966586068,108622175271.83713,66018831000.00001,2.8724629359851884e-05,2017-03-31,0
100957,2017-04-28,14.189120328923714,0.0036724135691909464,0.0019543351310857358,0.0012320461966586068,109176091520.01294,66018831000.00001,2.6423432024940657e-05,2017-03-31,0
100957,2017-05-05,14.189120328923714,0.0036724135691909464,0.0019543351310857358,0.0012320461966586068,111055014312.6225,66018831000.00001,1.9979774803736625e-05,2017-03-31,0
100957,2017-05-12,14.189120328923714,0.0036724135691909464,0.0019543351310857358,0.0012320461966586068,110183466229.64177,66018831000.00001,2.27297943805049e-05,2017-03-31,0
100957,2017-05-19,14.189120328923714,0.0036724135691909464,0.0019543351310857358,0.0012320461966586068,111278773154.99283,66018831000.00001,1.9332863837825524e-05,2017-03-31,0
100957,2017-05-26,14.189120328923714,0.0036724135691909464,0.0019543351310857358,0.0012320461966586068,111753373734.40454,66018831000.00001,1.8033901160759765e-05,2017-03-31,0
100957,2017-06-02,14.189120328923714,0.0036724135691909464,0.0019543351310857358,0.0012320461966586068,111116976186.38383,66018831000.00001,1.9798343652373562e-05,2017-03-31,0
100957,2017-06-09,14.189120328923714,0.0036724135691909464,0.0019543351310857358,0.0012320461966586068,111135165689.10013,66018831000.00001,1.9745418901336407e-05,2017-03-31,0
100957,2017-06-16,14.189120328923714,0.0036724135691909464,0.0019543351310857358,0.0012320461966586068,111289082353.29083,66018831000.00001,1.9303605373059107e-05,2017-03-31,0
100957,2017-06-23,14.189120328923714,0.0036724135691909464,0.0019543351310857358,0.0012320461966586068,110585457807.93756,66018831000.00001,2.1414045354507996e-05,2017-03-31,0
100957,2017-06-30,14.189120328923714,0.0036724135691909464,0.0019543351310857358,0.0012320461966586068,109713015962.39606,66018831000.00001,2.4380672155158057e-05,2017-03-31,0
100957,2019-03-29,14.187594342734672,0.0011110861012106994,0.0012781423947205422,0.0008611511819881359,120513233835.33594,69061369000.0,6.444668968433262e-06,2019-03-31,1
101202,2015-12-31,14.564141241222488,-0.008991184391166782,0.005318035502227279,0.0008624342232241546,50626716140.57237,14898000000.0,6.631603313349473e-09,2015-12-31,1
101202,2016-01-01,14.564141241222488,-0.008991184391166782,0.005318035502227279,0.0008624342232241546,50626716140.57237,14898000000.0,6.631603313349473e-09,2015-12-31,0
101202,2016-01-08,14.564141241222488,-0.008991184391166782,0.005318035502227279,0.0008624342232241546,47690150098.434685,14898000000.0,1.6597495168549808e-08,2015-12-31,0
101202,2016-01-15,14.564141241222488,-0.008991184391166782,0.005318035502227279,0.0008624342232241546,47425455772.7469,14898000000.0,1.8079165249384538e-08,2015-12-31,0
101202,2016-01-22,14.564141241222488,-0.008991184391166782,0.005318035502227279,0.0008624342232241546,48133008950.26558,14898000000.0,1.4400539220942072e-08,2015-12-31,0
101202,2016-01-29,14.564141241222488,-0.008991184391166782,0.005318035502227279,0.0008624342232241546,47736512236.845146,14898000000.0,1.6351580608375493e-08,2015-12-31,0
101202,2016-02-05,14.564141241222488,-0.008991184391166782,0.005318035502227279,0.0008624342232241546,47781315792.59424,14898000000.0,1.6117622077941184e-08,2015-12-31,0
101202,2016-02-12,14.564141241222488,-0.008991184391166782,0.005318035502227279,0.0008624342232241546,47275785182.73526,14898000000.0,1.8978874857094495e-08,2015-12-31,0
101202,2016-02-19,14.564141241222488,-0.008991184391166782,0.005318035502227279,0.0008624342232241546,47720570345.32024,14898000000.0,1.6435698534784864e-08,2015-12-31,0
101202,2016-02-26,14.564141241222488,-0.008991184391166782,0.005318035502227279,0.0008624342232241546,47994544137.96798,14898000000.0,1.505206868174859e-08,2015-12-31,0
101202,2016-03-04,14.564141241222488,-0.008991184391166782,0.005318035502227279,0.0008624342232241546,48559826008.39552,14898000000.0,1.2574601706547802e-08,2015-12-31,0
101202,2016-03-11,14.564141241222488,-0.008991184391166782,0.005318035502227279,0.0008624342232241546,50431950089.53888,16170600000.0,2.477473242268545e-08,2015-12-31,0
101202,2016-03-18,14.564141241222488,-0.008991184391166782,0.005318035502227279,0.0008624342232241546,49989332182.26877,16170600000.0,2.8370045600303754e-08,2015-12-31,0
101202,2016-03-25,14.564141241222488,-0.008991184391166782,0.005318035502227279,0.0008624342232241546,50023333523.05199,16170600000.0,2.8075037670332855e-08,2015-12-31,0
101202,2016-03-31,11.341241375434064,-0.0036323584441596535,0.004418907437600917,0.0010231576734940498,50289758080.05508,16170600000.0,2.890653202031334e-07,2016-03-31,1
101202,2016-04-01,11.341241375434064,-0.0036323584441596535,0.004418907437600917,0.0010231576734940498,49635425617.81023,16170600000.0,3.397005560953732e-07,2016-03-31,0
101202,2016-04-08,11.341241375434064,-0.0036323584441596535,0.004418907437600917,0.0010231576734940498,48740856486.615685,16170600000.0,4.251270182289536e-07,2016-03-31,0
101202,2016-04-15,11.341241375434064,-0.0036323584441596535,0.004418907437600917,0.0010231576734940498,51261249489.707565,16170600000.0,2.283820622673277e-07,2016-03-31,0
101202,2016-04-22,11.341241375434064,-0.0036323584441596535,0.004418907437600917,0.0010231576734940498,52380640682.93164,16170600000.0,1.7508061373328045e-07,2016-03-31,0
101202,2016-04-29,11.341241375434064,-0.0036323584441596535,0.004418907437600917,0.0010231576734940498,50348446643.15272,16170600000.0,2.84941257942079e-07,2016-03-31,0
101202,2016-05-06,11.341241375434064,-0.0036323584441596535,0.004418907437600917,0.0010231576734940498,49130542697.73156,16170600000.0,3.8534650591093885e-07,2016-03-31,0
101202,2016-05-13,11.341241375434064,-0.0036323584441596535,0.004418907437600917,0.0010231576734940498,49390054726.58377,16170600000.0,3.6110514009640594e-07,2016-03-31,0
101202,2016-05-20,11.341241375434064,-0.0036323584441596535,0.004418907437600917,0.0010231576734940498,49721493710.71036,16170600000.0,3.325220055102981e-07,2016-03-31,0
101202,2016-05-27,11.341241375434064,-0.0036323584441596535,0.004418907437600917,0.0010231576734940498,49918967247.42982,16170600000.0,3.1666601458526703e-07,2016-03-31,0
101202,2016-06-03,11.341241375434064,-0.0036323584441596535,0.004418907437600917,0.0010231576734940498,49058363257.34901,16170600000.0,3.923987233085572e-07,2016-03-31,0
101202,2016-06-10,11.341241375434064,-0.0036323584441596535,0.004418907437600917,0.0010231576734940498,48364160313.96738,16170600000.0,4.6784879385611215e-07,2016-03-31,0
101202,2016-06-17,11.341241375434064,-0.0036323584441596535,0.004418907437600917,0.0010231576734940498,47811632154.02698,16170600000.0,5.391673058248895e-07,2016-03-31,0
101202,2016-06-24,11.341241375434064,-0.0036323584441596535,0.004418907437600917,0.0010231576734940498,47668384504.28348,16170600000.0,5.59526572568052e-07,2016-03-31,0
101202,2016-06-30,10.236973838988366,-0.0016547142826586487,0.004457633232999216,-8.400013032674044e-05,48772459001.214325,16170600000.0,2.4620110706299257e-06,2016-06-30,1
101202,2016-07-01,10.236973838988366,-0.0016547142826586487,0.004457633232999216,-8.400013032674044e-05,48987139198.67827,16170600000.0,2.3429512137202027e-06,2016-06-30,0
101202,2016-07-08,10.236973838988366,-0.0016547142826586487,0.004457633232999216,-8.400013032674044e-05,47336495570.153496,16170600000.0,3.4507648686112195e-06,2016-06-30,0
101202,2016-07-15,10.236973838988366,-0.0016547142826586487,0.004457633232999216,-8.400013032674044e-05,49413827142.7643,16170600000.0,2.124579673764629e-06,2016-06-30,0
101202,2016-07-22,10.236973838988366,-0.0016547142826586487,0.004457633232999216,-8.400013032674044e-05,49323561481.144844,16170600000.0,2.168848976195931e-06,2016-06-30,0
101202,2016-07-29,10.236973838988366,-0.0016547142826586487,0.004457633232999216,-8.400013032674044e-05,49238394943.413765,16170600000.0,2.2115440540379533e-06,2016-06-30,0
101202,2016-08-05,10.236973838988366,-0.0016547142826586487,0.004457633232999216,-8.400013032674044e-05,48488854456.00624,16170600000.0,2.629556920338096e-06,2016-06-30,0
101202,2016-08-12,10.236973838988366,-0.0016547142826586487,0.004457633232999216,-8.400013032674044e-05,49804751082.16669,16170600000.0,1.9439451469547804e-06,2016-06-30,0
101202,2016-08-19,10.236973838988366,-0.0016547142826586487,0.004457633232999216,-8.400013032674044e-05,50265429633.26332,16170600000.0,1.7523422008650247e-06,2016-06-30,0
101202,2016-08-26,10.236973838988366,-0.0016547142826586487,0.004457633232999216,-8.400013032674044e-05,50469435205.545425,16170600000.0,1.6741790183932667e-06,2016-06-30,0
101202,2016-09-02,10.236973838988366,-0.0016547142826586487,0.004457633232999216,-8.400013032674044e-05,50468644157.97211,16170600000.0,1.674474634563489e-06,2016-06-30,0
101202,2016-09-09,10.236973838988366,-0.0016547142826586487,0.004457633232999216,-8.400013032674044e-05,49320755221.576645,16170600000.0,2.170241336218221e-06,2016-06-30,0
101202,2016-09-16,10.236973838988366,-0.0016547142826586487,0.004457633232999216,-8.400013032674044e-05,53702155664.29472,16170600000.0,8.3293387224634e-07,2016-06-30,0
101202,2016-09-23,10.236973838988366,-0.0016547142826586487,0.004457633232999216,-8.400013032674044e-05,53761093907.74553,16170600000.0,8.227411996260843e-07,2016-06-30,0
101202,2016-09-30,9.142812456522794,5.694498676194458e-05,0.004807315070575162,0.0013181847308656332,53399198519.75806,16170600000.0,1.6004407222070279e-06,2016-09-30,1
101202,2016-10-07,9.142812456522794,5.694498676194458e-05,0.004807315070575162,0.0013181847308656332,52449379277.290955,16170600000.0,1.9179781085393706e-06,2016-09-30,0
101202,2016-10-14,9.142812456522794,5.694498676194458e-05,0.004807315070575162,0.0013181847308656332,52515854395.86285,16170600000.0,1.8936237124822557e-06,2016-09-30,0
101202,2016-10-21,9.142812456522794,5.694498676194458e-05,0.004807315070575162,0.0013181847308656332,52556131363.30869,16170600000.0,1.879033798852683e-06,2016-09-30,0
101202,2016-10-28,9.142812456522794,5.694498676194458e-05,0.004807315070575162,0.0013181847308656332,52653112682.91431,16170600000.0,1.8444101363778589e-06,2016-09-30,0
101202,2016-11-04,9.142812456522794,5.694498676194458e-05,0.004807315070575162,0.0013181847308656332,51639250419.21318,16170600000.0,2.244314141684525e-06,2016-09-30,0
101202,2016-11-11,9.142812456522794,5.694498676194458e-05,0.004807315070575162,0.0013181847308656332,53213721318.33139,16170600000.0,1.6575728829952702e-06,2016-09-30,0
101202,2016-11-18,9.142812456522794,5.694498676194458e-05,0.004807315070575162,0.0013181847308656332,52783395832.12789,16170600000.0,1.7990015478124582e-06,2016-09-30,0
101202,2016-11-25,9.142812456522794,5.694498676194458e-05,0.004807315070575162,0.0013181847308656332,53136778570.01288,16170600000.0,1.6819314628414782e-06,2016-09-30,0
101202,2016-12-02,9.142812456522794,5.694498676194458e-05,0.004807315070575162,0.0013181847308656332,53358693630.56577,16170600000.0,1.6127291991292991e-06,2016-09-30,0
101202,2016-12-09,9.142812456522794,5.694498676194458e-05,0.004807315070575162,0.0013181847308656332,56737560032.50417,16170600000.0,8.693771162897471e-07,2016-09-30,0
101202,2016-12-16,9.142812456522794,5.694498676194458e-05,0.004807315070575162,0.0013181847308656332,57534395544.17033,16170600000.0,7.557404924055649e-07,2016-09-30,0
101202,2016-12-23,9.142812456522794,5.694498676194458e-05,0.004807315070575162,0.0013181847308656332,57211285479.92309,16170600000.0,7.997119989861008e-07,2016-09-30,0
101202,2016-12-30,8.62635214026479,0.0003807800949985253,0.004653808553870917,0.0014841394237906625,57383998594.45819,16170600000.0,1.1880937697743178e-06,2016-12-31,1
101202,2017-01-06,8.62635214026479,0.0003807800949985253,0.004653808553870917,0.0014841394237906625,57527520473.99319,16170600000.0,1.1601255958716758e-06,2016-12-31,0
101202,2017-01-13,8.62635214026479,0.0003807800949985253,0.004653808553870917,0.0014841394237906625,57108924083.93178,16170600000.0,1.243815285420031e-06,2016-12-31,0
101202,2017-01-20,8.62635214026479,0.0003807800949985253,0.004653808553870917,0.0014841394237906625,56361719187.87364,16170600000.0,1.4103955418824306e-06,2016-12-31,0
101202,2017-01-27,8.62635214026479,0.0003807800949985253,0.004653808553870917,0.0014841394237906625,56040253854.76237,16170600000.0,1.48956788624445e-06,2016-12-31,0
101202,2017-02-03,8.62635214026479,0.0003807800949985253,0.004653808553870917,0.0014841394237906625,55532833511.82635,16170600000.0,1.6247800179795298e-06,2016-12-31,0
101202,2017-02-10,8.62635214026479,0.0003807800949985253,0.004653808553870917,0.0014841394237906625,55808720510.9616,16170600000.0,1.5496487444493497e-06,2016-12-31,0
101202,2017-02-17,8.62635214026479,0.0003807800949985253,0.004653808553870917,0.0014841394237906625,57059333853.38942,16170600000.0,1.254166350668108e-06,2016-12-31,0
101202,2017-02-24,8.62635214026479,0.0003807800949985253,0.004653808553870917,0.0014841394237906625,56043489956.78003,16170600000.0,1.488746689436883e-06,2016-12-31,0
101202,2017-03-03,8.62635214026479,0.0003807800949985253,0.004653808553870917,0.0014841394237906625,56289191596.40552,16170600000.0,1.4278410999106388e-06,2016-12-31,0
101202,2017-03-10,8.62635214026479,0.0003807800949985253,0.004653808553870917,0.0014841394237906625,67023289779.32353,26992800000.0,3.721300146313435e-05,2016-12-31,0
101202,2017-03-17,8.62635214026479,0.0003807800949985253,0.004653808553870917,0.0014841394237906625,68255343693.84314,26992800000.0,3.1151008605483595e-05,2016-12-31,0
101202,2017-03-24,8.62635214026479,0.0003807800949985253,0.004653808553870917,0.0014841394237906625,68512635715.80281,26992800000.0,3.0028631869347577e-05,2016-12-31,0
101202,2017-03-31,8.310838380115346,0.0016555663333185726,0.006711215294474383,0.0019383008423239224,68847282726.15964,26992800000.0,8.100436615609728e-05,2017-03-31,1
101202,2017-04-07,8.310838380115346,0.0016555663333185726,0.006711215294474383,0.0019383008423239224,69701399502.26083,26992800000.0,7.234059911567056e-05,2017-03-31,0
101202,2017-04-14,8.310838380115346,0.0016555663333185726,0.006711215294474383,0.0019383008423239224,69027687526.76529,26992800000.0,7.908238842881759e-05,2017-03-31,0
101202,2017-04-21,8.310838380115346,0.0016555663333185726,0.006711215294474383,0.0019383008423239224,68361092173.99891,26992800000.0,8.644798347194666e-05,2017-03-31,0
101202,2017-04-28,8.310838380115346,0.0016555663333185726,0.006711215294474383,0.0019383008423239224,70237075729.09885,26992800000.0,6.743543129032558e-05,2017-03-31,0
101202,2017-05-05,8.310838380115346,0.0016555663333185726,0.006711215294474383,0.0019383008423239224,71999254990.13115,26992800000.0,5.373350598927758e-05,2017-03-31,0
101202,2017-05-12,8.310838380115346,0.0016555663333185726,0.006711215294474383,0.0019383008423239224,71671371406.90916,26992800000.0,5.6028487576456795e-05,2017-03-31,0
101202,2017-05-19,8.310838380115346,0.0016555663333185726,0.006711215294474383,0.0019383008423239224,70306864315.77257,26992800000.0,6.682409185708435e-05,2017-03-31,0
101202,2017-05-26,8.310838380115346,0.0016555663333185726,0.006711215294474383,0.0019383008423239224,70371765758.14268,26992800000.0,6.626109351783549e-05,2017-03-31,0
101202,2017-06-02,8.310838380115346,0.0016555663333185726,0.006711215294474383,0.0019383008423239224,70440376058.32922,26992800000.0,6.567165490217309e-05,2017-03-31,0
101202,2017-06-09,8.310838380115346,0.0016555663333185726,0.006711215294474383,0.0019383008423239224,69820383934.27164,26992800000.0,7.121769179253352e-05,2017-03-31,0
101202,2017-06-16,8.310838380115346,0.0016555663333185726,0.006711215294474383,0.0019383008423239224,69806775537.80014,26992800000.0,7.134513254290242e-05,2017-03-31,0
101202,2017-06-23,8.310838380115346,0.0016555663333185726,0.006711215294474383,0.0019383008423239224,70459652189.48221,26992800000.0,6.550710319291963e-05,2017-03-31,0
101202,2017-06-30,7.549129164738593,0.0024902765078453504,0.0058566697213441815,0.0023454537419568236,69171452200.86835,26992800000.0,8.266725496575752e-05,2017-06-30,1
101202,2017-07-07,7.549129164738593,0.0024902765078453504,0.0058566697213441815,0.0023454537419568236,68864442457.86766,26992800000.0,8.58667131518849e-05,2017-06-30,0
101202,2017-07-14,7.549129164738593,0.0024902765078453504,0.0058566697213441815,0.0023454537419568236,69652109957.45993,26992800000.0,7.792381562851604e-05,2017-06-30,0
101202,2017-07-21,7.549129164738593,0.0024902765078453504,0.0058566697213441815,0.0023454537419568236,68353028705.08105,26992800000.0,9.151037062617001e-05,2017-06-30,0
101202,2017-07-28,7.549129164738593,0.0024902765078453504,0.0058566697213441815,0.0023454537419568236,67946148092.01583,26992800000.0,9.629920088502158e-05,2017-06-30,0
101202,2017-08-04,7.549129164738593,0.0024902765078453504,0.0058566697213441815,0.0023454537419568236,68319205653.071915,26992800000.0,9.189807974112929e-05,2017-06-30,0
101202,2017-08-11,7.549129164738593,0.0024902765078453504,0.0058566697213441815,0.0023454537419568236,67118565599.350914,26992800000.0,0.00010693472080477996,2017-06-30,0
101202,2017-08-18,7.549129164738593,0.0024902765078453504,0.0058566697213441815,0.0023454537419568236,67196712840.10032,26992800000.0,0.00010587591197302592,2017-06-30,0
101202,2017-08-25,7.549129164738593,0.0024902765078453504,0.0058566697213441815,0.0023454537419568236,67221611214.3618,26992800000.0,0.00010554104675304506,2017-06-30,0
101202,2017-09-01,7.549129164738593,0.0024902765078453504,0.0058566697213441815,0.0023454537419568236,67163353580.18798,26992800000.0,0.0001063264442949865,2017-06-30,0
101202,2017-09-08,7.549129164738593,0.0024902765078453504,0.0058566697213441815,0.0023454537419568236,67308597476.57397,26992800000.0,0.00010438045837976936,2017-06-30,0
101202,2017-09-15,7.549129164738593,0.0024902765078453504,0.0058566697213441815,0.0023454537419568236,68307033829.05021,26992800000.0,9.203805544735432e-05,2017-06-30,0
101202,2017-09-22,7.549129164738593,0.0024902765078453504,0.0058566697213441815,0.0023454537419568236,69805835672.44724,26992800000.0,7.647195639488643e-05,2017-06-30,0
101202,2017-09-29,7.147047312240187,0.0020399336791139602,0.005216732296650801,0.003126373930968961,71008948609.85826,26992800000.0,5.067327694722113e-05,2017-09-30,1
101202,2017-10-06,7.147047312240187,0.0020399336791139602,0.005216732296650801,0.003126373930968961,71816605439.951,26992800000.0,4.62061216712927e-05,2017-09-30,0
101202,2017-10-13,7.147047312240187,0.0020399336791139602,0.005216732296650801,0.003126373930968961,71892109204.96416,26992800000.0,4.581181730336842e-05,2017-09-30,0
101202,2017-10-20,7.147047312240187,0.0020399336791139602,0.005216732296650801,0.003126373930968961,72126803981.58124,26992800000.0,4.461027779671658e-05,2017-09-30,0
101202,2017-10-27,7.147047312240187,0.0020399336791139602,0.005216732296650801,0.003126373930968961,73951934293.95663,26992800000.0,3.6393873536883834e-05,2017-09-30,0
101202,2017-11-03,7.147047312240187,0.0020399336791139602,0.005216732296650801,0.003126373930968961,74915467274.37454,26992800000.0,3.2756457209766286e-05,2017-09-30,0
101202,2017-11-10,7.147047312240187,0.0020399336791139602,0.005216732296650801,0.003126373930968961,72876086823.53949,26992800000.0,4.100651784922784e-05,2017-09-30,0
101202,2017-11-17,7.147047312240187,0.0020399336791139602,0.005216732296650801,0.003126373930968961,72209026959.52298,26992800000.0,4.419780012228023e-05,2017-09-30,0
101202,2017-11-24,7.147047312240187,0.0020399336791139602,0.005216732296650801,0.003126373930968961,72720297790.85052,26992800000.0,4.172780312186767e-05,2017-09-30,0
101202,2017-12-01,7.147047312240187,0.0020399336791139602,0.005216732296650801,0.003126373930968961,71396505393.69391,26992800000.0,4.8471425873345e-05,2017-09-30,0
101202,2017-12-08,7.147047312240187,0.0020399336791139602,0.005216732296650801,0.003126373930968961,73398282376.75514,26992800000.0,3.8689780253011014e-05,2017-09-30,0
101202,2017-12-15,7.147047312240187,0.0020399336791139602,0.005216732296650801,0.003126373930968961,73641477019.66983,26992800000.0,3.766168106525513e-05,2017-09-30,0
101202,2017-12-22,7.147047312240187,0.0020399336791139602,0.005216732296650801,0.003126373930968961,72836163436.75336,26992800000.0,4.1190004245736064e-05,2017-09-30,0
101202,2017-12-29,6.966798206426096,0.0021815550288159413,0.004659085165771283,0.003409362042702852,72183017589.62439,26992800000.0,3.5848348640363445e-05,2017-12-31,1
101202,2018-01-05,6.966798206426096,0.0021815550288159413,0.004659085165771283,0.003409362042702852,73686375116.24564,26992800000.0,3.0397856683731323e-05,2017-12-31,0
101202,2018-01-12,6.966798206426096,0.0021815550288159413,0.004659085165771283,0.003409362042702852,73348285805.16797,26992800000.0,3.1536386432553204e-05,2017-12-31,0
101202,2018-01-19,6.966798206426096,0.0021815550288159413,0.004659085165771283,0.003409362042702852,73867562327.08597,26992800000.0,2.980695423027869e-05,2017-12-31,0
101202,2018-01-26,6.966798206426096,0.0021815550288159413,0.004659085165771283,0.003409362042702852,73796043906.66718,26992800000.0,3.003862377931678e-05,2017-12-31,0
101202,2018-02-02,6.966798206426096,0.0021815550288159413,0.004659085165771283,0.003409362042702852,71914669934.67319,26992800000.0,3.6933845166723425e-05,2017-12-31,0
101202,2018-02-09,6.966798206426096,0.0021815550288159413,0.004659085165771283,0.003409362042702852,69135166790.06157,26992800000.0,5.067454196222034e-05,2017-12-31,0
101202,2018-02-16,6.966798206426096,0.0021815550288159413,0.004659085165771283,0.003409362042702852,70873155570.4166,26992800000.0,4.151541312541074e-05,2017-12-31,0
101202,2018-02-23,6.966798206426096,0.0021815550288159413,0.004659085165771283,0.003409362042702852,71239758167.58173,26992800000.0,3.983287359381982e-05,2017-12-31,0
101202,2018-03-02,6.966798206426096,0.0021815550288159413,0.004659085165771283,0.003409362042702852,69860314078.22774,26992800000.0,4.659942860647696e-05,2017-12-31,0
101202,2018-03-09,6.966798206426096,0.0021815550288159413,0.004659085165771283,0.003409362042702852,71444111448.7415,26992800000.0,3.8928669905638975e-05,2017-12-31,0
101202,2018-03-16,6.966798206426096,0.0021815550288159413,0.004659085165771283,0.003409362042702852,68036811799.91784,24308900000.0,2.4904746013653796e-05,2017-12-31,0
101202,2018-03-23,6.966798206426096,0.0021815550288159413,0.004659085165771283,0.003409362042702852,67005796507.6291,24308900000.0,2.813320136595498e-05,2017-12-31,0
101202,2018-03-30,6.8885168306818665,0.0019143203405252872,0.004698586222054274,0.00289849595258155,67106719517.137535,24308900000.0,3.7938684692139874e-05,2018-03-31,1
101202,2018-04-06,6.8885168306818665,0.0019143203405252872,0.004698586222054274,0.00289849595258155,67861106196.66058,24308900000.0,3.472400480645538e-05,2018-03-31,0
101202,2018-04-13,6.8885168306818665,0.0019143203405252872,0.004698586222054274,0.00289849595258155,67863865363.94701,24308900000.0,3.471282993208346e-05,2018-03-31,0
101202,2018-04-20,6.8885168306818665,0.0019143203405252872,0.004698586222054274,0.00289849595258155,69338041979.28069,24308900000.0,2.9286806014839643e-05,2018-03-31,0
101202,2018-04-27,6.8885168306818665,0.0019143203405252872,0.004698586222054274,0.00289849595258155,70454474226.4802,24308900000.0,2.581604488525118e-05,2018-03-31,0
101202,2018-05-04,6.8885168306818665,0.0019143203405252872,0.004698586222054274,0.00289849595258155,71029303501.23615,24308900000.0,2.4212979820066125e-05,2018-03-31,0
101202,2018-05-11,6.8885168306818665,0.0019143203405252872,0.004698586222054274,0.00289849595258155,70793927085.87294,24308900000.0,2.485529748966071e-05,2018-03-31,0
101202,2018-05-18,6.8885168306818665,0.0019143203405252872,0.004698586222054274,0.00289849595258155,72485237885.63896,24308900000.0,2.0635076774980235e-05,2018-03-31,0
101202,2018-05-25,6.8885168306818665,0.0019143203405252872,0.004698586222054274,0.00289849595258155,72238170981.67746,24308900000.0,2.1197445691105665e-05,2018-03-31,0
101202,2018-06-01,6.8885168306818665,0.0019143203405252872,0.004698586222054274,0.00289849595258155,70734137489.47545,24308900000.0,2.502152814607414e-05,2018-03-31,0
101202,2018-06-08,6.8885168306818665,0.0019143203405252872,0.004698586222054274,0.00289849595258155,71427988824.11581,24308900000.0,2.316758885547836e-05,2018-03-31,0
101202,2018-06-15,6.8885168306818665,0.0019143203405252872,0.004698586222054274,0.00289849595258155,71857454668.74445,24308900000.0,2.2098482450207792e-05,2018-03-31,0
101202,2018-06-22,6.8885168306818665,0.0019143203405252872,0.004698586222054274,0.00289849595258155,71094048951.61623,24308900000.0,2.4039620726753687e-05,2018-03-31,0
101202,2018-06-29,6.784521148312393,0.0021719825267590884,0.004287157553459962,0.0035127706310832023,70599896752.35843,24308900000.0,1.794614269656022e-05,2018-06-30,1
101202,2018-07-06,6.784521148312393,0.0021719825267590884,0.004287157553459962,0.0035127706310832023,71262963321.02225,24308900000.0,1.6685986726447474e-05,2018-06-30,0
101202,2018-07-13,6.784521148312393,0.0021719825267590884,0.004287157553459962,0.0035127706310832023,71394611452.28207,24308900000.0,1.644795868160696e-05,2018-06-30,0
101202,2018-07-20,6.784521148312393,0.0021719825267590884,0.004287157553459962,0.0035127706310832023,71008783714.13853,24308900000.0,1.715674760505445e-05,2018-06-30,0
101202,2018-07-27,6.784521148312393,0.0021719825267590884,0.004287157553459962,0.0035127706310832023,72231137716.93791,24308900000.0,1.5022802678943708e-05,2018-06-30,0
101202,2018-08-03,6.784521148312393,0.0021719825267590884,0.004287157553459962,0.0035127706310832023,70791932204.54996,24308900000.0,1.7570359632418093e-05,2018-06-30,0
101202,2018-08-10,6.784521148312393,0.0021719825267590884,0.004287157553459962,0.0035127706310832023,70044967391.05382,24308900000.0,1.9084559104212894e-05,2018-06-30,0
101202,2018-08-17,6.784521148312393,0.0021719825267590884,0.004287157553459962,0.0035127706310832023,69809802690.54796,24308900000.0,1.959164472709394e-05,2018-06-30,0
101202,2018-08-24,6.784521148312393,0.0021719825267590884,0.004287157553459962,0.0035127706310832023,70573936389.62543,24308900000.0,1.799764209958298e-05,2018-06-30,0
101202,2018-08-31,6.784521148312393,0.0021719825267590884,0.004287157553459962,0.0035127706310832023,70940418825.85634,24308900000.0,1.728593429113962e-05,2018-06-30,0
101202,2018-09-07,6.784521148312393,0.0021719825267590884,0.004287157553459962,0.0035127706310832023,69754481988.56104,24308900000.0,1.9713151782478268e-05,2018-06-30,0
101202,2018-09-14,6.784521148312393,0.0021719825267590884,0.004287157553459962,0.0035127706310832023,70093269474.2749,24308900000.0,1.8982265814602983e-05,2018-06-30,0
101202,2018-09-21,6.784521148312393,0.0021719825267590884,0.004287157553459962,0.0035127706310832023,71701729155.8926,24308900000.0,1.5907556823099302e-05,2018-06-30,0
101202,2018-09-28,6.751752209782549,0.002730192803230171,0.0036613747585856706,0.0032065919237696697,72986899365.32095,24308900000.0,1.1572765642101586e-05,2018-09-30,1
101202,2018-10-05,6.751752209782549,0.002730192803230171,0.0036613747585856706,0.0032065919237696697,72347597875.09592,24308900000.0,1.2392848645177616e-05,2018-09-30,0
101202,2018-10-12,6.751752209782549,0.002730192803230171,0.0036613747585856706,0.0032065919237696697,69487856526.06903,24308900000.0,1.697392694764325e-05,2018-09-30,0
101202,2018-10-19,6.751752209782549,0.002730192803230171,0.0036613747585856706,0.0032065919237696697,69758412465.85162,24308900000.0,1.6466333616160496e-05,2018-09-30,0
101202,2018-10-26,6.751752209782549,0.002730192803230171,0.0036613747585856706,0.0032065919237696697,70169111254.73926,24308900000.0,1.5728533904812968e-05,2018-09-30,0
101202,2018-11-02,6.751752209782549,0.002730192803230171,0.0036613747585856706,0.0032065919237696697,69776463417.84631,24308900000.0,1.643308862686146e-05,2018-09-30,0
101202,2018-11-09,6.751752209782549,0.002730192803230171,0.0036613747585856706,0.0032065919237696697,70158172800.9513,24308900000.0,1.574768909776869e-05,2018-09-30,0
101202,2018-11-16,6.751752209782549,0.002730192803230171,0.0036613747585856706,0.0032065919237696697,69647623518.05003,24308900000.0,1.6672064457362644e-05,2018-09-30,0
101202,2018-11-23,6.751752209782549,0.002730192803230171,0.0036613747585856706,0.0032065919237696697,68703575026.31627,24308900000.0,1.854914472505399e-05,2018-09-30,0
101202,2018-11-30,6.751752209782549,0.002730192803230171,0.0036613747585856706,0.0032065919237696697,70202551165.45905,24308900000.0,1.567013915565346e-05,2018-09-30,0
101202,2018-12-07,6.751752209782549,0.002730192803230171,0.0036613747585856706,0.0032065919237696697,69648339059.88647,24308900000.0,1.6670726355167875e-05,2018-09-30,0
101202,2018-12-14,6.751752209782549,0.002730192803230171,0.0036613747585856706,0.0032065919237696697,70406256630.82011,24308900000.0,1.5319709855011435e-05,2018-09-30,0
101202,2018-12-21,6.751752209782549,0.002730192803230171,0.0036613747585856706,0.0032065919237696697,70582837937.65169,24308900000.0,1.502315701668464e-05,2018-09-30,0
101202,2018-12-28,6.751752209782549,0.002730192803230171,0.0036613747585856706,0.0032065919237696697,70002935384.79366,24308900000.0,1.602242493119779e-05,2018-09-30,0
101202,2018-12-31,6.749218471778336,0.0027349582748288125,0.003504275757723299,0.002014402273119799,70945286627.59366,24308900000.0,2.148767816621221e-05,2018-12-31,1
101202,2019-01-04,6.749218471778336,0.0027349582748288125,0.003504275757723299,0.002014402273119799,70323632833.7805,24308900000.0,2.3025677196236774e-05,2018-12-31,0
101202,2019-01-11,6.749218471778336,0.0027349582748288125,0.003504275757723299,0.002014402273119799,68690050035.650406,24308900000.0,2.7702804547095602e-05,2018-12-31,0
101202,2019-01-18,6.749218471778336,0.0027349582748288125,0.003504275757723299,0.002014402273119799,69787642521.90833,24308900000.0,2.4453108222902853e-05,2018-12-31,0
101202,2019-01-25,6.749218471778336,0.0027349582748288125,0.003504275757723299,0.002014402273119799,69634618380.41153,24308900000.0,2.487896963351141e-05,2018-12-31,0
101202,2019-02-01,6.749218471778336,0.0027349582748288125,0.003504275757723299,0.002014402273119799,70189710958.64365,24308900000.0,2.3373217706835616e-05,2018-12-31,0
101202,2019-02-08,6.749218471778336,0.0027349582748288125,0.003504275757723299,0.002014402273119799,69280674545.78717,24308900000.0,2.5896787393629807e-05,2018-12-31,0
101202,2019-02-15,6.749218471778336,0.0027349582748288125,0.003504275757723299,0.002014402273119799,70332719420.44475,24308900000.0,2.300231090413441e-05,2018-12-31,0
101202,2019-02-22,6.749218471778336,0.0027349582748288125,0.003504275757723299,0.002014402273119799,71475044522.00014,24308900000.0,2.0269008758687567e-05,2018-12-31,0
101202,2019-03-01,6.749218471778336,0.0027349582748288125,0.003504275757723299,0.002014402273119799,71877627547.86649,24308900000.0,1.9395488102525523e-05,2018-12-31,0
101202,2019-03-08,6.749218471778336,0.0027349582748288125,0.003504275757723299,0.002014402273119799,72051312001.93033,24308900000.0,1.9031943342695403e-05,2018-12-31,0
101202,2019-03-15,6.749218471778336,0.0027349582748288125,0.003504275757723299,0.002014402273119799,72760111101.977,23773200000.0,1.4806873757438144e-05,2018-12-31,0
101202,2019-03-22,6.749218471778336,0.0027349582748288125,0.003504275757723299,0.002014402273119799,71432645561.77654,23773200000.0,1.7100516565776e-05,2018-12-31,0
101202,2019-03-29,6.724203189630669,-0.001235832639758971,0.0015693072928941363,0.0003956107797921283,72598089021.44217,23773200000.0,7.4460825435361435e-06,2019-03-31,1
101204,2015-12-31,14.346167891961842,-0.019390338203580125,0.009011045022409018,1.591037415940563e-05,143910013085.42346,41124000000.0,1.2570767315923016e-07,2015-12-31,1
101204,2016-01-01,14.346167891961842,-0.019390338203580125,0.009011045022409018,1.591037415940563e-05,143910013085.42346,41124000000.0,1.2570767315923016e-07,2015-12-31,0
101204,2016-01-08,14.346167891961842,-0.019390338203580125,0.009011045022409018,1.591037415940563e-05,138794840206.47784,41124000000.0,2.1252286336205808e-07,2015-12-31,0
101204,2016-01-15,14.346167891961842,-0.019390338203580125,0.009011045022409018,1.591037415940563e-05,134654006740.1913,41124000000.0,3.2960083261653563e-07,2015-12-31,0
101204,2016-01-22,14.346167891961842,-0.019390338203580125,0.009011045022409018,1.591037415940563e-05,140796354765.87323,41124000000.0,1.7267458956388748e-07,2015-12-31,0
101204,2016-01-29,14.346167891961842,-0.019390338203580125,0.009011045022409018,1.591037415940563e-05,141260890978.88,41124000000.0,1.646170699639985e-07,2015-12-31,0
101204,2016-02-05,14.346167891961842,-0.019390338203580125,0.009011045022409018,1.591037415940563e-05,134931750162.84267,41124000000.0,3.199124442162212e-07,2015-12-31,0
101204,2016-02-12,14.346167891961842,-0.019390338203580125,0.009011045022409018,1.591037415940563e-05,131156047019.274,41124000000.0,4.823795915737064e-07,2015-12-31,0
101204,2016-02-19,14.346167891961842,-0.019390338203580125,0.009011045022409018,1.591037415940563e-05,133181914162.18248,41124000000.0,3.8644872963958046e-07,2015-12-31,0
101204,2016-02-26,14.346167891961842,-0.019390338203580125,0.009011045022409018,1.591037415940563e-05,137561623764.05426,41124000000.0,2.418744410907853e-07,2015-12-31,0
101204,2016-03-04,14.346167891961842,-0.019390338203580125,0.009011045022409018,1.591037415940563e-05,135905477932.69487,41124000000.0,2.8827389584913573e-07,2015-12-31,0
101204,2016-03-11,14.346167891961842,-0.019390338203580125,0.009011045022409018,1.591037415940563e-05,140879905095.05276,44111000000.0,4.726936815475167e-07,2015-12-31,0
101204,2016-03-18,14.346167891961842,-0.019390338203580125,0.009011045022409018,1.591037415940563e-05,136675088672.7577,44111000000.0,7.323759094641055e-07,2015-12-31,0
101204,2016-03-25,14.346167891961842,-0.019390338203580125,0.009011045022409018,1.591037415940563e-05,134441198290.02548,44111000000.0,9.290051302599331e-07,2015-12-31,0
101204,2016-03-31,7.551612082154217,-0.004027957463522372,0.0049872293054572915,-0.0001787114064138583,136847420548.92924,44111000000.0,3.301225798557149e-05,2016-03-31,1
101204,2016-04-01,7.551612082154217,-0.004027957463522372,0.0049872293054572915,-0.0001787114064138583,136702963247.17125,44111000000.0,3.331272739040162e-05,2016-03-31,0
101204,2016-04-08,7.551612082154217,-0.004027957463522372,0.0049872293054572915,-0.0001787114064138583,141701250937.29062,44111000000.0,2.449031050823431e-05,2016-03-31,0
101204,2016-04-15,7.551612082154217,-0.004027957463522372,0.0049872293054572915,-0.0001787114064138583,145466856619.27924,44111000000.0,1.9571860626389432e-05,2016-03-31,0
101204,2016-04-22,7.551612082154217,-0.004027957463522372,0.0049872293054572915,-0.0001787114064138583,146851300492.7398,44111000000.0,1.805153553984135e-05,2016-03-31,0
101204,2016-04-29,7.551612082154217,-0.004027957463522372,0.0049872293054572915,-0.0001787114064138583,138493918615.71246,44111000000.0,2.979466840834328e-05,2016-03-31,0
101204,2016-05-06,7.551612082154217,-0.004027957463522372,0.0049872293054572915,-0.0001787114064138583,136264476618.01025,44111000000.0,3.424379355377128e-05,2016-03-31,0
101204,2016-05-13,7.551612082154217,-0.004027957463522372,0.0049872293054572915,-0.0001787114064138583,135978560950.97769,44111000000.0,3.486666269541931e-05,2016-03-31,0
101204,2016-05-20,7.551612082154217,-0.004027957463522372,0.0049872293054572915,-0.0001787114064138583,135946211650.34886,44111000000.0,3.493793528735001e-05,2016-03-31,0
101204,2016-05-27,7.551612082154217,-0.004027957463522372,0.0049872293054572915,-0.0001787114064138583,139323488445.6123,44111000000.0,2.8308348188570885e-05,2016-03-31,0
101204,2016-06-03,7.551612082154217,-0.004027957463522372,0.0049872293054572915,-0.0001787114064138583,137638864661.6092,44111000000.0,3.141923799804247e-05,2016-03-31,0
101204,2016-06-10,7.551612082154217,-0.004027957463522372,0.0049872293054572915,-0.0001787114064138583,135004940553.08566,44111000000.0,3.708533328907889e-05,2016-03-31,0
101204,2016-06-17,7.551612082154217,-0.004027957463522372,0.0049872293054572915,-0.0001787114064138583,131664750617.30867,44111000000.0,4.5996574526966e-05,2016-03-31,0
101204,2016-06-24,7.551612082154217,-0.004027957463522372,0.0049872293054572915,-0.0001787114064138583,133670613165.72076,44111000000.0,4.0388710872278164e-05,2016-03-31,0
101204,2016-06-30,6.3882179707669735,-0.0008533617754236053,0.004777248609837975,-5.650161722878883e-05,140818718978.26544,44111000000.0,6.956044169735315e-05,2016-06-30,1
101204,2016-07-01,6.3882179707669735,-0.0008533617754236053,0.004777248609837975,-5.650161722878883e-05,140948720582.79883,44111000000.0,6.908535131017527e-05,2016-06-30,0
101204,2016-07-08,6.3882179707669735,-0.0008533617754236053,0.004777248609837975,-5.650161722878883e-05,139899546980.41675,44111000000.0,7.302854509948965e-05,2016-06-30,0
101204,2016-07-15,6.3882179707669735,-0.0008533617754236053,0.004777248609837975,-5.650161722878883e-05,141744757318.25146,44111000000.0,6.625612407355582e-05,2016-06-30,0
101204,2016-07-22,6.3882179707669735,-0.0008533617754236053,0.004777248609837975,-5.650161722878883e-05,142982686060.5205,44111000000.0,6.211626269958183e-05,2016-06-30,0
101204,2016-07-29,6.3882179707669735,-0.0008533617754236053,0.004777248609837975,-5.650161722878883e-05,142544207878.40692,44111000000.0,6.354771632040216e-05,2016-06-30,0
101204,2016-08-05,6.3882179707669735,-0.0008533617754236053,0.004777248609837975,-5.650161722878883e-05,137879313717.8669,44111000000.0,8.137165223645928e-05,2016-06-30,0
101204,2016-08-12,6.3882179707669735,-0.0008533617754236053,0.004777248609837975,-5.650161722878883e-05,136818066071.5174,44111000000.0,8.618968472901135e-05,2016-06-30,0
101204,2016-08-19,6.3882179707669735,-0.0008533617754236053,0.004777248609837975,-5.650161722878883e-05,134246335436.02702,44111000000.0,9.928566735087811e-05,2016-06-30,0
101204,2016-08-26,6.3882179707669735,-0.0008533617754236053,0.004777248609837975,-5.650161722878883e-05,133782576038.44284,44111000000.0,0.0001018830202830443,2016-06-30,0
101204,2016-09-02,6.3882179707669735,-0.0008533617754236053,0.004777248609837975,-5.650161722878883e-05,134949955016.111,44111000000.0,9.548862798757014e-05,2016-06-30,0
101204,2016-09-09,6.3882179707669735,-0.0008533617754236053,0.004777248609837975,-5.650161722878883e-05,135077268665.86246,44111000000.0,9.481952786939483e-05,2016-06-30,0
101204,2016-09-16,6.3882179707669735,-0.0008533617754236053,0.004777248609837975,-5.650161722878883e-05,133354659108.3213,44111000000.0,0.00010434898117651747,2016-06-30,0
101204,2016-09-23,6.3882179707669735,-0.0008533617754236053,0.004777248609837975,-5.650161722878883e-05,132645085944.1094,44111000000.0,0.00010859052794403818,2016-06-30,0
101204,2016-09-30,5.760797691455298,-0.0004979745349035093,0.004218188980509221,-0.0015148998107902376,131621337847.99387,44111000000.0,0.00027102022939164117,2016-09-30,1
101204,2016-10-07,5.760797691455298,-0.0004979745349035093,0.004218188980509221,-0.0015148998107902376,133124137983.55075,44111000000.0,0.00025044414687703387,2016-09-30,0
101204,2016-10-14,5.760797691455298,-0.0004979745349035093,0.004218188980509221,-0.0015148998107902376,132740336309.19446,44111000000.0,0.00025552101235538986,2016-09-30,0
101204,2016-10-21,5.760797691455298,-0.0004979745349035093,0.004218188980509221,-0.0015148998107902376,133646528255.62273,44111000000.0,0.0002437213251933796,2016-09-30,0
101204,2016-10-28,5.760797691455298,-0.0004979745349035093,0.004218188980509221,-0.0015148998107902376,136520664211.41443,44111000000.0,0.00021027891664272033,2016-09-30,0
101204,2016-11-04,5.760797691455298,-0.0004979745349035093,0.004218188980509221,-0.0015148998107902376,136690862600.31778,44111000000.0,0.00020847207920757186,2016-09-30,0
101204,2016-11-11,5.760797691455298,-0.0004979745349035093,0.004218188980509221,-0.0015148998107902376,142527489704.81128,44111000000.0,0.00015617353120518554,2016-09-30,0
101204,2016-11-18,5.760797691455298,-0.0004979745349035093,0.004218188980509221,-0.0015148998107902376,142505150694.01038,44111000000.0,0.00015634229290164268,2016-09-30,0
101204,2016-11-25,5.760797691455298,-0.0004979745349035093,0.004218188980509221,-0.0015148998107902376,141506081465.612,44111000000.0,0.00016411125600680865,2016-09-30,0
101204,2016-12-02,5.760797691455298,-0.0004979745349035093,0.004218188980509221,-0.0015148998107902376,141558441032.35254,44111000000.0,0.00016369311605778314,2016-09-30,0
101204,2016-12-09,5.760797691455298,-0.0004979745349035093,0.004218188980509221,-0.0015148998107902376,142995403485.6283,44111000000.0,0.00015268685239393248,2016-09-30,0
101204,2016-12-16,5.760797691455298,-0.0004979745349035093,0.004218188980509221,-0.0015148998107902376,140490463461.8336,44111000000.0,0.00017247286255473267,2016-09-30,0
101204,2016-12-23,5.760797691455298,-0.0004979745349035093,0.004218188980509221,-0.0015148998107902376,142405834166.40335,44111000000.0,0.00015709515824892395,2016-09-30,0
101204,2016-12-30,5.336856852275818,-1.6220291890488255e-05,0.0032901302635117086,0.00030925271891711734,143742159457.3366,44111000000.0,7.62608313660697e-05,2016-12-31,1
101204,2017-01-06,5.336856852275818,-1.6220291890488255e-05,0.0032901302635117086,0.00030925271891711734,143438318081.80505,44111000000.0,7.730542858725806e-05,2016-12-31,0
101204,2017-01-13,5.336856852275818,-1.6220291890488255e-05,0.0032901302635117086,0.00030925271891711734,145322381960.6576,44111000000.0,7.10881602355448e-05,2016-12-31,0
101204,2017-01-20,5.336856852275818,-1.6220291890488255e-05,0.0032901302635117086,0.00030925271891711734,142134174391.1186,44111000000.0,8.198435986801021e-05,2016-12-31,0
101204,2017-01-27,5.336856852275818,-1.6220291890488255e-05,0.0032901302635117086,0.00030925271891711734,140645915733.33276,44111000000.0,8.77362393293534e-05,2016-12-31,0
101204,2017-02-03,5.336856852275818,-1.6220291890488255e-05,0.0032901302635117086,0.00030925271891711734,142153807313.51108,44111000000.0,8.191149633500388e-05,2016-12-31,0
101204,2017-02-10,5.336856852275818,-1.6220291890488255e-05,0.0032901302635117086,0.00030925271891711734,148010380054.66232,44111000000.0,6.320533005636537e-05,2016-12-31,0
101204,2017-02-17,5.336856852275818,-1.6220291890488255e-05,0.0032901302635117086,0.00030925271891711734,149758433649.69855,44111000000.0,5.862905020154444e-05,2016-12-31,0
101204,2017-02-24,5.336856852275818,-1.6220291890488255e-05,0.0032901302635117086,0.00030925271891711734,148622894253.64093,44111000000.0,6.155560273483062e-05,2016-12-31,0
101204,2017-03-03,5.336856852275818,-1.6220291890488255e-05,0.0032901302635117086,0.00030925271891711734,152492561698.13458,44111000000.0,5.22279901571663e-05,2016-12-31,0
101204,2017-03-10,5.336856852275818,-1.6220291890488255e-05,0.0032901302635117086,0.00030925271891711734,153632074423.09518,46948000000.0,7.422603059549786e-05,2016-12-31,0
101204,2017-03-17,5.336856852275818,-1.6220291890488255e-05,0.0032901302635117086,0.00030925271891711734,154085092608.69162,46948000000.0,7.283525727998747e-05,2016-12-31,0
101204,2017-03-24,5.336856852275818,-1.6220291890488255e-05,0.0032901302635117086,0.00030925271891711734,154395016166.1489,46948000000.0,7.190141194733099e-05,2016-12-31,0
101204,2017-03-31,5.330210253104137,-1.1241137339469361e-05,0.003114095728811226,-0.0004943643035392893,156629307789.65256,46948000000.0,7.845954659396322e-05,2017-03-31,1
101204,2017-04-07,5.330210253104137,-1.1241137339469361e-05,0.003114095728811226,-0.0004943643035392893,156699279459.61554,46948000000.0,7.823408624946766e-05,2017-03-31,0
101204,2017-04-14,5.330210253104137,-1.1241137339469361e-05,0.003114095728811226,-0.0004943643035392893,157589843704.02798,46948000000.0,7.543002208681632e-05,2017-03-31,0
101204,2017-04-21,5.330210253104137,-1.1241137339469361e-05,0.003114095728811226,-0.0004943643035392893,153740045860.9104,46948000000.0,8.847275361066556e-05,2017-03-31,0
101204,2017-04-28,5.330210253104137,-1.1241137339469361e-05,0.003114095728811226,-0.0004943643035392893,159211596845.54065,46948000000.0,7.062122282467062e-05,2017-03-31,0
101204,2017-05-05,5.330210253104137,-1.1241137339469361e-05,0.003114095728811226,-0.0004943643035392893,163176579509.65677,46948000000.0,6.03043384084092e-05,2017-03-31,0
101204,2017-05-12,5.330210253104137,-1.1241137339469361e-05,0.003114095728811226,-0.0004943643035392893,163760889877.05872,46948000000.0,5.8938554086851e-05,2017-03-31,0
101204,2017-05-19,5.330210253104137,-1.1241137339469361e-05,0.003114095728811226,-0.0004943643035392893,158619934655.53674,46948000000.0,7.233265777034213e-05,2017-03-31,0
101204,2017-05-26,5.330210253104137,-1.1241137339469361e-05,0.003114095728811226,-0.0004943643035392893,157824971810.1688,46948000000.0,7.47095083656224e-05,2017-03-31,0
101204,2017-06-02,5.330210253104137,-1.1241137339469361e-05,0.003114095728811226,-0.0004943643035392893,159266380875.58472,46948000000.0,7.046517557696911e-05,2017-03-31,0
101204,2017-06-09,5.330210253104137,-1.1241137339469361e-05,0.003114095728811226,-0.0004943643035392893,155826633676.99063,46948000000.0,8.1101293754163e-05,2017-03-31,0
101204,2017-06-16,5.330210253104137,-1.1241137339469361e-05,0.003114095728811226,-0.0004943643035392893,154495244376.68195,46948000000.0,8.571732355810848e-05,2017-03-31,0
101204,2017-06-23,5.330210253104137,-1.1241137339469361e-05,0.003114095728811226,-0.0004943643035392893,158024900709.2041,46948000000.0,7.410321284024691e-05,2017-03-31,0
101204,2017-06-30,5.317494676838386,-0.00010679526182425226,0.0028002842134117706,-0.0002469780948183414,152831902871.8967,46948000000.0,7.16105721159163e-05,2017-06-30,1
101204,2017-07-07,5.317494676838386,-0.00010679526182425226,0.0028002842134117706,-0.0002469780948183414,152712014258.0036,46948000000.0,7.197406900850545e-05,2017-06-30,0
101204,2017-07-14,5.317494676838386,-0.00010679526182425226,0.0028002842134117706,-0.0002469780948183414,153909197902.4054,46948000000.0,6.843928307116644e-05,2017-06-30,0
101204,2017-07-21,5.317494676838386,-0.00010679526182425226,0.0028002842134117706,-0.0002469780948183414,150053835853.1321,46948000000.0,8.061950481510368e-05,2017-06-30,0
101204,2017-07-28,5.317494676838386,-0.00010679526182425226,0.0028002842134117706,-0.0002469780948183414,150143397941.69684,46948000000.0,8.030899222973119e-05,2017-06-30,0
101204,2017-08-04,5.317494676838386,-0.00010679526182425226,0.0028002842134117706,-0.0002469780948183414,150308296484.22644,46948000000.0,7.974095776979204e-05,2017-06-30,0
101204,2017-08-11,5.317494676838386,-0.00010679526182425226,0.0028002842134117706,-0.0002469780948183414,149044221161.1551,46948000000.0,8.421934597766969e-05,2017-06-30,0
101204,2017-08-18,5.317494676838386,-0.00010679526182425226,0.0028002842134117706,-0.0002469780948183414,151140766996.346,46948000000.0,7.694442113593004e-05,2017-06-30,0
101204,2017-08-25,5.317494676838386,-0.00010679526182425226,0.0028002842134117706,-0.0002469780948183414,150948318243.69574,46948000000.0,7.758053160565536e-05,2017-06-30,0
101204,2017-09-01,5.317494676838386,-0.00010679526182425226,0.0028002842134117706,-0.0002469780948183414,151718372761.98367,46948000000.0,7.50717336830547e-05,2017-06-30,0
101204,2017-09-08,5.317494676838386,-0.00010679526182425226,0.0028002842134117706,-0.0002469780948183414,151107074830.8002,46948000000.0,7.705534139698224e-05,2017-06-30,0
101204,2017-09-15,5.317494676838386,-0.00010679526182425226,0.0028002842134117706,-0.0002469780948183414,150025743050.43582,46948000000.0,8.071719352474092e-05,2017-06-30,0
101204,2017-09-22,5.317494676838386,-0.00010679526182425226,0.0028002842134117706,-0.0002469780948183414,153504744830.58514,46948000000.0,6.961014284824673e-05,2017-06-30,0
101204,2017-09-29,5.317494676838386,-0.00010679526182425226,0.0028002842134117706,-0.0002469780948183414,153364223328.9234,46948000000.0,7.00224431534263e-05,2017-06-30,0
101204,2019-03-29,5.312437061111428,0.0005167156244286951,0.002180858017516519,-0.00036546981369647694,150913527748.75122,52373000000.0,0.00011127418195068983,2019-03-31,1
101204,2019-04-05,5.312437061111428,0.0005167156244286951,0.002180858017516519,-0.00036546981369647694,150593005899.5374,52373000000.0,0.00011284553427026283,2019-03-31,0
101204,2019-04-12,5.312437061111428,0.0005167156244286951,0.002180858017516519,-0.00036546981369647694,146734040053.33676,52373000000.0,0.00013397358242414826,2019-03-31,0
101204,2019-04-19,5.312437061111428,0.0005167156244286951,0.002180858017516519,-0.00036546981369647694,143578062231.8692,52373000000.0,0.0001547783244365171,2019-03-31,0
101204,2019-04-26,5.312437061111428,0.0005167156244286951,0.002180858017516519,-0.00036546981369647694,147738025167.7777,52373000000.0,0.00012805839681581001,2019-03-31,0
101204,2019-05-03,5.312437061111428,0.0005167156244286951,0.002180858017516519,-0.00036546981369647694,149510429804.47073,52373000000.0,0.00011834941421899893,2019-03-31,0
101204,2019-05-10,5.312437061111428,0.0005167156244286951,0.002180858017516519,-0.00036546981369647694,143605804151.616,52373000000.0,0.00015457953833814773,2019-03-31,0
101204,2019-05-17,5.312437061111428,0.0005167156244286951,0.002180858017516519,-0.00036546981369647694,146743297406.2764,52373000000.0,0.00013391758976109684,2019-03-31,0
101204,2019-05-24,5.312437061111428,0.0005167156244286951,0.002180858017516519,-0.00036546981369647694,146652458925.2404,52373000000.0,0.00013446821579254554,2019-03-31,0
101204,2019-05-31,5.312437061111428,0.0005167156244286951,0.002180858017516519,-0.00036546981369647694,143017762220.48367,52373000000.0,0.00015885837073433473,2019-03-31,0
101204,2019-06-07,5.312437061111428,0.0005167156244286951,0.002180858017516519,-0.00036546981369647694,150612203505.04605,52373000000.0,0.0001127506860485881,2019-03-31,0
101204,2019-06-14,5.312437061111428,0.0005167156244286951,0.002180858017516519,-0.00036546981369647694,147694416711.97464,52373000000.0,0.00012830885206487964,2019-03-31,0
101204,2019-06-21,5.312437061111428,0.0005167156244286951,0.002180858017516519,-0.00036546981369647694,149839683487.24823,52373000000.0,0.00011664268132346023,2019-03-31,0
101204,2019-06-28,5.312437061111428,0.0005167156244286951,0.002180858017516519,-0.00036546981369647694,147766743642.58456,52373000000.0,0.00012789377313219308,2019-03-31,0
101336,2015-12-31,14.56098102564722,7.343287918774254e-05,0.007552942477567983,-0.0004169036202258384,51974777620.49369,21007000000.0,1.0086359381165714e-05,2015-12-31,1
101336,2016-01-01,14.56098102564722,7.343287918774254e-05,0.007552942477567983,-0.0004169036202258384,51974777620.49369,21007000000.0,1.0086359381165714e-05,2015-12-31,0
101336,2016-01-08,14.56098102564722,7.343287918774254e-05,0.007552942477567983,-0.0004169036202258384,50275948522.66945,21007000000.0,1.6494595197633748e-05,2015-12-31,0
101336,2016-01-15,14.56098102564722,7.343287918774254e-05,0.007552942477567983,-0.0004169036202258384,48348099123.58323,21007000000.0,2.9370580380451782e-05,2015-12-31,0
101336,2016-01-22,14.56098102564722,7.343287918774254e-05,0.007552942477567983,-0.0004169036202258384,49993287954.413124,21007000000.0,1.7927766688256914e-05,2015-12-31,0
101336,2016-01-29,14.56098102564722,7.343287918774254e-05,0.007552942477567983,-0.0004169036202258384,49958946745.78801,21007000000.0,1.811069478160819e-05,2015-12-31,0
101336,2016-02-05,14.56098102564722,7.343287918774254e-05,0.007552942477567983,-0.0004169036202258384,51012532658.767456,21007000000.0,1.3302073373342682e-05,2015-12-31,0
101336,2016-02-12,14.56098102564722,7.343287918774254e-05,0.007552942477567983,-0.0004169036202258384,48156446627.5635,21007000000.0,3.113976771046193e-05,2015-12-31,0
101336,2016-02-19,14.56098102564722,7.343287918774254e-05,0.007552942477567983,-0.0004169036202258384,52159376284.44566,21288000000.0,1.165232466304497e-05,2015-12-31,0
101336,2016-02-26,14.56098102564722,7.343287918774254e-05,0.007552942477567983,-0.0004169036202258384,52885036278.750145,21288000000.0,9.495347181551794e-06,2015-12-31,0
101336,2016-03-04,14.56098102564722,7.343287918774254e-05,0.007552942477567983,-0.0004169036202258384,54302233593.432236,21288000000.0,6.4138089417703685e-06,2015-12-31,0
101336,2016-03-11,14.56098102564722,7.343287918774254e-05,0.007552942477567983,-0.0004169036202258384,53949103869.10061,21288000000.0,7.066133598489993e-06,2015-12-31,0
101336,2016-03-18,14.56098102564722,7.343287918774254e-05,0.007552942477567983,-0.0004169036202258384,54295984947.15458,21288000000.0,6.424778281988524e-06,2015-12-31,0
101336,2016-03-25,14.56098102564722,7.343287918774254e-05,0.007552942477567983,-0.0004169036202258384,52861686567.92788,21288000000.0,9.557708300987391e-06,2015-12-31,0
101336,2016-03-31,8.153675854229613,0.001582747296683858,0.005071827835220229,-0.0006287721022989715,54089950212.05341,21288000000.0,0.0001524417387887764,2016-03-31,1
101336,2016-04-01,8.153675854229613,0.001582747296683858,0.005071827835220229,-0.0006287721022989715,53200560283.06198,21288000000.0,0.00017794282883121712,2016-03-31,0
101336,2016-04-08,8.153675854229613,0.001582747296683858,0.005071827835220229,-0.0006287721022989715,52669891802.7737,21288000000.0,0.00019540902379064457,2016-03-31,0
101336,2016-04-15,8.153675854229613,0.001582747296683858,0.005071827835220229,-0.0006287721022989715,54591675230.34928,21288000000.0,0.0001398729202138229,2016-03-31,0
101336,2016-04-22,8.153675854229613,0.001582747296683858,0.005071827835220229,-0.0006287721022989715,56399285661.76287,21288000000.0,0.00010330268075772318,2016-03-31,0
101336,2016-04-29,8.153675854229613,0.001582747296683858,0.005071827835220229,-0.0006287721022989715,54862243433.05047,21288000000.0,0.0001335779304480541,2016-03-31,0
101336,2016-05-06,8.153675854229613,0.001582747296683858,0.005071827835220229,-0.0006287721022989715,53062308270.56578,21288000000.0,0.00018231902639282097,2016-03-31,0
101336,2016-05-13,8.153675854229613,0.001582747296683858,0.005071827835220229,-0.0006287721022989715,53640881079.10094,21288000000.0,0.000164767593025528,2016-03-31,0
101336,2016-05-20,8.153675854229613,0.001582747296683858,0.005071827835220229,-0.0006287721022989715,54519190655.26423,21288000000.0,0.00014161508733110284,2016-03-31,0
101336,2016-05-27,8.153675854229613,0.001582747296683858,0.005071827835220229,-0.0006287721022989715,55728875877.234436,21288000000.0,0.0001154486124952483,2016-03-31,0
101336,2016-06-03,8.153675854229613,0.001582747296683858,0.005071827835220229,-0.0006287721022989715,54969956086.564255,21288000000.0,0.00013116043593380613,2016-03-31,0
101336,2016-06-10,8.153675854229613,0.001582747296683858,0.005071827835220229,-0.0006287721022989715,53923985036.15039,21288000000.0,0.00015687300484529506,2016-03-31,0
101336,2016-06-17,8.153675854229613,0.001582747296683858,0.005071827835220229,-0.0006287721022989715,53645702922.10208,21288000000.0,0.00016462947513041492,2016-03-31,0
101336,2016-06-24,8.153675854229613,0.001582747296683858,0.005071827835220229,-0.0006287721022989715,52108872522.64719,21288000000.0,0.00021598338565892412,2016-03-31,0
101336,2016-06-30,6.6397718787500875,0.0007611307954635942,0.0043509662162126,-0.001217977023687654,52664875343.044655,21288000000.0,0.000519392666745227,2016-06-30,1
101336,2016-07-01,6.6397718787500875,0.0007611307954635942,0.0043509662162126,-0.001217977023687654,53059956602.80841,21288000000.0,0.0004892859327756542,2016-06-30,0
101336,2016-07-08,6.6397718787500875,0.0007611307954635942,0.0043509662162126,-0.001217977023687654,52104965040.01256,21288000000.0,0.0005657587013111384,2016-06-30,0
101336,2016-07-15,6.6397718787500875,0.0007611307954635942,0.0043509662162126,-0.001217977023687654,54209446742.58383,21288000000.0,0.000412424043238867,2016-06-30,0
101336,2016-07-22,6.6397718787500875,0.0007611307954635942,0.0043509662162126,-0.001217977023687654,54725065860.54216,21288000000.0,0.0003825000039052415,2016-06-30,0
101336,2016-07-29,6.6397718787500875,0.0007611307954635942,0.0043509662162126,-0.001217977023687654,56052142574.387924,21288000000.0,0.0003162420930039368,2016-06-30,0
101336,2016-08-05,6.6397718787500875,0.0007611307954635942,0.0043509662162126,-0.001217977023687654,56336632936.10332,21288000000.0,0.00030380712887253863,2016-06-30,0
101336,2016-08-12,6.6397718787500875,0.0007611307954635942,0.0043509662162126,-0.001217977023687654,57757405634.83259,21288000000.0,0.00024949015061262345,2016-06-30,0
101336,2016-08-19,6.6397718787500875,0.0007611307954635942,0.0043509662162126,-0.001217977023687654,57464275842.95763,21288000000.0,0.0002597210118863024,2016-06-30,0
101336,2016-08-26,6.6397718787500875,0.0007611307954635942,0.0043509662162126,-0.001217977023687654,58020633758.57933,21288000000.0,0.00024069380226254632,2016-06-30,0
101336,2016-09-02,6.6397718787500875,0.0007611307954635942,0.0043509662162126,-0.001217977023687654,58604031636.283264,21288000000.0,0.00022243209949564827,2016-06-30,0
101336,2016-09-09,6.6397718787500875,0.0007611307954635942,0.0043509662162126,-0.001217977023687654,56572584104.618515,21288000000.0,0.0002939164825061385,2016-06-30,0
101336,2016-09-16,6.6397718787500875,0.0007611307954635942,0.0043509662162126,-0.001217977023687654,56628110750.35448,21288000000.0,0.0002916427115719034,2016-06-30,0
101336,2016-09-23,6.6397718787500875,0.0007611307954635942,0.0043509662162126,-0.001217977023687654,58687324743.07993,21288000000.0,0.00021995624795453653,2016-06-30,0
101336,2016-09-30,5.831165223774332,0.0003551034018736048,0.003887765758604087,0.0006403292397864961,58164606486.33277,21288000000.0,0.00018322363481232637,2016-09-30,1
101336,2016-10-07,5.831165223774332,0.0003551034018736048,0.003887765758604087,0.0006403292397864961,58215569422.189835,21288000000.0,0.00018209893803422728,2016-09-30,0
101336,2016-10-14,5.831165223774332,0.0003551034018736048,0.003887765758604087,0.0006403292397864961,58196519218.56295,21288000000.0,0.0001825184145278766,2016-09-30,0
101336,2016-10-21,5.831165223774332,0.0003551034018736048,0.003887765758604087,0.0006403292397864961,58565224603.85365,21288000000.0,0.00017459502488552416,2016-09-30,0
101336,2016-10-28,5.831165223774332,0.0003551034018736048,0.003887765758604087,0.0006403292397864961,57630006083.72261,21288000000.0,0.00019552115471112506,2016-09-30,0
101336,2016-11-04,5.831165223774332,0.0003551034018736048,0.003887765758604087,0.0006403292397864961,56512908215.7981,21288000000.0,0.00022444907821875793,2016-09-30,0
101336,2016-11-11,5.831165223774332,0.0003551034018736048,0.003887765758604087,0.0006403292397864961,58684207051.35926,21288000000.0,0.00017212388283278587,2016-09-30,0
101336,2016-11-18,5.831165223774332,0.0003551034018736048,0.003887765758604087,0.0006403292397864961,58141485654.59956,21288000000.0,0.0001837365451765262,2016-09-30,0
101336,2016-11-25,5.831165223774332,0.0003551034018736048,0.003887765758604087,0.0006403292397864961,58204190705.54414,21288000000.0,0.00018234935719619748,2016-09-30,0
101336,2016-12-02,5.831165223774332,0.0003551034018736048,0.003887765758604087,0.0006403292397864961,58476761349.175545,21288000000.0,0.0001764590351530819,2016-09-30,0
101336,2016-12-09,5.831165223774332,0.0003551034018736048,0.003887765758604087,0.0006403292397864961,59956081351.97027,21288000000.0,0.00014809433778457332,2016-09-30,0
101336,2016-12-16,5.831165223774332,0.0003551034018736048,0.003887765758604087,0.0006403292397864961,60346291984.79066,21288000000.0,0.00014151963821663568,2016-09-30,0
101336,2016-12-23,5.831165223774332,0.0003551034018736048,0.003887765758604087,0.0006403292397864961,60017605063.63882,21288000000.0,0.00014703454095222436,2016-09-30,0
101336,2016-12-30,5.726697703512475,0.00031962782271142444,0.0034442738976126243,0.0009846158693037124,60582684680.80503,21288000000.0,0.00010710993978168655,2016-12-31,1
101336,2017-01-06,5.726697703512475,0.00031962782271142444,0.0034442738976126243,0.0009846158693037124,60762142921.62056,21288000000.0,0.00010494720365533624,2016-12-31,0
101336,2017-01-13,5.726697703512475,0.00031962782271142444,0.0034442738976126243,0.0009846158693037124,61602108870.29984,21288000000.0,9.547633926815062e-05,2016-12-31,0
101336,2017-01-20,5.726697703512475,0.00031962782271142444,0.0034442738976126243,0.0009846158693037124,61413611083.87178,21288000000.0,9.751202720666551e-05,2016-12-31,0
101336,2017-01-27,5.726697703512475,0.00031962782271142444,0.0034442738976126243,0.0009846158693037124,61796421457.9837,21288000000.0,9.342944145060515e-05,2016-12-31,0
101336,2017-02-03,5.726697703512475,0.00031962782271142444,0.0034442738976126243,0.0009846158693037124,61641313273.763916,21288000000.0,9.5059188469205e-05,2016-12-31,0
101336,2017-02-10,5.726697703512475,0.00031962782271142444,0.0034442738976126243,0.0009846158693037124,61435729935.39791,21288000000.0,9.727055586258745e-05,2016-12-31,0
101336,2017-02-17,5.726697703512475,0.00031962782271142444,0.0034442738976126243,0.0009846158693037124,60009963450.92762,21288000000.0,0.00011436731915851041,2016-12-31,0
101336,2017-02-24,5.726697703512475,0.00031962782271142444,0.0034442738976126243,0.0009846158693037124,59328273097.80319,21198000000.0,0.00012019102306152482,2016-12-31,0
101336,2017-03-03,5.726697703512475,0.00031962782271142444,0.0034442738976126243,0.0009846158693037124,60071462214.50093,21198000000.0,0.00011028781204600703,2016-12-31,0
101336,2017-03-10,5.726697703512475,0.00031962782271142444,0.0034442738976126243,0.0009846158693037124,60057791493.09555,21198000000.0,0.00011046119187624871,2016-12-31,0
101336,2017-03-17,5.726697703512475,0.00031962782271142444,0.0034442738976126243,0.0009846158693037124,61195937485.60106,21198000000.0,9.705253086204458e-05,2016-12-31,0
101336,2017-03-24,5.726697703512475,0.00031962782271142444,0.0034442738976126243,0.0009846158693037124,61249371793.001335,21198000000.0,9.64711189488331e-05,2016-12-31,0
101336,2017-03-31,5.717554745362128,0.00023860602603353867,0.0031218832753711484,-0.00034008021102825925,62019393126.95181,21198000000.0,0.00012034608988469138,2017-03-31,1
101336,2017-04-07,5.717554745362128,0.00023860602603353867,0.0031218832753711484,-0.00034008021102825925,62460084650.21529,21198000000.0,0.00011457488741673712,2017-03-31,0
101336,2017-04-14,5.717554745362128,0.00023860602603353867,0.0031218832753711484,-0.00034008021102825925,61890774166.17392,21198000000.0,0.0001220938186435559,2017-03-31,0
101336,2017-04-21,5.717554745362128,0.00023860602603353867,0.0031218832753711484,-0.00034008021102825925,63200481220.24748,21198000000.0,0.00010558852487123826,2017-03-31,0
101336,2017-04-28,5.717554745362128,0.00023860602603353867,0.0031218832753711484,-0.00034008021102825925,64317404387.812805,21198000000.0,9.353865785733897e-05,2017-03-31,0
101336,2017-05-05,5.717554745362128,0.00023860602603353867,0.0031218832753711484,-0.00034008021102825925,65495879193.52572,21198000000.0,8.252396427481783e-05,2017-03-31,0
101336,2017-05-12,5.717554745362128,0.00023860602603353867,0.0031218832753711484,-0.00034008021102825925,62891135675.11836,21198000000.0,0.00010923947597683888,2017-03-31,0
101336,2017-05-19,5.717554745362128,0.00023860602603353867,0.0031218832753711484,-0.00034008021102825925,61931838071.06177,21198000000.0,0.0001215326317380304,2017-03-31,0
101336,2017-05-26,5.717554745362128,0.00023860602603353867,0.0031218832753711484,-0.00034008021102825925,62209506092.09185,21198000000.0,0.00011781583742816611,2017-03-31,0
101336,2017-06-02,5.717554745362128,0.00023860602603353867,0.0031218832753711484,-0.00034008021102825925,62608586507.107735,21198000000.0,0.00011270321138244225,2017-03-31,0
101336,2017-06-09,5.717554745362128,0.00023860602603353867,0.0031218832753711484,-0.00034008021102825925,62193667038.32599,21198000000.0,0.00011802426064291534,2017-03-31,0
101336,2017-06-16,5.717554745362128,0.00023860602603353867,0.0031218832753711484,-0.00034008021102825925,61371256785.36764,21198000000.0,0.00012946083868044237,2017-03-31,0
101336,2017-06-23,5.717554745362128,0.00023860602603353867,0.0031218832753711484,-0.00034008021102825925,62912147913.55381,21198000000.0,0.00010898688040068775,2017-03-31,0
101336,2017-06-30,5.699259751049607,0.00016826531192553953,0.0030369936128411008,0.0006440903057047692,61194187563.4533,21198000000.0,8.988490253797751e-05,2017-06-30,1
101336,2017-07-07,5.699259751049607,0.00016826531192553953,0.0030369936128411008,0.0006440903057047692,61273992793.17714,21198000000.0,8.908112839898559e-05,2017-06-30,0
101336,2017-07-14,5.699259751049607,0.00016826531192553953,0.0030369936128411008,0.0006440903057047692,62323827922.76464,21198000000.0,7.924993884260377e-05,2017-06-30,0
101336,2017-07-21,5.699259751049607,0.00016826531192553953,0.0030369936128411008,0.0006440903057047692,60421643734.20104,21198000000.0,9.811883944971602e-05,2017-06-30,0
101336,2017-07-28,5.699259751049607,0.00016826531192553953,0.0030369936128411008,0.0006440903057047692,61299319598.031166,21198000000.0,8.882779713469729e-05,2017-06-30,0
101336,2017-08-04,5.699259751049607,0.00016826531192553953,0.0030369936128411008,0.0006440903057047692,62400501871.09053,21198000000.0,7.858286886526408e-05,2017-06-30,0
101336,2017-08-11,5.699259751049607,0.00016826531192553953,0.0030369936128411008,0.0006440903057047692,60994491847.35909,21198000000.0,9.193348208257746e-05,2017-06-30,0
101336,2017-08-18,5.699259751049607,0.00016826531192553953,0.0030369936128411008,0.0006440903057047692,61698940796.563484,21198000000.0,8.493960348848388e-05,2017-06-30,0
101336,2017-08-25,5.699259751049607,0.00016826531192553953,0.0030369936128411008,0.0006440903057047692,61631651237.28447,21198000000.0,8.558020814289454e-05,2017-06-30,0
101336,2017-09-01,5.699259751049607,0.00016826531192553953,0.0030369936128411008,0.0006440903057047692,62264087985.98775,21198000000.0,7.977425632223975e-05,2017-06-30,0
101336,2017-09-08,5.699259751049607,0.00016826531192553953,0.0030369936128411008,0.0006440903057047692,62874065712.22794,21198000000.0,7.460483265818183e-05,2017-06-30,0
101336,2017-09-15,5.699259751049607,0.00016826531192553953,0.0030369936128411008,0.0006440903057047692,64016205245.82042,21198000000.0,6.593816139474007e-05,2017-06-30,0
101336,2017-09-22,5.699259751049607,0.00016826531192553953,0.0030369936128411008,0.0006440903057047692,64437085921.262695,21198000000.0,6.304434096213433e-05,2017-06-30,0
101336,2017-09-29,5.699297063657815,8.41062843464276e-05,0.0028393533177058206,0.0025509842830064404,65289560789.6175,21198000000.0,2.610510098187105e-05,2017-09-30,1
101361,2015-12-31,14.656430270347068,-0.0038579953041015928,0.004112580480724823,0.0025320580954759217,14615090565.63706,5246000000.0,1.2645573997022583e-08,2015-12-31,1
101361,2016-01-01,14.656430270347068,-0.0038579953041015928,0.004112580480724823,0.0025320580954759217,14615090565.63706,5246000000.0,1.2645573997022583e-08,2015-12-31,0
101361,2016-01-08,14.656430270347068,-0.0038579953041015928,0.004112580480724823,0.0025320580954759217,14346927951.70519,5246000000.0,1.6896004765299405e-08,2015-12-31,0
101361,2016-01-15,14.656430270347068,-0.0038579953041015928,0.004112580480724823,0.0025320580954759217,14169454425.440983,5246000000.0,2.053150708236097e-08,2015-12-31,0
101361,2016-01-22,14.656430270347068,-0.0038579953041015928,0.004112580480724823,0.0025320580954759217,14414701739.032238,5246000000.0,1.5694569332048483e-08,2015-12-31,0
101361,2016-01-29,14.656430270347068,-0.0038579953041015928,0.004112580480724823,0.0025320580954759217,14731145973.934689,5246000000.0,1.1174200461678721e-08,2015-12-31,0
101361,2016-02-05,14.656430270347068,-0.0038579953041015928,0.004112580480724823,0.0025320580954759217,14290821742.48377,5246000000.0,1.7964819794057496e-08,2015-12-31,0
101361,2016-02-12,14.656430270347068,-0.0038579953041015928,0.004112580480724823,0.0025320580954759217,13985776485.824732,5246000000.0,2.518745877644436e-08,2015-12-31,0
101361,2016-02-19,14.656430270347068,-0.0038579953041015928,0.004112580480724823,0.0025320580954759217,14639642797.73817,5246000000.0,1.2317894423003527e-08,2015-12-31,0
101361,2016-02-26,14.656430270347068,-0.0038579953041015928,0.004112580480724823,0.0025320580954759217,15482652313.571064,5246000000.0,5.136013405084061e-09,2015-12-31,0
101361,2016-03-04,14.656430270347068,-0.0038579953041015928,0.004112580480724823,0.0025320580954759217,15611224918.49776,5246000000.0,4.514130817297429e-09,2015-12-31,0
101361,2016-03-11,14.656430270347068,-0.0038579953041015928,0.004112580480724823,0.0025320580954759217,16017588777.950956,5622000000.0,8.907572642714343e-09,2015-12-31,0
101361,2016-03-18,14.656430270347068,-0.0038579953041015928,0.004112580480724823,0.0025320580954759217,16069005599.747301,5622000000.0,8.472423118177941e-09,2015-12-31,0
101361,2016-03-25,14.656430270347068,-0.0038579953041015928,0.004112580480724823,0.0025320580954759217,16271129983.024408,5622000000.0,6.9693680246452715e-09,2015-12-31,0
101361,2016-03-31,13.361172326115591,0.00033038534469437015,0.004122192952590671,0.0033688567464169794,16239907521.26529,5622000000.0,1.4638049868051804e-08,2016-03-31,1
101361,2016-04-01,13.361172326115591,0.00033038534469437015,0.004122192952590671,0.0033688567464169794,16161308500.730045,5622000000.0,1.569128821946985e-08,2016-03-31,0
101361,2016-04-08,13.361172326115591,0.00033038534469437015,0.004122192952590671,0.0033688567464169794,16300013077.349936,5622000000.0,1.3883854990148284e-08,2016-03-31,0
101361,2016-04-15,13.361172326115591,0.00033038534469437015,0.004122192952590671,0.0033688567464169794,16371621431.865467,5622000000.0,1.3039324441779871e-08,2016-03-31,0
101361,2016-04-22,13.361172326115591,0.00033038534469437015,0.004122192952590671,0.0033688567464169794,15992792681.52984,5622000000.0,1.8233589678959218e-08,2016-03-31,0
101361,2016-04-29,13.361172326115591,0.00033038534469437015,0.004122192952590671,0.0033688567464169794,15684740418.794233,5622000000.0,2.4096527440065306e-08,2016-03-31,0
101361,2016-05-06,13.361172326115591,0.00033038534469437015,0.004122192952590671,0.0033688567464169794,15745540286.763256,5622000000.0,2.27961575754328e-08,2016-03-31,0
101361,2016-05-13,13.361172326115591,0.00033038534469437015,0.004122192952590671,0.0033688567464169794,15907481030.104221,5622000000.0,1.9686108456595234e-08,2016-03-31,0
101361,2016-05-20,13.361172326115591,0.00033038534469437015,0.004122192952590671,0.0033688567464169794,16159854044.618954,5622000000.0,1.5711528049100125e-08,2016-03-31,0
101361,2016-05-27,13.361172326115591,0.00033038534469437015,0.004122192952590671,0.0033688567464169794,16476070196.187616,5622000000.0,1.1904799127452348e-08,2016-03-31,0
101361,2016-06-03,13.361172326115591,0.00033038534469437015,0.004122192952590671,0.0033688567464169794,16527537279.495916,5622000000.0,1.138512715827876e-08,2016-03-31,0
101361,2016-06-10,13.361172326115591,0.00033038534469437015,0.004122192952590671,0.0033688567464169794,15999739914.721712,5622000000.0,1.812047516404923e-08,2016-03-31,0
101361,2016-06-17,13.361172326115591,0.00033038534469437015,0.004122192952590671,0.0033688567464169794,15741247071.848976,5622000000.0,2.288546370979842e-08,2016-03-31,0
101361,2016-06-24,13.361172326115591,0.00033038534469437015,0.004122192952590671,0.0033688567464169794,15922414107.950602,5622000000.0,1.942315395312457e-08,2016-03-31,0
101361,2016-06-30,12.768845943772762,0.0004915352019710956,0.004380063100795154,0.0032753690841087254,16695954397.463734,5622000000.0,2.4713712515929806e-08,2016-06-30,1
101361,2016-07-01,12.768845943772762,0.0004915352019710956,0.004380063100795154,0.0032753690841087254,16738386098.257938,5622000000.0,2.386931550952387e-08,2016-06-30,0
101361,2016-07-08,12.768845943772762,0.0004915352019710956,0.004380063100795154,0.0032753690841087254,16590174087.337547,5622000000.0,2.696192510217034e-08,2016-06-30,0
101361,2016-07-15,12.768845943772762,0.0004915352019710956,0.004380063100795154,0.0032753690841087254,16946873833.42608,5622000000.0,2.0147853827907948e-08,2016-06-30,0
101361,2016-07-22,12.768845943772762,0.0004915352019710956,0.004380063100795154,0.0032753690841087254,17102513768.775545,5622000000.0,1.777816818654369e-08,2016-06-30,0
101361,2016-07-29,12.768845943772762,0.0004915352019710956,0.004380063100795154,0.0032753690841087254,17016899631.383331,5622000000.0,1.9042124844166875e-08,2016-06-30,0
101361,2016-08-05,12.768845943772762,0.0004915352019710956,0.004380063100795154,0.0032753690841087254,17069853780.018717,5622000000.0,1.8249358089405365e-08,2016-06-30,0
101361,2016-08-12,12.768845943772762,0.0004915352019710956,0.004380063100795154,0.0032753690841087254,17254178447.133106,5622000000.0,1.5755228284538826e-08,2016-06-30,0
101361,2016-08-19,12.768845943772762,0.0004915352019710956,0.004380063100795154,0.0032753690841087254,17069180307.459002,5622000000.0,1.8259214635684205e-08,2016-06-30,0
101361,2016-08-26,12.768845943772762,0.0004915352019710956,0.004380063100795154,0.0032753690841087254,17057140685.670506,5622000000.0,1.8436389223814932e-08,2016-06-30,0
101361,2016-09-02,12.768845943772762,0.0004915352019710956,0.004380063100795154,0.0032753690841087254,17273923356.87301,5622000000.0,1.5510648811692194e-08,2016-06-30,0
101361,2016-09-09,12.768845943772762,0.0004915352019710956,0.004380063100795154,0.0032753690841087254,17036450113.142567,5622000000.0,1.874520610606132e-08,2016-06-30,0
101361,2016-09-16,12.768845943772762,0.0004915352019710956,0.004380063100795154,0.0032753690841087254,16944971487.405672,5622000000.0,2.017884001093834e-08,2016-06-30,0
101361,2016-09-23,12.768845943772762,0.0004915352019710956,0.004380063100795154,0.0032753690841087254,17189564783.854683,5622000000.0,1.6585037862275002e-08,2016-06-30,0
101361,2016-09-30,12.221878275899273,0.0010450972890882198,0.003986537781930312,0.003791773536236581,17163481530.995878,5622000000.0,1.6169210655986067e-08,2016-09-30,1
101361,2016-10-07,12.221878275899273,0.0010450972890882198,0.003986537781930312,0.003791773536236581,16574230743.275229,5622000000.0,2.5616762771889906e-08,2016-09-30,0
101361,2016-10-14,12.221878275899273,0.0010450972890882198,0.003986537781930312,0.003791773536236581,16592001628.753193,5622000000.0,2.5257465099306052e-08,2016-09-30,0
101361,2016-10-21,12.221878275899273,0.0010450972890882198,0.003986537781930312,0.003791773536236581,16609090938.8897,5622000000.0,2.491707293073813e-08,2016-09-30,0
101361,2016-10-28,12.221878275899273,0.0010450972890882198,0.003986537781930312,0.003791773536236581,16346363019.355103,5622000000.0,3.074668807245486e-08,2016-09-30,0
101361,2016-11-04,12.221878275899273,0.0010450972890882198,0.003986537781930312,0.003791773536236581,15545160117.6526,5622000000.0,5.970403034093815e-08,2016-09-30,0
101361,2016-11-11,12.221878275899273,0.0010450972890882198,0.003986537781930312,0.003791773536236581,15022791967.63003,5622000000.0,9.384535844995522e-08,2016-09-30,0
101361,2016-11-18,12.221878275899273,0.0010450972890882198,0.003986537781930312,0.003791773536236581,15578721623.899748,5622000000.0,5.802591834706653e-08,2016-09-30,0
101361,2016-11-25,12.221878275899273,0.0010450972890882198,0.003986537781930312,0.003791773536236581,16023495988.785995,5622000000.0,4.000573485278996e-08,2016-09-30,0
101361,2016-12-02,12.221878275899273,0.0010450972890882198,0.003986537781930312,0.003791773536236581,15342818551.487688,5622000000.0,7.09987550659594e-08,2016-09-30,0
101361,2016-12-09,12.221878275899273,0.0010450972890882198,0.003986537781930312,0.003791773536236581,15783590360.785257,5622000000.0,4.882493055133709e-08,2016-09-30,0
101361,2016-12-16,12.221878275899273,0.0010450972890882198,0.003986537781930312,0.003791773536236581,15851430695.29119,5622000000.0,4.61356822184972e-08,2016-09-30,0
101361,2016-12-23,12.221878275899273,0.0010450972890882198,0.003986537781930312,0.003791773536236581,16051443150.577013,5622000000.0,3.9095938624471905e-08,2016-09-30,0
101361,2016-12-30,12.01388869043633,-0.0001290789646618407,0.004760857986774216,0.0020964986278365046,16059714238.670517,5622000000.0,2.705348275847177e-07,2016-12-31,1
101361,2017-01-06,12.01388869043633,-0.0001290789646618407,0.004760857986774216,0.0020964986278365046,16155164672.18242,5622000000.0,2.5052920067108866e-07,2016-12-31,0
101361,2017-01-13,12.01388869043633,-0.0001290789646618407,0.004760857986774216,0.0020964986278365046,16375527957.378538,5622000000.0,2.1018765344713952e-07,2016-12-31,0
101361,2017-01-20,12.01388869043633,-0.0001290789646618407,0.004760857986774216,0.0020964986278365046,16333381499.931906,5622000000.0,2.1732416300288984e-07,2016-12-31,0
101361,2017-01-27,12.01388869043633,-0.0001290789646618407,0.004760857986774216,0.0020964986278365046,16166753778.00312,5622000000.0,2.482111808630069e-07,2016-12-31,0
101361,2017-02-03,12.01388869043633,-0.0001290789646618407,0.004760857986774216,0.0020964986278365046,16521550233.987322,5622000000.0,1.8735518720456287e-07,2016-12-31,0
101361,2017-02-10,12.01388869043633,-0.0001290789646618407,0.004760857986774216,0.0020964986278365046,16866185566.042896,5622000000.0,1.434146198463653e-07,2016-12-31,0
101361,2017-02-17,12.01388869043633,-0.0001290789646618407,0.004760857986774216,0.0020964986278365046,16937755818.277325,5622000000.0,1.3576820674516303e-07,2016-12-31,0
101361,2017-02-24,12.01388869043633,-0.0001290789646618407,0.004760857986774216,0.0020964986278365046,17265908984.45369,5622000000.0,1.0592941868747906e-07,2016-12-31,0
101361,2017-03-03,12.01388869043633,-0.0001290789646618407,0.004760857986774216,0.0020964986278365046,17224200082.91621,5622000000.0,1.0929422252634301e-07,2016-12-31,0
101361,2017-03-10,12.01388869043633,-0.0001290789646618407,0.004760857986774216,0.0020964986278365046,17640026380.146244,6187000000.0,2.77304918862055e-07,2016-12-31,0
101361,2017-03-17,12.01388869043633,-0.0001290789646618407,0.004760857986774216,0.0020964986278365046,17852583982.679825,6187000000.0,2.3742246363080304e-07,2016-12-31,0
101361,2017-03-24,12.01388869043633,-0.0001290789646618407,0.004760857986774216,0.0020964986278365046,17805382272.79404,6187000000.0,2.4571094851871963e-07,2016-12-31,0
101361,2017-03-31,11.490213914457339,-0.000168115963230281,0.004514285652531606,0.0020940686261259863,17996580781.638874,6187000000.0,3.040013652927061e-07,2017-03-31,1
101361,2017-04-07,11.490213914457339,-0.000168115963230281,0.004514285652531606,0.0020940686261259863,18065601694.14966,6187000000.0,2.8983458116503044e-07,2017-03-31,0
101361,2017-04-14,11.490213914457339,-0.000168115963230281,0.004514285652531606,0.0020940686261259863,18144165330.634617,6187000000.0,2.745743919329181e-07,2017-03-31,0
101361,2017-04-21,11.490213914457339,-0.000168115963230281,0.004514285652531606,0.0020940686261259863,17991570774.648243,6187000000.0,3.050585186598081e-07,2017-03-31,0
101361,2017-04-28,11.490213914457339,-0.000168115963230281,0.004514285652531606,0.0020940686261259863,18005599520.996326,6187000000.0,3.0210833052860814e-07,2017-03-31,0
101361,2017-05-05,11.490213914457339,-0.000168115963230281,0.004514285652531606,0.0020940686261259863,18195400184.768345,6187000000.0,2.6509302999036175e-07,2017-03-31,0
101361,2017-05-12,11.490213914457339,-0.000168115963230281,0.004514285652531606,0.0020940686261259863,18135677836.124817,6187000000.0,2.761802505679961e-07,2017-03-31,0
101361,2017-05-19,11.490213914457339,-0.000168115963230281,0.004514285652531606,0.0020940686261259863,18219929911.323326,6187000000.0,2.6067978842213406e-07,2017-03-31,0
101361,2017-05-26,11.490213914457339,-0.000168115963230281,0.004514285652531606,0.0020940686261259863,18055380653.737556,6187000000.0,2.9188656311683266e-07,2017-03-31,0
101361,2017-06-02,11.490213914457339,-0.000168115963230281,0.004514285652531606,0.0020940686261259863,17982250522.446728,6187000000.0,3.070357872530108e-07,2017-03-31,0
101361,2017-06-09,11.490213914457339,-0.000168115963230281,0.004514285652531606,0.0020940686261259863,17829742953.33515,6187000000.0,3.414432997744301e-07,2017-03-31,0
101361,2017-06-16,11.490213914457339,-0.000168115963230281,0.004514285652531606,0.0020940686261259863,18090783429.33061,6187000000.0,2.848454944417837e-07,2017-03-31,0
101361,2017-06-23,11.490213914457339,-0.000168115963230281,0.004514285652531606,0.0020940686261259863,18031808838.846203,6187000000.0,2.966791419420656e-07,2017-03-31,0
101361,2017-06-30,11.081383305406844,-0.00021344048019068937,0.003991183599279074,0.00261538714397327,17417312638.28345,6187000000.0,3.3989397585703866e-07,2017-06-30,1
101361,2017-07-07,11.081383305406844,-0.00021344048019068937,0.003991183599279074,0.00261538714397327,17243024034.496456,6187000000.0,3.8396320035426917e-07,2017-06-30,0
101361,2017-07-14,11.081383305406844,-0.00021344048019068937,0.003991183599279074,0.00261538714397327,17445507491.18565,6187000000.0,3.3329664083113894e-07,2017-06-30,0
101361,2017-07-21,11.081383305406844,-0.00021344048019068937,0.003991183599279074,0.00261538714397327,17402067890.188614,6187000000.0,3.4352013226696054e-07,2017-06-30,0
101361,2017-07-28,11.081383305406844,-0.00021344048019068937,0.003991183599279074,0.00261538714397327,17458091332.71663,6187000000.0,3.303971848937429e-07,2017-06-30,0
101361,2017-08-04,11.081383305406844,-0.00021344048019068937,0.003991183599279074,0.00261538714397327,17582842307.513702,6187000000.0,3.0309150851622514e-07,2017-06-30,0
101361,2017-08-11,11.081383305406844,-0.00021344048019068937,0.003991183599279074,0.00261538714397327,17314766757.696007,6187000000.0,3.651128513733586e-07,2017-06-30,0
101361,2017-08-18,11.081383305406844,-0.00021344048019068937,0.003991183599279074,0.00261538714397327,17414507845.50618,6187000000.0,3.4055799506238615e-07,2017-06-30,0
101361,2017-08-25,11.081383305406844,-0.00021344048019068937,0.003991183599279074,0.00261538714397327,17278402540.437042,6187000000.0,3.745385823545439e-07,2017-06-30,0
101361,2017-09-01,11.081383305406844,-0.00021344048019068937,0.003991183599279074,0.00261538714397327,17381041922.944733,6187000000.0,3.4859060407632396e-07,2017-06-30,0
101361,2017-09-08,11.081383305406844,-0.00021344048019068937,0.003991183599279074,0.00261538714397327,17573383526.86969,6187000000.0,3.050734284579246e-07,2017-06-30,0
101361,2017-09-15,11.081383305406844,-0.00021344048019068937,0.003991183599279074,0.00261538714397327,17804607897.935616,6187000000.0,2.6041460498270477e-07,2017-06-30,0
101361,2017-09-22,11.081383305406844,-0.00021344048019068937,0.003991183599279074,0.00261538714397327,17601767791.32206,6187000000.0,2.9916790074030664e-07,2017-06-30,0
101361,2017-09-29,10.884808855918413,-0.00047082587241536664,0.0036155021217802686,0.002477987714249231,17583566703.399147,6187000000.0,3.070161284700638e-07,2017-09-30,1
101361,2017-10-06,10.884808855918413,-0.00047082587241536664,0.0036155021217802686,0.002477987714249231,17753905088.137848,6187000000.0,2.7360524673907816e-07,2017-09-30,0
101361,2017-10-13,10.884808855918413,-0.00047082587241536664,0.0036155021217802686,0.002477987714249231,17930684314.884045,6187000000.0,2.430700317404877e-07,2017-09-30,0
101361,2017-10-20,10.884808855918413,-0.00047082587241536664,0.0036155021217802686,0.002477987714249231,18199059104.358482,6187000000.0,2.0357655288329592e-07,2017-09-30,0
101361,2017-10-27,10.884808855918413,-0.00047082587241536664,0.0036155021217802686,0.002477987714249231,18349925930.3677,6187000000.0,1.8448734195770314e-07,2017-09-30,0
101361,2017-11-03,10.884808855918413,-0.00047082587241536664,0.0036155021217802686,0.002477987714249231,18582274327.60459,6187000000.0,1.587936244025144e-07,2017-09-30,0
101361,2017-11-10,10.884808855918413,-0.00047082587241536664,0.0036155021217802686,0.002477987714249231,18567257720.67401,6187000000.0,1.6033063422820574e-07,2017-09-30,0
101361,2017-11-17,10.884808855918413,-0.00047082587241536664,0.0036155021217802686,0.002477987714249231,18491013394.134735,6187000000.0,1.6838858427497944e-07,2017-09-30,0
101361,2017-11-24,10.884808855918413,-0.00047082587241536664,0.0036155021217802686,0.002477987714249231,18676222757.36151,6187000000.0,1.4953437019475592e-07,2017-09-30,0
101361,2017-12-01,10.884808855918413,-0.00047082587241536664,0.0036155021217802686,0.002477987714249231,18796095904.060585,6187000000.0,1.385637929822336e-07,2017-09-30,0
101361,2017-12-08,10.884808855918413,-0.00047082587241536664,0.0036155021217802686,0.002477987714249231,18936419168.9365,6187000000.0,1.2682223376358678e-07,2017-09-30,0
101361,2017-12-15,10.884808855918413,-0.00047082587241536664,0.0036155021217802686,0.002477987714249231,19116717892.323914,6187000000.0,1.1329887638207625e-07,2017-09-30,0
101361,2017-12-22,10.884808855918413,-0.00047082587241536664,0.0036155021217802686,0.002477987714249231,19073092781.679424,6187000000.0,1.1642050499744701e-07,2017-09-30,0
101361,2017-12-29,10.764534690945935,-0.0003941346694217409,0.0033436502021738927,0.0024497942265705283,18855798185.87444,6187000000.0,1.2604876369119043e-07,2017-12-31,1
101361,2018-01-05,10.764534690945935,-0.0003941346694217409,0.0033436502021738927,0.0024497942265705283,19162536227.18241,6187000000.0,1.0419463473734118e-07,2017-12-31,0
101361,2018-01-12,10.764534690945935,-0.0003941346694217409,0.0033436502021738927,0.0024497942265705283,18635077708.17589,6187000000.0,1.4485363134923732e-07,2017-12-31,0
101361,2018-01-19,10.764534690945935,-0.0003941346694217409,0.0033436502021738927,0.0024497942265705283,18734977205.44973,6187000000.0,1.3598865638745038e-07,2017-12-31,0
101361,2018-01-26,10.764534690945935,-0.0003941346694217409,0.0033436502021738927,0.0024497942265705283,18521382116.165276,6187000000.0,1.5571631925115219e-07,2017-12-31,0
101361,2018-02-02,10.764534690945935,-0.0003941346694217409,0.0033436502021738927,0.0024497942265705283,18452525549.75302,6187000000.0,1.6272458337450711e-07,2017-12-31,0
101361,2018-02-09,10.764534690945935,-0.0003941346694217409,0.0033436502021738927,0.0024497942265705283,17739460964.820778,6187000000.0,2.594315544027433e-07,2017-12-31,0
101361,2018-02-16,10.764534690945935,-0.0003941346694217409,0.0033436502021738927,0.0024497942265705283,17802988728.18301,6187000000.0,2.486721906866306e-07,2017-12-31,0
101361,2018-02-23,10.764534690945935,-0.0003941346694217409,0.0033436502021738927,0.0024497942265705283,18674495282.296143,6187000000.0,1.4128269970727468e-07,2017-12-31,0
101361,2018-03-02,10.764534690945935,-0.0003941346694217409,0.0033436502021738927,0.0024497942265705283,17906170640.9181,6187000000.0,2.3221886023283643e-07,2017-12-31,0
101361,2018-03-09,10.764534690945935,-0.0003941346694217409,0.0033436502021738927,0.0024497942265705283,18362149017.586575,6187000000.0,1.724498464225946e-07,2017-12-31,0
101361,2018-03-16,10.764534690945935,-0.0003941346694217409,0.0033436502021738927,0.0024497942265705283,18484589082.02207,6161000000.0,1.5167940050519458e-07,2017-12-31,0
101361,2018-03-23,10.764534690945935,-0.0003941346694217409,0.0033436502021738927,0.0024497942265705283,18397920162.12069,6161000000.0,1.6034247629996364e-07,2017-12-31,0
101361,2018-03-30,10.694436629911944,-0.0011047577654213422,0.003266983059127048,0.0014252950211941576,18742911076.96955,6161000000.0,2.456733073101899e-07,2018-03-31,1
101361,2018-04-06,10.694436629911944,-0.0011047577654213422,0.003266983059127048,0.0014252950211941576,18768008856.515587,6161000000.0,2.4183086115917326e-07,2018-03-31,0
101361,2018-04-13,10.694436629911944,-0.0011047577654213422,0.003266983059127048,0.0014252950211941576,18822833999.45899,6161000000.0,2.3366314319234968e-07,2018-03-31,0
101361,2018-04-20,10.694436629911944,-0.0011047577654213422,0.003266983059127048,0.0014252950211941576,19112059989.02712,6161000000.0,1.9526809443614925e-07,2018-03-31,0
101361,2018-04-27,10.694436629911944,-0.0011047577654213422,0.003266983059127048,0.0014252950211941576,19089395988.178894,6161000000.0,1.9801346778375274e-07,2018-03-31,0
101361,2018-05-04,10.694436629911944,-0.0011047577654213422,0.003266983059127048,0.0014252950211941576,19416514596.67772,6161000000.0,1.6214818119368562e-07,2018-03-31,0
101361,2018-05-11,10.694436629911944,-0.0011047577654213422,0.003266983059127048,0.0014252950211941576,19686591245.20487,6161000000.0,1.3785586875738026e-07,2018-03-31,0
101361,2018-05-18,10.694436629911944,-0.0011047577654213422,0.003266983059127048,0.0014252950211941576,19674699451.104893,6161000000.0,1.3883763618533996e-07,2018-03-31,0
101361,2018-05-25,10.694436629911944,-0.0011047577654213422,0.003266983059127048,0.0014252950211941576,19877596430.459476,6161000000.0,1.2308131361903594e-07,2018-03-31,0
101361,2018-06-01,10.694436629911944,-0.0011047577654213422,0.003266983059127048,0.0014252950211941576,19926071716.881,6161000000.0,1.19612637156859e-07,2018-03-31,0
101361,2018-06-08,10.694436629911944,-0.0011047577654213422,0.003266983059127048,0.0014252950211941576,20122580629.188683,6161000000.0,1.0660435353962721e-07,2018-03-31,0
101361,2018-06-15,10.694436629911944,-0.0011047577654213422,0.003266983059127048,0.0014252950211941576,20187899300.29338,6161000000.0,1.026287402825804e-07,2018-03-31,0
101361,2018-06-22,10.694436629911944,-0.0011047577654213422,0.003266983059127048,0.0014252950211941576,20340732859.402737,6161000000.0,9.394381794418628e-08,2018-03-31,0
101361,2018-06-29,10.585347179274113,-0.001883054987207413,0.002739041428095229,0.001815325408858304,20215463240.077213,6161000000.0,5.886453657046235e-08,2018-06-30,1
101361,2018-07-06,10.585347179274113,-0.001883054987207413,0.002739041428095229,0.001815325408858304,20450452622.320824,6161000000.0,5.1462921805039675e-08,2018-06-30,0
101361,2018-07-13,10.585347179274113,-0.001883054987207413,0.002739041428095229,0.001815325408858304,20934407757.141224,6161000000.0,3.922066572879514e-08,2018-06-30,0
101361,2018-07-20,10.585347179274113,-0.001883054987207413,0.002739041428095229,0.001815325408858304,21300109773.368473,6161000000.0,3.2082271162600765e-08,2018-06-30,0
101361,2018-07-27,10.585347179274113,-0.001883054987207413,0.002739041428095229,0.001815325408858304,21277335803.74294,6161000000.0,3.248269752970546e-08,2018-06-30,0
101361,2018-08-03,10.585347179274113,-0.001883054987207413,0.002739041428095229,0.001815325408858304,21711671382.612907,6161000000.0,2.5701018740429198e-08,2018-06-30,0
101361,2018-08-10,10.585347179274113,-0.001883054987207413,0.002739041428095229,0.001815325408858304,22014132804.992455,6161000000.0,2.189726632944401e-08,2018-06-30,0
101361,2018-08-17,10.585347179274113,-0.001883054987207413,0.002739041428095229,0.001815325408858304,22066487824.095306,6161000000.0,2.1303540298975538e-08,2018-06-30,0
101361,2018-08-24,10.585347179274113,-0.001883054987207413,0.002739041428095229,0.001815325408858304,22146062870.047718,6161000000.0,2.0434501007396888e-08,2018-06-30,0
101361,2018-08-31,10.585347179274113,-0.001883054987207413,0.002739041428095229,0.001815325408858304,22053782062.40053,6161000000.0,2.144599646927845e-08,2018-06-30,0
101361,2018-09-07,10.585347179274113,-0.001883054987207413,0.002739041428095229,0.001815325408858304,21761391936.954754,6161000000.0,2.5029114560547964e-08,2018-06-30,0
101361,2018-09-14,10.585347179274113,-0.001883054987207413,0.002739041428095229,0.001815325408858304,21626874823.417145,6161000000.0,2.6892788402081577e-08,2018-06-30,0
101361,2018-09-21,10.585347179274113,-0.001883054987207413,0.002739041428095229,0.001815325408858304,21336981958.829407,6161000000.0,3.144533488456922e-08,2018-06-30,0
101361,2018-09-28,10.571081770449892,-0.0015853514210553343,0.002697204044055902,0.002654128914430041,21784152129.395554,6161000000.0,1.4668103791405484e-08,2018-09-30,1
101361,2018-10-05,10.571081770449892,-0.0015853514210553343,0.002697204044055902,0.002654128914430041,20667133638.73057,6161000000.0,2.6949988500022712e-08,2018-09-30,0
101361,2018-10-12,10.571081770449892,-0.0015853514210553343,0.002697204044055902,0.002654128914430041,19894821816.05179,6161000000.0,4.1898864604661305e-08,2018-09-30,0
101361,2018-10-19,10.571081770449892,-0.0015853514210553343,0.002697204044055902,0.002654128914430041,20863285511.937096,6161000000.0,2.4159686186753293e-08,2018-09-30,0
101361,2018-10-26,10.571081770449892,-0.0015853514210553343,0.002697204044055902,0.002654128914430041,20522997149.5064,6161000000.0,2.922424219994665e-08,2018-09-30,0
101361,2018-11-02,10.571081770449892,-0.0015853514210553343,0.002697204044055902,0.002654128914430041,20115588870.122917,6161000000.0,3.686607460280607e-08,2018-09-30,0
101361,2018-11-09,10.571081770449892,-0.0015853514210553343,0.002697204044055902,0.002654128914430041,20788753024.809036,6161000000.0,2.5180931571770354e-08,2018-09-30,0
101361,2018-11-16,10.571081770449892,-0.0015853514210553343,0.002697204044055902,0.002654128914430041,20828053363.240738,6161000000.0,2.4636689525574257e-08,2018-09-30,0
101361,2018-11-23,10.571081770449892,-0.0015853514210553343,0.002697204044055902,0.002654128914430041,20956285845.47576,6161000000.0,2.2948299508451846e-08,2018-09-30,0
101361,2018-11-30,10.571081770449892,-0.0015853514210553343,0.002697204044055902,0.002654128914430041,21118477428.985237,6161000000.0,2.0991232808841274e-08,2018-09-30,0
101361,2018-12-07,10.571081770449892,-0.0015853514210553343,0.002697204044055902,0.002654128914430041,20912149772.649246,6161000000.0,2.351472468764947e-08,2018-09-30,0
101361,2018-12-14,10.571081770449892,-0.0015853514210553343,0.002697204044055902,0.002654128914430041,21070558996.06364,6161000000.0,2.1549764907185676e-08,2018-09-30,0
101361,2018-12-21,10.571081770449892,-0.0015853514210553343,0.002697204044055902,0.002654128914430041,20411756460.476116,6161000000.0,3.112268799904284e-08,2018-09-30,0
101361,2018-12-28,10.571081770449892,-0.0015853514210553343,0.002697204044055902,0.002654128914430041,20545604505.269646,6161000000.0,2.8854091002597464e-08,2018-09-30,0
101361,2018-12-31,10.569723564624306,-0.0011539552096847827,0.0027481734802072832,0.0023641292015204726,20657491249.26964,6161000000.0,3.374154218570585e-08,2018-12-31,1
101361,2019-01-04,10.569723564624306,-0.0011539552096847827,0.0027481734802072832,0.0023641292015204726,20523251826.84625,6161000000.0,3.638824751039424e-08,2018-12-31,0
101361,2019-01-11,10.569723564624306,-0.0011539552096847827,0.0027481734802072832,0.0023641292015204726,20997278907.644043,6161000000.0,2.7935004521463568e-08,2018-12-31,0
101361,2019-01-18,10.569723564624306,-0.0011539552096847827,0.0027481734802072832,0.0023641292015204726,21125494035.904045,6161000000.0,2.6035445845637782e-08,2018-12-31,0
101361,2019-01-25,10.569723564624306,-0.0011539552096847827,0.0027481734802072832,0.0023641292015204726,21242284237.884674,6161000000.0,2.442737474267593e-08,2018-12-31,0
101361,2019-02-01,10.569723564624306,-0.0011539552096847827,0.0027481734802072832,0.0023641292015204726,21437285685.46929,6161000000.0,2.1978751556348092e-08,2018-12-31,0
101361,2019-02-08,10.569723564624306,-0.0011539552096847827,0.0027481734802072832,0.0023641292015204726,21681599746.101982,6161000000.0,1.928174835093776e-08,2018-12-31,0
101361,2019-02-15,10.569723564624306,-0.0011539552096847827,0.0027481734802072832,0.0023641292015204726,21860190359.89165,6161000000.0,1.7539248669244876e-08,2018-12-31,0
101361,2019-02-22,10.569723564624306,-0.0011539552096847827,0.0027481734802072832,0.0023641292015204726,22431905654.3945,6161000000.0,1.3021747494626338e-08,2018-12-31,0
101361,2019-03-01,10.569723564624306,-0.0011539552096847827,0.0027481734802072832,0.0023641292015204726,22346626072.405922,6161000000.0,1.3606317235376478e-08,2018-12-31,0
101361,2019-03-08,10.569723564624306,-0.0011539552096847827,0.0027481734802072832,0.0023641292015204726,22265332053.674088,6063000000.0,1.179556878373387e-08,2018-12-31,0
101361,2019-03-15,10.569723564624306,-0.0011539552096847827,0.0027481734802072832,0.0023641292015204726,22746373275.468483,6063000000.0,9.221763379678156e-09,2018-12-31,0
101361,2019-03-22,10.569723564624306,-0.0011539552096847827,0.0027481734802072832,0.0023641292015204726,22428481076.579155,6063000000.0,1.0844043779946551e-08,2018-12-31,0
101361,2019-03-29,10.550908262360336,-0.0010969686596532325,0.002829346384882763,0.0023780646460082656,23078928862.689404,6063000000.0,8.507437415870258e-09,2019-03-31,1
101361,2019-04-05,10.550908262360336,-0.0010969686596532325,0.002829346384882763,0.0023780646460082656,23178622898.052307,6063000000.0,8.096781466558321e-09,2019-03-31,0
101361,2019-04-12,10.550908262360336,-0.0010969686596532325,0.002829346384882763,0.0023780646460082656,23155723001.410854,6063000000.0,8.189158474762394e-09,2019-03-31,0
101361,2019-04-19,10.550908262360336,-0.0010969686596532325,0.002829346384882763,0.0023780646460082656,23580884840.202408,6063000000.0,6.646453359734848e-09,2019-03-31,0
101361,2019-04-26,10.550908262360336,-0.0010969686596532325,0.002829346384882763,0.0023780646460082656,23475302773.726284,6063000000.0,6.99745763422391e-09,2019-03-31,0
101361,2019-05-03,10.550908262360336,-0.0010969686596532325,0.002829346384882763,0.0023780646460082656,23268439994.64942,6063000000.0,7.745289854587009e-09,2019-03-31,0
101361,2019-05-10,10.550908262360336,-0.0010969686596532325,0.002829346384882763,0.0023780646460082656,23023511216.35925,6063000000.0,8.745501302809048e-09,2019-03-31,0
101361,2019-05-17,10.550908262360336,-0.0010969686596532325,0.002829346384882763,0.0023780646460082656,23230470325.975296,6063000000.0,7.891806346784085e-09,2019-03-31,0
101361,2019-05-24,10.550908262360336,-0.0010969686596532325,0.002829346384882763,0.0023780646460082656,23593716615.18374,6063000000.0,6.6051213400233565e-09,2019-03-31,0
101361,2019-05-31,10.550908262360336,-0.0010969686596532325,0.002829346384882763,0.0023780646460082656,23595523794.75324,6063000000.0,6.59932286334704e-09,2019-03-31,0
101361,2019-06-07,10.550908262360336,-0.0010969686596532325,0.002829346384882763,0.0023780646460082656,24008787150.086002,6063000000.0,5.408421632739047e-09,2019-03-31,0
101361,2019-06-14,10.550908262360336,-0.0010969686596532325,0.002829346384882763,0.0023780646460082656,24098982002.97361,6063000000.0,5.181013234533887e-09,2019-03-31,0
101361,2019-06-21,10.550908262360336,-0.0010969686596532325,0.002829346384882763,0.0023780646460082656,24263539279.96294,6063000000.0,4.792536721042283e-09,2019-03-31,0
101361,2019-06-28,10.521496919697672,-0.0012338089388826729,0.002712104428860974,0.003215528217859879,24012494680.880013,6063000000.0,3.096270821611722e-09,2019-06-30,1
101361,2019-07-05,10.521496919697672,-0.0012338089388826729,0.002712104428860974,0.003215528217859879,23968494657.582764,6063000000.0,3.161741538576415e-09,2019-06-30,0
101361,2019-07-12,10.521496919697672,-0.0012338089388826729,0.002712104428860974,0.003215528217859879,23996446869.165096,6063000000.0,3.1199764215618183e-09,2019-06-30,0
101361,2019-07-19,10.521496919697672,-0.0012338089388826729,0.002712104428860974,0.003215528217859879,24339607261.864605,6063000000.0,2.6535097536604953e-09,2019-06-30,0
101361,2019-07-26,10.521496919697672,-0.0012338089388826729,0.002712104428860974,0.003215528217859879,24814650265.14192,6063000000.0,2.1288858887055262e-09,2019-06-30,0
101361,2019-08-02,10.521496919697672,-0.0012338089388826729,0.002712104428860974,0.003215528217859879,24217812737.996933,6063000000.0,2.8097202766285517e-09,2019-06-30,0
101361,2019-08-09,10.521496919697672,-0.0012338089388826729,0.002712104428860974,0.003215528217859879,24367390675.65009,6063000000.0,2.6192196136762583e-09,2019-06-30,0
101361,2019-08-16,10.521496919697672,-0.0012338089388826729,0.002712104428860974,0.003215528217859879,24106613827.57588,6063000000.0,2.9611378698515742e-09,2019-06-30,0
101361,2019-08-23,10.521496919697672,-0.0012338089388826729,0.002712104428860974,0.003215528217859879,23921561037.23096,6063000000.0,3.2332473149096544e-09,2019-06-30,0
101361,2019-08-30,10.521496919697672,-0.0012338089388826729,0.002712104428860974,0.003215528217859879,24443789414.55272,6063000000.0,2.527397604131258e-09,2019-06-30,0
101361,2019-09-06,10.521496919697672,-0.0012338089388826729,0.002712104428860974,0.003215528217859879,24732469511.9942,6063000000.0,2.21087950140294e-09,2019-06-30,0
101361,2019-09-13,10.521496919697672,-0.0012338089388826729,0.002712104428860974,0.003215528217859879,23672643288.048138,6063000000.0,3.6432261353708477e-09,2019-06-30,0
101361,2019-09-20,10.521496919697672,-0.0012338089388826729,0.002712104428860974,0.003215528217859879,24069677499.14726,6063000000.0,3.0133864565191173e-09,2019-06-30,0
101361,2019-09-27,10.521496919697672,-0.0012338089388826729,0.002712104428860974,0.003215528217859879,24609163201.40855,6063000000.0,2.3404441816830746e-09,2019-06-30,0
101361,2019-09-30,10.521487489536993,-0.0012907542189820348,0.00305956885500313,0.0032314975447637405,24844644241.257668,6063000000.0,2.7858860404061104e-09,2019-09-30,1
101361,2019-10-04,10.521487489536993,-0.0012907542189820348,0.00305956885500313,0.0032314975447637405,23942098901.714157,6063000000.0,4.245873983222388e-09,2019-09-30,0
101361,2019-10-11,10.521487489536993,-0.0012907542189820348,0.00305956885500313,0.0032314975447637405,23791312818.494156,6063000000.0,4.562912695359536e-09,2019-09-30,0
101361,2019-10-18,10.521487489536993,-0.0012907542189820348,0.00305956885500313,0.0032314975447637405,23440181234.445995,6063000000.0,5.406070947826089e-09,2019-09-30,0
101361,2019-10-25,10.521487489536993,-0.0012907542189820348,0.00305956885500313,0.0032314975447637405,23686532200.151745,6063000000.0,4.798409133775485e-09,2019-09-30,0
101361,2019-11-01,10.521487489536993,-0.0012907542189820348,0.00305956885500313,0.0032314975447637405,23735600668.41582,6063000000.0,4.686515249546856e-09,2019-09-30,0
101361,2019-11-08,10.521487489536993,-0.0012907542189820348,0.00305956885500313,0.0032314975447637405,23493287413.199886,6063000000.0,5.268300615704546e-09,2019-09-30,0
101361,2019-11-15,10.521487489536993,-0.0012907542189820348,0.00305956885500313,0.0032314975447637405,23767210556.782482,6063000000.0,4.615943490026445e-09,2019-09-30,0
101361,2019-11-22,10.521487489536993,-0.0012907542189820348,0.00305956885500313,0.0032314975447637405,23558504566.47565,6063000000.0,5.104330814359493e-09,2019-09-30,0
101361,2019-11-29,10.521487489536993,-0.0012907542189820348,0.00305956885500313,0.0032314975447637405,23891335450.41243,6063000000.0,4.34983805569069e-09,2019-09-30,0
101361,2019-12-06,10.521487489536993,-0.0012907542189820348,0.00305956885500313,0.0032314975447637405,23706953992.960155,6063000000.0,4.751489633390666e-09,2019-09-30,0
101361,2019-12-13,10.521487489536993,-0.0012907542189820348,0.00305956885500313,0.0032314975447637405,23341222609.712963,6063000000.0,5.673405633687772e-09,2019-09-30,0
101361,2019-12-20,10.521487489536993,-0.0012907542189820348,0.00305956885500313,0.0032314975447637405,23985938077.904385,6063000000.0,4.158271723132323e-09,2019-09-30,0
101361,2019-12-27,10.521487489536993,-0.0012907542189820348,0.00305956885500313,0.0032314975447637405,24057870291.478382,6063000000.0,4.018776678934473e-09,2019-09-30,0
101361,2019-12-31,10.505892651419273,-0.0010955420768386267,0.003264912300303428,0.002106342405607578,23854701765.969273,6063000000.0,1.0389759614997213e-08,2019-12-31,1
101361,2020-01-03,10.505892651419273,-0.0010955420768386267,0.003264912300303428,0.002106342405607578,23956593648.945095,6063000000.0,9.896816574218516e-09,2019-12-31,0
101361,2020-01-10,10.505892651419273,-0.0010955420768386267,0.003264912300303428,0.002106342405607578,24184841897.16618,6063000000.0,8.882721188601608e-09,2019-12-31,0
101361,2020-01-17,10.505892651419273,-0.0010955420768386267,0.003264912300303428,0.002106342405607578,24747042260.261658,6063000000.0,6.836801179592807e-09,2019-12-31,0
101361,2020-01-24,10.505892651419273,-0.0010955420768386267,0.003264912300303428,0.002106342405607578,25096692399.963764,6063000000.0,5.8276981249936856e-09,2019-12-31,0
101361,2020-01-31,10.505892651419273,-0.0010955420768386267,0.003264912300303428,0.002106342405607578,24646002477.08658,6063000000.0,7.16284877277094e-09,2019-12-31,0
101361,2020-02-07,10.505892651419273,-0.0010955420768386267,0.003264912300303428,0.002106342405607578,25283299172.90594,6063000000.0,5.356658359824445e-09,2019-12-31,0
101361,2020-02-14,10.505892651419273,-0.0010955420768386267,0.003264912300303428,0.002106342405607578,25185458903.34571,6063000000.0,5.598221812042115e-09,2019-12-31,0
101361,2020-02-21,10.505892651419273,-0.0010955420768386267,0.003264912300303428,0.002106342405607578,25190039212.194717,6063000000.0,5.58665163231437e-09,2019-12-31,0
101361,2020-02-28,10.505892651419273,-0.0010955420768386267,0.003264912300303428,0.002106342405607578,24214203842.283188,6063000000.0,8.760726180323221e-09,2019-12-31,0
101361,2020-03-06,10.505892651419273,-0.0010955420768386267,0.003264912300303428,0.002106342405607578,24698368604.828598,6063000000.0,6.991797893792786e-09,2019-12-31,0
101361,2020-03-13,10.505892651419273,-0.0010955420768386267,0.003264912300303428,0.002106342405607578,21815977825.040897,6395000000.0,5.317287387239692e-08,2019-12-31,0
101361,2020-03-20,10.505892651419273,-0.0010955420768386267,0.003264912300303428,0.002106342405607578,22100545768.38496,6395000000.0,4.581976028073293e-08,2019-12-31,0
101361,2020-03-27,10.505892651419273,-0.0010955420768386267,0.003264912300303428,0.002106342405607578,22717202151.66471,6395000000.0,3.3415223987105886e-08,2019-12-31,0
101361,2020-03-31,10.428188481333851,-0.0029893630928738263,0.0047748405231008905,0.0023504618432398554,23961765216.499805,6395000000.0,5.1245602971081154e-08,2020-03-31,1
101361,2020-04-03,10.428188481333851,-0.0029893630928738263,0.0047748405231008905,0.0023504618432398554,23249928260.444954,6395000000.0,7.198166443779165e-08,2020-03-31,0
101361,2020-04-10,10.428188481333851,-0.0029893630928738263,0.0047748405231008905,0.0023504618432398554,24355444333.78047,6395000000.0,4.265698258676475e-08,2020-03-31,0
101361,2020-04-17,10.428188481333851,-0.0029893630928738263,0.0047748405231008905,0.0023504618432398554,24695206532.04983,6395000000.0,3.650078645310426e-08,2020-03-31,0
101361,2020-04-24,10.428188481333851,-0.0029893630928738263,0.0047748405231008905,0.0023504618432398554,24928747475.955357,6395000000.0,3.283477794768719e-08,2020-03-31,0
101361,2020-05-01,10.428188481333851,-0.0029893630928738263,0.0047748405231008905,0.0023504618432398554,24759168249.632683,6395000000.0,3.545421298186576e-08,2020-03-31,0
101361,2020-05-08,10.428188481333851,-0.0029893630928738263,0.0047748405231008905,0.0023504618432398554,24859467183.04792,6395000000.0,3.387847275838425e-08,2020-03-31,0
101361,2020-05-15,10.428188481333851,-0.0029893630928738263,0.0047748405231008905,0.0023504618432398554,24192475666.101818,6395000000.0,4.60050719114217e-08,2020-03-31,0
101361,2020-05-22,10.428188481333851,-0.0029893630928738263,0.0047748405231008905,0.0023504618432398554,24884843552.215282,6395000000.0,3.3492035503506785e-08,2020-03-31,0
101361,2020-05-29,10.428188481333851,-0.0029893630928738263,0.0047748405231008905,0.0023504618432398554,26003126821.337574,6395000000.0,2.043911376254753e-08,2020-03-31,0
101361,2020-06-05,10.428188481333851,-0.0029893630928738263,0.0047748405231008905,0.0023504618432398554,24932132489.250633,6395000000.0,3.278469122260091e-08,2020-03-31,0
101361,2020-06-12,10.428188481333851,-0.0029893630928738263,0.0047748405231008905,0.0023504618432398554,24617236493.159805,6395000000.0,3.782245181765681e-08,2020-03-31,0
101361,2020-06-19,10.428188481333851,-0.0029893630928738263,0.0047748405231008905,0.0023504618432398554,25081943655.47141,6395000000.0,3.06494267364829e-08,2020-03-31,0
101361,2020-06-26,10.428188481333851,-0.0029893630928738263,0.0047748405231008905,0.0023504618432398554,25034137087.247787,6395000000.0,3.1313834416572886e-08,2020-03-31,0
101361,2020-06-30,10.019324320825387,-0.004463464366431921,0.005086230151774288,0.002092380127968768,25415949272.32132,6395000000.0,6.388703035253017e-08,2020-06-30,1
101361,2020-07-03,10.019324320825387,-0.004463464366431921,0.005086230151774288,0.002092380127968768,25535982127.728977,6395000000.0,6.071333132258791e-08,2020-06-30,0
101361,2020-07-10,10.019324320825387,-0.004463464366431921,0.005086230151774288,0.002092380127968768,25542016051.620033,6395000000.0,6.055841905837946e-08,2020-06-30,0
101361,2020-07-17,10.019324320825387,-0.004463464366431921,0.005086230151774288,0.002092380127968768,25792508825.114773,6395000000.0,5.449434947153996e-08,2020-06-30,0
101361,2020-07-24,10.019324320825387,-0.004463464366431921,0.005086230151774288,0.002092380127968768,24825755458.25629,6395000000.0,8.237941221631619e-08,2020-06-30,0
101361,2020-07-31,10.019324320825387,-0.004463464366431921,0.005086230151774288,0.002092380127968768,24690478185.083218,6395000000.0,8.739936277934685e-08,2020-06-30,0
101361,2020-08-07,10.019324320825387,-0.004463464366431921,0.005086230151774288,0.002092380127968768,25252576344.23278,6395000000.0,6.850244361578904e-08,2020-06-30,0
101361,2020-08-14,10.019324320825387,-0.004463464366431921,0.005086230151774288,0.002092380127968768,25420612624.424488,6395000000.0,6.376039050535073e-08,2020-06-30,0
101361,2020-08-21,10.019324320825387,-0.004463464366431921,0.005086230151774288,0.002092380127968768,25787681363.24705,6395000000.0,5.460472207031361e-08,2020-06-30,0
101361,2020-08-28,10.019324320825387,-0.004463464366431921,0.005086230151774288,0.002092380127968768,25323154521.077953,6395000000.0,6.646519263861221e-08,2020-06-30,0
101361,2020-09-04,10.019324320825387,-0.004463464366431921,0.005086230151774288,0.002092380127968768,25056177722.70106,6395000000.0,7.454069326398473e-08,2020-06-30,0
101361,2020-09-11,10.019324320825387,-0.004463464366431921,0.005086230151774288,0.002092380127968768,26065883332.310684,6395000000.0,4.862572641571224e-08,2020-06-30,0
101361,2020-09-18,10.019324320825387,-0.004463464366431921,0.005086230151774288,0.002092380127968768,26333506637.34212,6395000000.0,4.354517213677641e-08,2020-06-30,0
101361,2020-09-25,10.019324320825387,-0.004463464366431921,0.005086230151774288,0.002092380127968768,26416318516.38245,6395000000.0,4.2093225169550467e-08,2020-06-30,0
101361,2020-09-30,9.518259162997497,-0.004336159720909703,0.00478050500650823,0.002328057034841637,26322817013.117302,6395000000.0,6.212259154524795e-08,2020-09-30,1
101361,2020-10-02,9.518259162997497,-0.004336159720909703,0.00478050500650823,0.002328057034841637,26350896673.45951,6395000000.0,6.144293247885543e-08,2020-09-30,0
101361,2020-10-09,9.518259162997497,-0.004336159720909703,0.00478050500650823,0.002328057034841637,25886792809.055775,6395000000.0,7.381168521128663e-08,2020-09-30,0
101361,2020-10-16,9.518259162997497,-0.004336159720909703,0.00478050500650823,0.002328057034841637,26023858882.10795,6395000000.0,6.989516735553357e-08,2020-09-30,0
101361,2020-10-23,9.518259162997497,-0.004336159720909703,0.00478050500650823,0.002328057034841637,25526207811.41771,6395000000.0,8.531870700541971e-08,2020-09-30,0
101361,2020-10-30,9.518259162997497,-0.004336159720909703,0.00478050500650823,0.002328057034841637,25057061700.831226,6395000000.0,1.0334898331951054e-07,2020-09-30,0
101361,2020-11-06,9.518259162997497,-0.004336159720909703,0.00478050500650823,0.002328057034841637,26966976049.289116,6395000000.0,4.841281275354869e-08,2020-09-30,0
101361,2020-11-13,9.518259162997497,-0.004336159720909703,0.00478050500650823,0.002328057034841637,26098148732.071762,6395000000.0,6.786843696465909e-08,2020-09-30,0
101361,2020-11-20,9.518259162997497,-0.004336159720909703,0.00478050500650823,0.002328057034841637,25777359313.940105,6395000000.0,7.711226505769642e-08,2020-09-30,0
101361,2020-11-27,9.518259162997497,-0.004336159720909703,0.00478050500650823,0.002328057034841637,25103745303.438713,6395000000.0,1.013791314862051e-07,2020-09-30,0
101361,2020-12-04,9.518259162997497,-0.004336159720909703,0.00478050500650823,0.002328057034841637,24767090011.324635,6395000000.0,1.1656958688093761e-07,2020-09-30,0
101361,2020-12-11,9.518259162997497,-0.004336159720909703,0.00478050500650823,0.002328057034841637,24855022503.734894,6395000000.0,1.123737282289244e-07,2020-09-30,0
101361,2020-12-18,9.518259162997497,-0.004336159720909703,0.00478050500650823,0.002328057034841637,24997835910.00635,6395000000.0,1.0590894068457325e-07,2020-09-30,0
101361,2020-12-25,9.518259162997497,-0.004336159720909703,0.00478050500650823,0.002328057034841637,24810376656.80298,6395000000.0,1.1448292520934619e-07,2020-09-30,0
101361,2020-12-31,9.168864454318816,-0.0028717341631773847,0.0047926516133221875,0.0018673825560382047,24918491343.244728,6395000000.0,2.2012844890146697e-07,2020-12-31,1
101361,2021-01-01,9.168864454318816,-0.0028717341631773847,0.0047926516133221875,0.0018673825560382047,24918491343.244728,6395000000.0,2.2012844890146697e-07,2020-12-31,0
101361,2021-01-08,9.168864454318816,-0.0028717341631773847,0.0047926516133221875,0.0018673825560382047,25342724598.076492,6395000000.0,1.859243262495137e-07,2020-12-31,0
101361,2021-01-15,9.168864454318816,-0.0028717341631773847,0.0047926516133221875,0.0018673825560382047,25192061190.679195,6395000000.0,1.9734881892075097e-07,2020-12-31,0
101361,2021-01-22,9.168864454318816,-0.0028717341631773847,0.0047926516133221875,0.0018673825560382047,25095354395.366905,6395000000.0,2.050894661817507e-07,2020-12-31,0
101361,2021-01-29,9.168864454318816,-0.0028717341631773847,0.0047926516133221875,0.0018673825560382047,24748639553.608658,6395000000.0,2.3572519293586482e-07,2020-12-31,0
101361,2021-02-05,9.168864454318816,-0.0028717341631773847,0.0047926516133221875,0.0018673825560382047,24832986777.06167,6395000000.0,2.2783257030914207e-07,2020-12-31,0
101361,2021-02-12,9.168864454318816,-0.0028717341631773847,0.0047926516133221875,0.0018673825560382047,25288081709.443913,6395000000.0,1.899811171064265e-07,2020-12-31,0
101361,2021-02-19,9.168864454318816,-0.0028717341631773847,0.0047926516133221875,0.0018673825560382047,25030406562.29166,6395000000.0,2.1047606855049158e-07,2020-12-31,0
101361,2021-02-26,9.168864454318816,-0.0028717341631773847,0.0047926516133221875,0.0018673825560382047,24007357587.729233,6395000000.0,3.1967027958379465e-07,2020-12-31,0
101361,2021-03-05,9.168864454318816,-0.0028717341631773847,0.0047926516133221875,0.0018673825560382047,24110138374.191658,6395000000.0,3.0627095679130086e-07,2020-12-31,0
101361,2021-03-12,9.168864454318816,-0.0028717341631773847,0.0047926516133221875,0.0018673825560382047,24598671703.662563,6296000000.0,2.1429458095695166e-07,2020-12-31,0
101361,2021-03-19,9.168864454318816,-0.0028717341631773847,0.0047926516133221875,0.0018673825560382047,25204266450.063885,6296000000.0,1.6802816031100689e-07,2020-12-31,0
101361,2021-03-26,9.168864454318816,-0.0028717341631773847,0.0047926516133221875,0.0018673825560382047,25788607004.47245,6296000000.0,1.336417651035515e-07,2020-12-31,0
101361,2021-03-31,8.792029574088486,-0.002817926045568308,0.004735225227601531,0.0011679669456841613,26168101012.76913,6296000000.0,2.625550540975326e-07,2021-03-31,1
101361,2021-04-02,8.792029574088486,-0.002817926045568308,0.004735225227601531,0.0011679669456841613,26339512950.35993,6296000000.0,2.465663910292303e-07,2021-03-31,0
101361,2021-04-09,8.792029574088486,-0.002817926045568308,0.004735225227601531,0.0011679669456841613,26703052791.25818,6296000000.0,2.161089762006895e-07,2021-03-31,0
101361,2021-04-16,8.792029574088486,-0.002817926045568308,0.004735225227601531,0.0011679669456841613,26901375604.73514,6296000000.0,2.0126936823388352e-07,2021-03-31,0
101361,2021-04-23,8.792029574088486,-0.002817926045568308,0.004735225227601531,0.0011679669456841613,26959915750.82541,6296000000.0,1.9710774069565035e-07,2021-03-31,0
101361,2021-04-30,8.792029574088486,-0.002817926045568308,0.004735225227601531,0.0011679669456841613,26472430549.17294,6296000000.0,2.3491066583757186e-07,2021-03-31,0
101361,2021-05-07,8.792029574088486,-0.002817926045568308,0.004735225227601531,0.0011679669456841613,27472991345.19289,6296000000.0,1.644540247492768e-07,2021-03-31,0
101361,2021-05-14,8.792029574088486,-0.002817926045568308,0.004735225227601531,0.0011679669456841613,27236879936.800095,6296000000.0,1.7866941505814e-07,2021-03-31,0
101361,2021-05-21,8.792029574088486,-0.002817926045568308,0.004735225227601531,0.0011679669456841613,27531246527.920418,6296000000.0,1.6114269089486986e-07,2021-03-31,0
101361,2021-05-28,8.792029574088486,-0.002817926045568308,0.004735225227601531,0.0011679669456841613,27403174947.641605,6296000000.0,1.6852229600711025e-07,2021-03-31,0
101361,2021-06-04,8.792029574088486,-0.002817926045568308,0.004735225227601531,0.0011679669456841613,27569836326.55084,6296000000.0,1.5898990263561605e-07,2021-03-31,0
101361,2021-06-11,8.792029574088486,-0.002817926045568308,0.004735225227601531,0.0011679669456841613,27902047161.86841,6296000000.0,1.4172137704280298e-07,2021-03-31,0
101361,2021-06-18,8.792029574088486,-0.002817926045568308,0.004735225227601531,0.0011679669456841613,28457979108.127464,6296000000.0,1.172859230541719e-07,2021-03-31,0
101361,2021-06-25,8.792029574088486,-0.002817926045568308,0.004735225227601531,0.0011679669456841613,28971440886.455334,6296000000.0,9.88119177148882e-08,2021-03-31,0
101361,2021-06-30,8.374677041270147,-0.002754441516738557,0.004652538455397046,0.0018349521194552304,29003488687.67209,6296000000.0,1.2222694654705212e-07,2021-06-30,1
101361,2021-07-02,8.374677041270147,-0.002754441516738557,0.004652538455397046,0.0018349521194552304,29255284712.599342,6296000000.0,1.1292749769421025e-07,2021-06-30,0
101361,2021-07-09,8.374677041270147,-0.002754441516738557,0.004652538455397046,0.0018349521194552304,29507082488.34327,6296000000.0,1.0440935582667384e-07,2021-06-30,0
101361,2021-07-16,8.374677041270147,-0.002754441516738557,0.004652538455397046,0.0018349521194552304,30636445516.429207,6296000000.0,7.406449849523739e-08,2021-06-30,0
101361,2021-07-23,8.374677041270147,-0.002754441516738557,0.004652538455397046,0.0018349521194552304,31686963694.961258,6296000000.0,5.4443335760252686e-08,2021-06-30,0
101361,2021-07-30,8.374677041270147,-0.002754441516738557,0.004652538455397046,0.0018349521194552304,32046175764.304066,6296000000.0,4.912412604712359e-08,2021-06-30,0
101361,2021-08-06,8.374677041270147,-0.002754441516738557,0.004652538455397046,0.0018349521194552304,31676496215.663467,6296000000.0,5.4607678064884284e-08,2021-06-30,0
101361,2021-08-13,8.374677041270147,-0.002754441516738557,0.004652538455397046,0.0018349521194552304,32056227938.958355,6296000000.0,4.898384299992073e-08,2021-06-30,0
101361,2021-08-20,8.374677041270147,-0.002754441516738557,0.004652538455397046,0.0018349521194552304,32185261811.47526,6296000000.0,4.722218902804781e-08,2021-06-30,0
101361,2021-08-27,8.374677041270147,-0.002754441516738557,0.004652538455397046,0.0018349521194552304,32441207900.770756,6296000000.0,4.393285484627454e-08,2021-06-30,0
101361,2021-09-03,8.374677041270147,-0.002754441516738557,0.004652538455397046,0.0018349521194552304,32376614232.059597,6296000000.0,4.473821558373408e-08,2021-06-30,0
101361,2021-09-10,8.374677041270147,-0.002754441516738557,0.004652538455397046,0.0018349521194552304,32130431925.88755,6296000000.0,4.7961989704254343e-08,2021-06-30,0
101361,2021-09-17,8.374677041270147,-0.002754441516738557,0.004652538455397046,0.0018349521194552304,31574578124.004013,6296000000.0,5.6237031254025296e-08,2021-06-30,0
101361,2021-09-24,8.374677041270147,-0.002754441516738557,0.004652538455397046,0.0018349521194552304,31390815716.06674,6296000000.0,5.9313499421452724e-08,2021-06-30,0
101361,2021-09-30,8.072331122685702,-0.002404086179726166,0.0044091499753346865,0.0022923005601559535,30383541476.41749,6296000000.0,8.837069539592943e-08,2021-09-30,1
101361,2021-10-01,8.072331122685702,-0.002404086179726166,0.0044091499753346865,0.0022923005601559535,30536348025.20338,6296000000.0,8.453861384198046e-08,2021-09-30,0
101361,2021-10-08,8.072331122685702,-0.002404086179726166,0.0044091499753346865,0.0022923005601559535,30052959541.31989,6296000000.0,9.734389034231185e-08,2021-09-30,0
101361,2021-10-15,8.072331122685702,-0.002404086179726166,0.0044091499753346865,0.0022923005601559535,30404342572.802063,6296000000.0,8.783780308723655e-08,2021-09-30,0
101361,2021-10-22,8.072331122685702,-0.002404086179726166,0.0044091499753346865,0.0022923005601559535,30775521235.633965,6296000000.0,7.890798304855456e-08,2021-09-30,0
101361,2021-10-29,8.072331122685702,-0.002404086179726166,0.0044091499753346865,0.0022923005601559535,30134321509.78658,6296000000.0,9.504451957249438e-08,2021-09-30,0
101361,2021-11-05,8.072331122685702,-0.002404086179726166,0.0044091499753346865,0.0022923005601559535,31074981296.91167,6296000000.0,7.244055021428556e-08,2021-09-30,0
101361,2021-11-12,8.072331122685702,-0.002404086179726166,0.0044091499753346865,0.0022923005601559535,31713524281.75924,6296000000.0,6.053689646462261e-08,2021-09-30,0
101361,2021-11-19,8.072331122685702,-0.002404086179726166,0.0044091499753346865,0.0022923005601559535,32707997877.150166,6296000000.0,4.611063778815373e-08,2021-09-30,0
101361,2021-11-26,8.072331122685702,-0.002404086179726166,0.0044091499753346865,0.0022923005601559535,32513333522.720768,6296000000.0,4.8600952524461146e-08,2021-09-30,0
101361,2021-12-03,8.072331122685702,-0.002404086179726166,0.0044091499753346865,0.0022923005601559535,32284938425.370724,6296000000.0,5.171647575788111e-08,2021-09-30,0
101361,2021-12-10,8.072331122685702,-0.002404086179726166,0.0044091499753346865,0.0022923005601559535,33462196423.2725,6296000000.0,3.77236112300932e-08,2021-09-30,0
101361,2021-12-17,8.072331122685702,-0.002404086179726166,0.0044091499753346865,0.0022923005601559535,32845249301.072346,6296000000.0,4.4440580081657827e-08,2021-09-30,0
101361,2021-12-24,8.072331122685702,-0.002404086179726166,0.0044091499753346865,0.0022923005601559535,32962212483.178593,6296000000.0,4.307065243193782e-08,2021-09-30,0
101361,2021-12-31,7.891880663736889,-0.0022864714690873284,0.004503278799562924,0.003236298479424769,33538128200.963215,6296000000.0,3.434763390073133e-08,2021-12-31,1
101361,2022-01-07,7.891880663736889,-0.0022864714690873284,0.004503278799562924,0.003236298479424769,31891612559.638695,6296000000.0,5.2984816283948276e-08,2021-12-31,0
101361,2022-01-14,7.891880663736889,-0.0022864714690873284,0.004503278799562924,0.003236298479424769,30647702682.505318,6296000000.0,7.468036383297999e-08,2021-12-31,0
101361,2022-01-21,7.891880663736889,-0.0022864714690873284,0.004503278799562924,0.003236298479424769,30102382458.652496,6296000000.0,8.720661951923373e-08,2021-12-31,0
101361,2022-01-28,7.891880663736889,-0.0022864714690873284,0.004503278799562924,0.003236298479424769,29714626525.740166,6296000000.0,9.754675201822876e-08,2021-12-31,0
101361,2022-02-04,7.891880663736889,-0.0022864714690873284,0.004503278799562924,0.003236298479424769,29617773447.789364,6296000000.0,1.0033934737616918e-07,2021-12-31,0
101361,2022-02-11,7.891880663736889,-0.0022864714690873284,0.004503278799562924,0.003236298479424769,29550738118.050762,6296000000.0,1.0232465432674578e-07,2021-12-31,0
101361,2022-02-18,7.891880663736889,-0.0022864714690873284,0.004503278799562924,0.003236298479424769,29181840011.608913,6296000000.0,1.1406938903183566e-07,2021-12-31,0
101361,2022-02-25,7.891880663736889,-0.0022864714690873284,0.004503278799562924,0.003236298479424769,29641567824.310314,6296000000.0,9.964506727446141e-08,2021-12-31,0
101361,2022-03-04,7.891880663736889,-0.0022864714690873284,0.004503278799562924,0.003236298479424769,31294444645.122883,6296000000.0,6.236466878902714e-08,2021-12-31,0
101361,2022-03-11,7.891880663736889,-0.0022864714690873284,0.004503278799562924,0.003236298479424769,29669222661.467518,6611000000.0,1.5082026384082205e-07,2021-12-31,0
101361,2022-03-18,7.891880663736889,-0.0022864714690873284,0.004503278799562924,0.003236298479424769,31964880855.51225,6611000000.0,7.915589008798372e-08,2021-12-31,0
101361,2022-03-25,7.891880663736889,-0.0022864714690873284,0.004503278799562924,0.003236298479424769,31792008069.4947,6611000000.0,8.295161542788996e-08,2021-12-31,0
101361,2022-03-31,7.764287875886157,0.0006574807182843792,0.004123058740707839,0.0030703960664217236,31997556740.760647,6611000000.0,8.236465441515546e-08,2022-03-31,1
101361,2022-04-01,7.764287875886157,0.0006574807182843792,0.004123058740707839,0.0030703960664217236,31792108523.91607,6611000000.0,8.701587735414288e-08,2022-03-31,0
101361,2022-04-08,7.764287875886157,0.0006574807182843792,0.004123058740707839,0.0030703960664217236,32655619698.24783,6611000000.0,6.924475140636491e-08,2022-03-31,0
101361,2022-04-15,7.764287875886157,0.0006574807182843792,0.004123058740707839,0.0030703960664217236,32660425918.747646,6611000000.0,6.915798914267807e-08,2022-03-31,0
101361,2022-04-22,7.764287875886157,0.0006574807182843792,0.004123058740707839,0.0030703960664217236,31932710288.23113,6611000000.0,8.380189293519037e-08,2022-03-31,0
101361,2022-04-29,7.764287875886157,0.0006574807182843792,0.004123058740707839,0.0030703960664217236,31982141881.017162,6611000000.0,8.270378111098707e-08,2022-03-31,0
101361,2022-05-06,7.764287875886157,0.0006574807182843792,0.004123058740707839,0.0030703960664217236,31181215316.416092,6611000000.0,1.0268381989308584e-07,2022-03-31,0
101361,2022-05-13,7.764287875886157,0.0006574807182843792,0.004123058740707839,0.0030703960664217236,31109594596.30734,6611000000.0,1.047196701866662e-07,2022-03-31,0
101361,2022-05-20,7.764287875886157,0.0006574807182843792,0.004123058740707839,0.0030703960664217236,30974667457.362602,6611000000.0,1.0867931563608877e-07,2022-03-31,0
101361,2022-05-27,7.764287875886157,0.0006574807182843792,0.004123058740707839,0.0030703960664217236,31076368260.84804,6611000000.0,1.0567949865089856e-07,2022-03-31,0
101361,2022-06-03,7.764287875886157,0.0006574807182843792,0.004123058740707839,0.0030703960664217236,30022732085.761368,6611000000.0,1.4190518773697808e-07,2022-03-31,0
101361,2022-06-10,7.764287875886157,0.0006574807182843792,0.004123058740707839,0.0030703960664217236,29707226830.07615,6611000000.0,1.5532675779855248e-07,2022-03-31,0
101361,2022-06-17,7.764287875886157,0.0006574807182843792,0.004123058740707839,0.0030703960664217236,29271207396.029545,6611000000.0,1.7628328059409803e-07,2022-03-31,0
101361,2022-06-24,7.764287875886157,0.0006574807182843792,0.004123058740707839,0.0030703960664217236,30280727339.68403,6611000000.0,1.3189373478845945e-07,2022-03-31,0
101361,2022-06-30,7.6897872181294,0.0007812057599371431,0.003853206812813109,0.0018295899845858403,30889199445.983192,6611000000.0,1.8371721304413794e-07,2022-06-30,1
101361,2022-07-01,7.6897872181294,0.0007812057599371431,0.003853206812813109,0.0018295899845858403,30757690635.159542,6611000000.0,1.9050440551393135e-07,2022-06-30,0
101361,2022-07-08,7.6897872181294,0.0007812057599371431,0.003853206812813109,0.0018295899845858403,31767512717.414043,6611000000.0,1.4477683597983735e-07,2022-06-30,0
101361,2022-07-15,7.6897872181294,0.0007812057599371431,0.003853206812813109,0.0018295899845858403,32685714866.62945,6611000000.0,1.1368725897001177e-07,2022-06-30,0
101361,2022-07-22,7.6897872181294,0.0007812057599371431,0.003853206812813109,0.0018295899845858403,33480982236.419807,6611000000.0,9.273631890453225e-08,2022-06-30,0
101361,2022-07-29,7.6897872181294,0.0007812057599371431,0.003853206812813109,0.0018295899845858403,34427363196.271774,6611000000.0,7.324910355055874e-08,2022-06-30,0
101361,2022-08-05,7.6897872181294,0.0007812057599371431,0.003853206812813109,0.0018295899845858403,34181969859.029987,6611000000.0,7.78181598749431e-08,2022-06-30,0
101361,2022-08-12,7.6897872181294,0.0007812057599371431,0.003853206812813109,0.0018295899845858403,33891986102.090027,6611000000.0,8.363543611390686e-08,2022-06-30,0
101361,2022-08-19,7.6897872181294,0.0007812057599371431,0.003853206812813109,0.0018295899845858403,34596908989.19213,6611000000.0,7.026842390615369e-08,2022-06-30,0
101361,2022-08-26,7.6897872181294,0.0007812057599371431,0.003853206812813109,0.0018295899845858403,33834608441.750828,6611000000.0,8.484349962073293e-08,2022-06-30,0
101361,2022-09-02,7.6897872181294,0.0007812057599371431,0.003853206812813109,0.0018295899845858403,32376199411.73571,6611000000.0,1.2324018547021122e-07,2022-06-30,0
101361,2022-09-09,7.6897872181294,0.0007812057599371431,0.003853206812813109,0.0018295899845858403,33287890416.658733,6611000000.0,9.739229069634832e-08,2022-06-30,0
101361,2022-09-16,7.6897872181294,0.0007812057599371431,0.003853206812813109,0.0018295899845858403,32887308469.845924,6611000000.0,1.0791349308225421e-07,2022-06-30,0
101361,2022-09-23,7.6897872181294,0.0007812057599371431,0.003853206812813109,0.0018295899845858403,32442009296.650234,6611000000.0,1.2113583133462513e-07,2022-06-30,0
101361,2022-09-30,7.689208971257701,0.0007213207537877708,0.004051624321245885,0.0020871817020739207,32740365290.007607,6611000000.0,1.1289646173751769e-07,2022-09-30,1
102296,2015-12-31,14.680566481523227,-0.0021689030098298204,0.0017871101092037833,0.0009275191289168127,83857565392.77097,48162000000.0,9.34333371587121e-06,2015-12-31,1
102296,2016-01-01,14.680566481523227,-0.0021689030098298204,0.0017871101092037833,0.0009275191289168127,83857565392.77097,48162000000.0,9.34333371587121e-06,2015-12-31,0
102296,2016-01-08,14.680566481523227,-0.0021689030098298204,0.0017871101092037833,0.0009275191289168127,81831615909.77357,48162000000.0,1.4110651447822544e-05,2015-12-31,0
102296,2016-01-15,14.680566481523227,-0.0021689030098298204,0.0017871101092037833,0.0009275191289168127,82141449043.99417,48162000000.0,1.3238132716828957e-05,2015-12-31,0
102296,2016-01-22,14.680566481523227,-0.0021689030098298204,0.0017871101092037833,0.0009275191289168127,83807413786.55219,48162000000.0,9.437827842803187e-06,2015-12-31,0
102296,2016-01-29,14.680566481523227,-0.0021689030098298204,0.0017871101092037833,0.0009275191289168127,85156102510.3024,48162000000.0,7.217835343326671e-06,2015-12-31,0
102296,2016-02-05,14.680566481523227,-0.0021689030098298204,0.0017871101092037833,0.0009275191289168127,84185518186.63219,48162000000.0,8.749836065189987e-06,2015-12-31,0
102296,2016-02-12,14.680566481523227,-0.0021689030098298204,0.0017871101092037833,0.0009275191289168127,81671621516.88878,46891000000.0,9.291391703667226e-06,2015-12-31,0
102296,2016-02-19,14.680566481523227,-0.0021689030098298204,0.0017871101092037833,0.0009275191289168127,84184492439.02975,46891000000.0,5.588744716205758e-06,2015-12-31,0
102296,2016-02-26,14.680566481523227,-0.0021689030098298204,0.0017871101092037833,0.0009275191289168127,84497358658.90332,46891000000.0,5.2525230058368385e-06,2015-12-31,0
102296,2016-03-04,14.680566481523227,-0.0021689030098298204,0.0017871101092037833,0.0009275191289168127,84823872462.23485,46891000000.0,4.924587048024056e-06,2015-12-31,0
102296,2016-03-11,14.680566481523227,-0.0021689030098298204,0.0017871101092037833,0.0009275191289168127,85615900838.67786,46891000000.0,4.21668854985132e-06,2015-12-31,0
102296,2016-03-18,14.680566481523227,-0.0021689030098298204,0.0017871101092037833,0.0009275191289168127,85287466324.39691,46891000000.0,4.4960562216084165e-06,2015-12-31,0
102296,2016-03-25,14.680566481523227,-0.0021689030098298204,0.0017871101092037833,0.0009275191289168127,85421791013.88109,46891000000.0,4.379477708682894e-06,2015-12-31,0
102296,2016-03-31,14.47120624829186,-0.0013580963117533964,0.00202582005086778,0.00044635682898567163,85702752306.59717,46891000000.0,9.33725618334656e-06,2016-03-31,1
102296,2016-04-01,14.47120624829186,-0.0013580963117533964,0.00202582005086778,0.00044635682898567163,85589896496.43541,46891000000.0,9.542437262582907e-06,2016-03-31,0
102296,2016-04-08,14.47120624829186,-0.0013580963117533964,0.00202582005086778,0.00044635682898567163,85447860011.08865,46891000000.0,9.807556300544564e-06,2016-03-31,0
102296,2016-04-15,14.47120624829186,-0.0013580963117533964,0.00202582005086778,0.00044635682898567163,86001464080.47675,46891000000.0,8.81662739185361e-06,2016-03-31,0
102296,2016-04-22,14.47120624829186,-0.0013580963117533964,0.00202582005086778,0.00044635682898567163,85447924231.15201,46891000000.0,9.807434663625098e-06,2016-03-31,0
102296,2016-04-29,14.47120624829186,-0.0013580963117533964,0.00202582005086778,0.00044635682898567163,85606852387.85846,46891000000.0,9.511304430207501e-06,2016-03-31,0
102296,2016-05-06,14.47120624829186,-0.0013580963117533964,0.00202582005086778,0.00044635682898567163,84731700875.5507,46891000000.0,1.1269947001589058e-05,2016-03-31,0
102296,2016-05-13,14.47120624829186,-0.0013580963117533964,0.00202582005086778,0.00044635682898567163,85557178616.6763,46891000000.0,9.602819545371719e-06,2016-03-31,0
102296,2016-05-20,14.47120624829186,-0.0013580963117533964,0.00202582005086778,0.00044635682898567163,86102567048.82202,46891000000.0,8.647524803942356e-06,2016-03-31,0
102296,2016-05-27,14.47120624829186,-0.0013580963117533964,0.00202582005086778,0.00044635682898567163,87664790693.18112,46891000000.0,6.432308297825779e-06,2016-03-31,0
102296,2016-06-03,14.47120624829186,-0.0013580963117533964,0.00202582005086778,0.00044635682898567163,86780593739.15747,46891000000.0,7.599439471108426e-06,2016-03-31,0
102296,2016-06-10,14.47120624829186,-0.0013580963117533964,0.00202582005086778,0.00044635682898567163,85611634729.13113,46891000000.0,9.502543210525348e-06,2016-03-31,0
102296,2016-06-17,14.47120624829186,-0.0013580963117533964,0.00202582005086778,0.00044635682898567163,84568601571.39206,46891000000.0,1.1634607835606432e-05,2016-03-31,0
102296,2016-06-24,14.47120624829186,-0.0013580963117533964,0.00202582005086778,0.00044635682898567163,82863596518.15968,46891000000.0,1.630125735481691e-05,2016-03-31,0
102296,2016-06-30,14.28510730984528,-0.0013756316584290786,0.0022270797861860727,0.0003735648522234858,85069506038.21326,46891000000.0,1.54381773107564e-05,2016-06-30,1
102296,2016-07-01,14.28510730984528,-0.0013756316584290786,0.0022270797861860727,0.0003735648522234858,85463359862.17355,46891000000.0,1.4319395697162344e-05,2016-06-30,0
102296,2016-07-08,14.28510730984528,-0.0013756316584290786,0.0022270797861860727,0.0003735648522234858,85065326645.87195,46891000000.0,1.5450539788919688e-05,2016-06-30,0
102296,2016-07-15,14.28510730984528,-0.0013756316584290786,0.0022270797861860727,0.0003735648522234858,86645881451.36125,46891000000.0,1.1451642214800642e-05,2016-06-30,0
102296,2016-07-22,14.28510730984528,-0.0013756316584290786,0.0022270797861860727,0.0003735648522234858,86801319517.38324,46891000000.0,1.1123046880420554e-05,2016-06-30,0
102296,2016-07-29,14.28510730984528,-0.0013756316584290786,0.0022270797861860727,0.0003735648522234858,87602499875.59613,46891000000.0,9.582154776707732e-06,2016-06-30,0
102296,2016-08-05,14.28510730984528,-0.0013756316584290786,0.0022270797861860727,0.0003735648522234858,87097563968.31767,46891000000.0,1.0524416810202204e-05,2016-06-30,0
102296,2016-08-12,14.28510730984528,-0.0013756316584290786,0.0022270797861860727,0.0003735648522234858,88230642712.09467,46891000000.0,8.53421824688314e-06,2016-06-30,0
102296,2016-08-19,14.28510730984528,-0.0013756316584290786,0.0022270797861860727,0.0003735648522234858,87103903755.88058,46891000000.0,1.051198917983352e-05,2016-06-30,0
102296,2016-08-26,14.28510730984528,-0.0013756316584290786,0.0022270797861860727,0.0003735648522234858,87354357060.61008,46891000000.0,1.0033393517961263e-05,2016-06-30,0
102296,2016-09-02,14.28510730984528,-0.0013756316584290786,0.0022270797861860727,0.0003735648522234858,88481808088.88232,46891000000.0,8.15016086192056e-06,2016-06-30,0
102296,2016-09-09,14.28510730984528,-0.0013756316584290786,0.0022270797861860727,0.0003735648522234858,87283362848.18138,46891000000.0,1.0166641623006776e-05,2016-06-30,0
102296,2016-09-16,14.28510730984528,-0.0013756316584290786,0.0022270797861860727,0.0003735648522234858,86591158610.32166,46891000000.0,1.1569787625745705e-05,2016-06-30,0
102296,2016-09-23,14.28510730984528,-0.0013756316584290786,0.0022270797861860727,0.0003735648522234858,88141655712.03696,46891000000.0,8.67489996658433e-06,2016-06-30,0
102296,2016-09-30,14.100727446583262,-0.0010607122232581623,0.0020825484473878885,0.0013156506700436668,87880256021.71712,46891000000.0,3.958536856771298e-06,2016-09-30,1
102296,2016-10-07,14.100727446583262,-0.0010607122232581623,0.0020825484473878885,0.0013156506700436668,86856206791.06009,46891000000.0,4.772672541052046e-06,2016-09-30,0
102296,2016-10-14,14.100727446583262,-0.0010607122232581623,0.0020825484473878885,0.0013156506700436668,87265345246.6452,46891000000.0,4.427703844018973e-06,2016-09-30,0
102296,2016-10-21,14.100727446583262,-0.0010607122232581623,0.0020825484473878885,0.0013156506700436668,87472404172.26196,46891000000.0,4.263391024336742e-06,2016-09-30,0
102296,2016-10-28,14.100727446583262,-0.0010607122232581623,0.0020825484473878885,0.0013156506700436668,86474599568.69531,46891000000.0,5.120480354472397e-06,2016-09-30,0
102296,2016-11-04,14.100727446583262,-0.0010607122232581623,0.0020825484473878885,0.0013156506700436668,84776450976.50958,46891000000.0,7.033203479338351e-06,2016-09-30,0
102296,2016-11-11,14.100727446583262,-0.0010607122232581623,0.0020825484473878885,0.0013156506700436668,83491731389.91992,46891000000.0,8.985971153988898e-06,2016-09-30,0
102296,2016-11-18,14.100727446583262,-0.0010607122232581623,0.0020825484473878885,0.0013156506700436668,83728309246.70508,46891000000.0,8.58673671107168e-06,2016-09-30,0
102296,2016-11-25,14.100727446583262,-0.0010607122232581623,0.0020825484473878885,0.0013156506700436668,83283302773.19131,46891000000.0,9.354211169156797e-06,2016-09-30,0
102296,2016-12-02,14.100727446583262,-0.0010607122232581623,0.0020825484473878885,0.0013156506700436668,83302050628.8438,46891000000.0,9.320435535577612e-06,2016-09-30,0
102296,2016-12-09,14.100727446583262,-0.0010607122232581623,0.0020825484473878885,0.0013156506700436668,84523385975.37524,46891000000.0,7.378473720233208e-06,2016-09-30,0
102296,2016-12-16,14.100727446583262,-0.0010607122232581623,0.0020825484473878885,0.0013156506700436668,85651478101.93527,46891000000.0,5.9666905339786935e-06,2016-09-30,0
102296,2016-12-23,14.100727446583262,-0.0010607122232581623,0.0020825484473878885,0.0013156506700436668,85795835753.28445,46891000000.0,5.808066892561376e-06,2016-09-30,0
102296,2016-12-30,14.087451190328936,-0.0005513691568985366,0.0019155215871296146,0.0012228656075337601,85920677796.61908,46891000000.0,5.127875354902931e-06,2016-12-31,1
102296,2019-03-29,14.083604136901398,0.0015688953709441656,0.0026341325729937297,0.001191612816845669,107766706024.97021,55539000000.0,4.494438938484046e-06,2019-03-31,1
102296,2019-04-05,14.083604136901398,0.0015688953709441656,0.0026341325729937297,0.001191612816845669,109301216190.68599,55539000000.0,3.5969322307127774e-06,2019-03-31,0
102296,2019-04-12,14.083604136901398,0.0015688953709441656,0.0026341325729937297,0.001191612816845669,109511830524.7405,55539000000.0,3.489571144016331e-06,2019-03-31,0
102296,2019-04-19,14.083604136901398,0.0015688953709441656,0.0026341325729937297,0.001191612816845669,109332258315.65271,55539000000.0,3.5808887122907585e-06,2019-03-31,0
102296,2019-04-26,14.083604136901398,0.0015688953709441656,0.0026341325729937297,0.001191612816845669,109334364038.96635,55539000000.0,3.5798031883863124e-06,2019-03-31,0
102296,2019-05-03,14.083604136901398,0.0015688953709441656,0.0026341325729937297,0.001191612816845669,108772892187.46487,55539000000.0,3.882119666487131e-06,2019-03-31,0
102296,2019-05-10,14.083604136901398,0.0015688953709441656,0.0026341325729937297,0.001191612816845669,107275122675.71014,55539000000.0,4.830501236523804e-06,2019-03-31,0
102296,2019-05-17,14.083604136901398,0.0015688953709441656,0.0026341325729937297,0.001191612816845669,109454057103.47606,55539000000.0,3.518675504742962e-06,2019-03-31,0
102296,2019-05-24,14.083604136901398,0.0015688953709441656,0.0026341325729937297,0.001191612816845669,109934776984.62643,55539000000.0,3.284195796228897e-06,2019-03-31,0
102296,2019-05-31,14.083604136901398,0.0015688953709441656,0.0026341325729937297,0.001191612816845669,109002790998.11148,55539000000.0,3.7551530310115447e-06,2019-03-31,0
102296,2019-06-07,14.083604136901398,0.0015688953709441656,0.0026341325729937297,0.001191612816845669,110088839976.20648,55539000000.0,3.212634007792587e-06,2019-03-31,0
102296,2019-06-14,14.083604136901398,0.0015688953709441656,0.0026341325729937297,0.001191612816845669,109674879601.7922,55539000000.0,3.40881366066694e-06,2019-03-31,0
102296,2019-06-21,14.083604136901398,0.0015688953709441656,0.0026341325729937297,0.001191612816845669,110572644546.78674,55539000000.0,2.9985535525466976e-06,2019-03-31,0
102296,2019-06-28,13.946096231475632,0.0022217079589510413,0.0024814214345816907,0.0014106445517430399,109990726897.4216,55539000000.0,2.56568477719637e-06,2019-06-30,1
102296,2019-07-05,13.946096231475632,0.0022217079589510413,0.0024814214345816907,0.0014106445517430399,110706043485.88123,55539000000.0,2.3189422807960695e-06,2019-06-30,0
102296,2019-07-12,13.946096231475632,0.0022217079589510413,0.0024814214345816907,0.0014106445517430399,110803012110.40836,55539000000.0,2.287501317250538e-06,2019-06-30,0
102296,2019-07-19,13.946096231475632,0.0022217079589510413,0.0024814214345816907,0.0014106445517430399,111829948225.35031,55539000000.0,1.9811934988893826e-06,2019-06-30,0
102296,2019-07-26,13.946096231475632,0.0022217079589510413,0.0024814214345816907,0.0014106445517430399,111200675984.34134,55539000000.0,2.1632597835849487e-06,2019-06-30,0
102296,2019-08-02,13.946096231475632,0.0022217079589510413,0.0024814214345816907,0.0014106445517430399,110808168262.25365,55539000000.0,2.285842332119331e-06,2019-06-30,0
102296,2019-08-09,13.946096231475632,0.0022217079589510413,0.0024814214345816907,0.0014106445517430399,112480349354.58252,55539000000.0,1.8101430252175375e-06,2019-06-30,0
102296,2019-08-16,13.946096231475632,0.0022217079589510413,0.0024814214345816907,0.0014106445517430399,113389410356.3947,55539000000.0,1.5970662670085905e-06,2019-06-30,0
102296,2019-08-23,13.946096231475632,0.0022217079589510413,0.0024814214345816907,0.0014106445517430399,113421435698.14105,55539000000.0,1.59006781473108e-06,2019-06-30,0
102296,2019-08-30,13.946096231475632,0.0022217079589510413,0.0024814214345816907,0.0014106445517430399,115818828533.09741,55539000000.0,1.1489561263332018e-06,2019-06-30,0
102296,2019-09-06,13.946096231475632,0.0022217079589510413,0.0024814214345816907,0.0014106445517430399,116014759576.13733,55539000000.0,1.1192153241596347e-06,2019-06-30,0
102296,2019-09-13,13.946096231475632,0.0022217079589510413,0.0024814214345816907,0.0014106445517430399,114991254826.04437,55539000000.0,1.284243347998444e-06,2019-06-30,0
102296,2019-09-20,13.946096231475632,0.0022217079589510413,0.0024814214345816907,0.0014106445517430399,115206071756.7911,55539000000.0,1.2475606773556466e-06,2019-06-30,0
102296,2019-09-27,13.946096231475632,0.0022217079589510413,0.0024814214345816907,0.0014106445517430399,114677696197.72073,55539000000.0,1.3398763336229162e-06,2019-06-30,0
102296,2019-09-30,13.89598582739192,0.0018789987698219527,0.0024307362859592894,0.0015068400153861615,115771877119.67015,55539000000.0,1.0542632855754461e-06,2019-09-30,1
102296,2019-10-04,13.89598582739192,0.0018789987698219527,0.0024307362859592894,0.0015068400153861615,114641324288.17761,55539000000.0,1.2271635091946202e-06,2019-09-30,0
102296,2019-10-11,13.89598582739192,0.0018789987698219527,0.0024307362859592894,0.0015068400153861615,116571539914.24971,55539000000.0,9.478219472189339e-07,2019-09-30,0
102296,2019-10-18,13.89598582739192,0.0018789987698219527,0.0024307362859592894,0.0015068400153861615,114341063924.18826,55539000000.0,1.278025843677232e-06,2019-09-30,0
102296,2019-10-25,13.89598582739192,0.0018789987698219527,0.0024307362859592894,0.0015068400153861615,116834420708.0517,55539000000.0,9.153938035263316e-07,2019-09-30,0
102296,2019-11-01,13.89598582739192,0.0018789987698219527,0.0024307362859592894,0.0015068400153861615,117499500278.61124,55539000000.0,8.385416997432072e-07,2019-09-30,0
102296,2019-11-08,13.89598582739192,0.0018789987698219527,0.0024307362859592894,0.0015068400153861615,116512258512.4891,55539000000.0,9.553034444154567e-07,2019-09-30,0
102296,2019-11-15,13.89598582739192,0.0018789987698219527,0.0024307362859592894,0.0015068400153861615,117670518442.54686,55539000000.0,8.199177763897223e-07,2019-09-30,0
102296,2019-11-22,13.89598582739192,0.0018789987698219527,0.0024307362859592894,0.0015068400153861615,116200777607.21829,55539000000.0,9.956668253227103e-07,2019-09-30,0
102296,2019-11-29,13.89598582739192,0.0018789987698219527,0.0024307362859592894,0.0015068400153861615,115799041437.53772,55539000000.0,1.0504445967354555e-06,2019-09-30,0
102296,2019-12-06,13.89598582739192,0.0018789987698219527,0.0024307362859592894,0.0015068400153861615,115362794813.24847,55539000000.0,1.1136055017320132e-06,2019-09-30,0
102296,2019-12-13,13.89598582739192,0.0018789987698219527,0.0024307362859592894,0.0015068400153861615,115375909599.78455,55539000000.0,1.1116485014235217e-06,2019-09-30,0
102296,2019-12-20,13.89598582739192,0.0018789987698219527,0.0024307362859592894,0.0015068400153861615,116057415636.83502,55539000000.0,1.0148550051675401e-06,2019-09-30,0
102296,2019-12-27,13.89598582739192,0.0018789987698219527,0.0024307362859592894,0.0015068400153861615,116162937773.6402,55539000000.0,1.0006934189841177e-06,2019-09-30,0
102296,2019-12-31,13.858754562760733,0.0017896756789246102,0.002434741515361363,0.0010877916938685744,115825698059.48808,55539000000.0,1.512042968564889e-06,2019-12-31,1
102296,2020-01-03,13.858754562760733,0.0017896756789246102,0.002434741515361363,0.0010877916938685744,115941864786.5681,55539000000.0,1.488784912582305e-06,2019-12-31,0
102296,2020-01-10,13.858754562760733,0.0017896756789246102,0.002434741515361363,0.0010877916938685744,116052970446.73636,55539000000.0,1.4668985364109265e-06,2019-12-31,0
102296,2020-01-17,13.858754562760733,0.0017896756789246102,0.002434741515361363,0.0010877916938685744,117854628417.83821,55539000000.0,1.156228195145313e-06,2019-12-31,0
102296,2020-01-24,13.858754562760733,0.0017896756789246102,0.002434741515361363,0.0010877916938685744,117856363966.81357,55539000000.0,1.1559654016666168e-06,2019-12-31,0
102296,2020-01-31,13.858754562760733,0.0017896756789246102,0.002434741515361363,0.0010877916938685744,116645594075.55156,55539000000.0,1.3558386351629017e-06,2019-12-31,0
102296,2020-02-07,13.858754562760733,0.0017896756789246102,0.002434741515361363,0.0010877916938685744,118722727748.33182,55539000000.0,1.0324392018109725e-06,2019-12-31,0
102296,2020-02-14,13.858754562760733,0.0017896756789246102,0.002434741515361363,0.0010877916938685744,132630942742.45798,68060000000.0,4.333141301907183e-06,2019-12-31,0
102296,2020-02-21,13.858754562760733,0.0017896756789246102,0.002434741515361363,0.0010877916938685744,132408889723.00485,68060000000.0,4.447809477799978e-06,2019-12-31,0
102296,2020-02-28,13.858754562760733,0.0017896756789246102,0.002434741515361363,0.0010877916938685744,123715825739.09921,68060000000.0,1.2880454386334069e-05,2019-12-31,0
102296,2020-03-06,13.858754562760733,0.0017896756789246102,0.002434741515361363,0.0010877916938685744,121659373793.19888,68060000000.0,1.6771844227674746e-05,2019-12-31,0
102296,2020-03-13,13.858754562760733,0.0017896756789246102,0.002434741515361363,0.0010877916938685744,109498652020.33066,68060000000.0,8.950586157580913e-05,2019-12-31,0
102296,2020-03-20,13.858754562760733,0.0017896756789246102,0.002434741515361363,0.0010877916938685744,110844054559.10072,68060000000.0,7.359502328013385e-05,2019-12-31,0
102296,2020-03-27,13.858754562760733,0.0017896756789246102,0.002434741515361363,0.0010877916938685744,111967777535.1521,68060000000.0,6.262954871461074e-05,2019-12-31,0
102296,2020-03-31,13.80568270326023,-1.7780371835339814e-05,0.005681676494416496,0.0013523153931033311,114242980381.38333,68060000000.0,0.00039221842011593656,2020-03-31,1
102296,2020-04-03,13.80568270326023,-1.7780371835339814e-05,0.005681676494416496,0.0013523153931033311,107213929686.06946,68060000000.0,0.0009827932184440287,2020-03-31,0
102296,2020-04-10,13.80568270326023,-1.7780371835339814e-05,0.005681676494416496,0.0013523153931033311,114857404802.6362,68060000000.0,0.0003628330028832243,2020-03-31,0
102296,2020-04-17,13.80568270326023,-1.7780371835339814e-05,0.005681676494416496,0.0013523153931033311,114846163454.5875,68060000000.0,0.0003633490968194538,2020-03-31,0
102296,2020-04-24,13.80568270326023,-1.7780371835339814e-05,0.005681676494416496,0.0013523153931033311,110880321826.12146,68060000000.0,0.0006047652636635749,2020-03-31,0
102296,2020-05-01,13.80568270326023,-1.7780371835339814e-05,0.005681676494416496,0.0013523153931033311,113762603503.14304,68060000000.0,0.00041695179894427406,2020-03-31,0
102296,2020-05-08,13.80568270326023,-1.7780371835339814e-05,0.005681676494416496,0.0013523153931033311,115057075196.11554,68060000000.0,0.0003537947306577833,2020-03-31,0
102296,2020-05-15,13.80568270326023,-1.7780371835339814e-05,0.005681676494416496,0.0013523153931033311,112744611062.30685,68060000000.0,0.0004750101631006965,2020-03-31,0
102296,2020-05-22,13.80568270326023,-1.7780371835339814e-05,0.005681676494416496,0.0013523153931033311,115060833907.6799,68060000000.0,0.00035362690141916555,2020-03-31,0
102296,2020-05-29,13.80568270326023,-1.7780371835339814e-05,0.005681676494416496,0.0013523153931033311,118807827146.74341,68060000000.0,0.00022189247043504558,2020-03-31,0
102296,2020-06-05,13.80568270326023,-1.7780371835339814e-05,0.005681676494416496,0.0013523153931033311,123212850059.78902,68060000000.0,0.0001305217830855411,2020-03-31,0
102296,2020-06-12,13.80568270326023,-1.7780371835339814e-05,0.005681676494416496,0.0013523153931033311,118782434756.06532,68060000000.0,0.0002225841119234638,2020-03-31,0
102296,2020-06-19,13.80568270326023,-1.7780371835339814e-05,0.005681676494416496,0.0013523153931033311,119855538723.4046,68060000000.0,0.0001952579567679458,2020-03-31,0
102296,2020-06-26,13.80568270326023,-1.7780371835339814e-05,0.005681676494416496,0.0013523153931033311,117796513486.07074,68060000000.0,0.0002512941768779498,2020-03-31,0
102296,2020-06-30,12.520762907912369,0.00023924975854916936,0.006621655169194559,0.0013827375551795234,118204370061.79446,68060000000.0,0.0006436480451015674,2020-06-30,1
102296,2020-07-03,12.520762907912369,0.00023924975854916936,0.006621655169194559,0.0013827375551795234,119391543887.38708,68060000000.0,0.000565303835564717,2020-06-30,0
102296,2020-07-10,12.520762907912369,0.00023924975854916936,0.006621655169194559,0.0013827375551795234,117369655367.04697,68060000000.0,0.000705630065540479,2020-06-30,0
102296,2020-07-17,12.520762907912369,0.00023924975854916936,0.006621655169194559,0.0013827375551795234,118549762130.12186,68060000000.0,0.000619724169247568,2020-06-30,0
102296,2020-07-24,12.520762907912369,0.00023924975854916936,0.006621655169194559,0.0013827375551795234,117114823605.73627,68060000000.0,0.0007257985330572968,2020-06-30,0
102296,2020-07-31,12.520762907912369,0.00023924975854916936,0.006621655169194559,0.0013827375551795234,113086046660.50491,68060000000.0,0.0011413044702124487,2020-06-30,0
102296,2020-08-07,12.520762907912369,0.00023924975854916936,0.006621655169194559,0.0013827375551795234,116548907853.70456,68060000000.0,0.0007728199090440525,2020-06-30,0
102296,2020-08-14,12.520762907912369,0.00023924975854916936,0.006621655169194559,0.0013827375551795234,117711596072.17961,68060000000.0,0.0006795017254908317,2020-06-30,0
102296,2020-08-21,12.520762907912369,0.00023924975854916936,0.006621655169194559,0.0013827375551795234,117724655650.63196,68060000000.0,0.000678524512249823,2020-06-30,0
102296,2020-08-28,12.520762907912369,0.00023924975854916936,0.006621655169194559,0.0013827375551795234,118406299260.83823,68060000000.0,0.0006295439622112418,2020-06-30,0
102296,2020-09-04,12.520762907912369,0.00023924975854916936,0.006621655169194559,0.0013827375551795234,117261139458.6337,68060000000.0,0.0007141444107637985,2020-06-30,0
102296,2020-09-11,12.520762907912369,0.00023924975854916936,0.006621655169194559,0.0013827375551795234,115921262120.17624,68060000000.0,0.0008287964249647756,2020-06-30,0
102296,2020-09-18,12.520762907912369,0.00023924975854916936,0.006621655169194559,0.0013827375551795234,114978875835.93024,68060000000.0,0.0009211107664181164,2020-06-30,0
102296,2020-09-25,12.520762907912369,0.00023924975854916936,0.006621655169194559,0.0013827375551795234,111999990487.70078,68060000000.0,0.0012924183395619981,2020-06-30,0
102296,2020-09-30,10.975816477908559,0.00024513414161562405,0.006094841982094349,0.0011111502243624908,112298998637.35175,68060000000.0,0.002049530430783961,2020-09-30,1
102296,2020-10-02,10.975816477908559,0.00024513414161562405,0.006094841982094349,0.0011111502243624908,113503540435.75177,68060000000.0,0.0018079392396834276,2020-09-30,0
102296,2020-10-09,10.975816477908559,0.00024513414161562405,0.006094841982094349,0.0011111502243624908,114621391375.0235,68060000000.0,0.001611007230853419,2020-09-30,0
102296,2020-10-16,10.975816477908559,0.00024513414161562405,0.006094841982094349,0.0011111502243624908,112975554698.2103,68060000000.0,0.00190983442481536,2020-09-30,0
102296,2020-10-23,10.975816477908559,0.00024513414161562405,0.006094841982094349,0.0011111502243624908,113244747245.28546,68060000000.0,0.0018571320957137222,2020-09-30,0
102296,2020-10-30,10.975816477908559,0.00024513414161562405,0.006094841982094349,0.0011111502243624908,110182785166.59097,68060000000.0,0.0025622567399172297,2020-09-30,0
102296,2020-11-06,10.975816477908559,0.00024513414161562405,0.006094841982094349,0.0011111502243624908,113690508218.10744,68060000000.0,0.0017732729416014158,2020-09-30,0
102296,2020-11-13,10.975816477908559,0.00024513414161562405,0.006094841982094349,0.0011111502243624908,121153359293.70274,68060000000.0,0.0008377452678405862,2020-09-30,0
102296,2020-11-20,10.975816477908559,0.00024513414161562405,0.006094841982094349,0.0011111502243624908,121290780972.76134,68060000000.0,0.0008265944772539233,2020-09-30,0
102296,2020-11-27,10.975816477908559,0.00024513414161562405,0.006094841982094349,0.0011111502243624908,122535695245.14459,68060000000.0,0.0007325818693178388,2020-09-30,0
102296,2020-12-04,10.975816477908559,0.00024513414161562405,0.006094841982094349,0.0011111502243624908,122846872215.97769,68060000000.0,0.0007109324362085191,2020-09-30,0
102296,2020-12-11,10.975816477908559,0.00024513414161562405,0.006094841982094349,0.0011111502243624908,120478916246.8605,68060000000.0,0.0008948778480446169,2020-09-30,0
102296,2020-12-18,10.975816477908559,0.00024513414161562405,0.006094841982094349,0.0011111502243624908,120068753356.14716,68060000000.0,0.0009316705726171139,2020-09-30,0
102296,2020-12-25,10.975816477908559,0.00024513414161562405,0.006094841982094349,0.0011111502243624908,119097286312.77118,68060000000.0,0.0010254931435091964,2020-09-30,0
102296,2020-12-31,9.820172848851435,0.00033439874356922216,0.005916596523373401,0.0021121555112017633,118495561592.02734,68060000000.0,0.000921157455215622,2020-12-31,1
102296,2021-01-01,9.820172848851435,0.00033439874356922216,0.005916596523373401,0.0021121555112017633,118495561592.02734,68060000000.0,0.000921157455215622,2020-12-31,0
102296,2021-01-08,9.820172848851435,0.00033439874356922216,0.005916596523373401,0.0021121555112017633,118951830871.61063,68060000000.0,0.0008835876122874484,2020-12-31,0
102296,2021-01-15,9.820172848851435,0.00033439874356922216,0.005916596523373401,0.0021121555112017633,118389530100.12625,68060000000.0,0.0009301357433031309,2020-12-31,0
102296,2021-01-22,9.820172848851435,0.00033439874356922216,0.005916596523373401,0.0021121555112017633,115878170723.29778,68060000000.0,0.001173344453456019,2020-12-31,0
102296,2021-01-29,9.820172848851435,0.00033439874356922216,0.005916596523373401,0.0021121555112017633,113835774851.42755,68060000000.0,0.0014225459848530972,2020-12-31,0
102296,2021-02-05,9.820172848851435,0.00033439874356922216,0.005916596523373401,0.0021121555112017633,119394507598.08133,68060000000.0,0.0008487306336367281,2020-12-31,0
102296,2021-02-12,9.820172848851435,0.00033439874356922216,0.005916596523373401,0.0021121555112017633,119278325437.42735,68141000000.0,0.000868857067282621,2020-12-31,0
102296,2021-02-19,9.820172848851435,0.00033439874356922216,0.005916596523373401,0.0021121555112017633,118890592710.27232,68141000000.0,0.0009000564819078548,2020-12-31,0
102296,2021-02-26,9.820172848851435,0.00033439874356922216,0.005916596523373401,0.0021121555112017633,119481825338.5709,68141000000.0,0.0008529562479591551,2020-12-31,0
102296,2021-03-05,9.820172848851435,0.00033439874356922216,0.005916596523373401,0.0021121555112017633,119777738582.21622,68141000000.0,0.0008303986535107623,2020-12-31,0
102296,2021-03-12,9.820172848851435,0.00033439874356922216,0.005916596523373401,0.0021121555112017633,122506923425.01598,68141000000.0,0.0006505251082542284,2020-12-31,0
102296,2021-03-19,9.820172848851435,0.00033439874356922216,0.005916596523373401,0.0021121555112017633,121074526127.85556,68141000000.0,0.0007389441947985971,2020-12-31,0
102296,2021-03-26,9.820172848851435,0.00033439874356922216,0.005916596523373401,0.0021121555112017633,120223410718.64558,68141000000.0,0.0007976447391562958,2020-12-31,0
102296,2021-03-31,9.087714853181144,0.0003117063317864452,0.005360151099550185,0.0009209738362518806,120290292035.9885,68141000000.0,0.001663124858961043,2021-03-31,1
102296,2021-04-02,9.087714853181144,0.0003117063317864452,0.005360151099550185,0.0009209738362518806,121806765746.7172,68141000000.0,0.0014611231663526965,2021-03-31,0
102296,2021-04-09,9.087714853181144,0.0003117063317864452,0.005360151099550185,0.0009209738362518806,121998913991.00394,68141000000.0,0.0014375167012651005,2021-03-31,0
102296,2021-04-16,9.087714853181144,0.0003117063317864452,0.005360151099550185,0.0009209738362518806,122239427643.11705,68141000000.0,0.0014085578159937727,2021-03-31,0
102296,2021-04-23,9.087714853181144,0.0003117063317864452,0.005360151099550185,0.0009209738362518806,120355001296.87538,68141000000.0,0.0016539035420584012,2021-03-31,0
102296,2021-04-30,9.087714853181144,0.0003117063317864452,0.005360151099550185,0.0009209738362518806,122673119294.55518,68141000000.0,0.0013579482923913033,2021-03-31,0
102296,2021-05-07,9.087714853181144,0.0003117063317864452,0.005360151099550185,0.0009209738362518806,125211286427.4466,68141000000.0,0.0010990961191379987,2021-03-31,0
102296,2021-05-14,9.087714853181144,0.0003117063317864452,0.005360151099550185,0.0009209738362518806,125038115099.30753,68141000000.0,0.0011149110136355008,2021-03-31,0
102296,2021-05-21,9.087714853181144,0.0003117063317864452,0.005360151099550185,0.0009209738362518806,123862059369.55865,68141000000.0,0.0012291801627739214,2021-03-31,0
102296,2021-05-28,9.087714853181144,0.0003117063317864452,0.005360151099550185,0.0009209738362518806,123853867334.39821,68141000000.0,0.0012300200325388532,2021-03-31,0
102296,2021-06-04,9.087714853181144,0.0003117063317864452,0.005360151099550185,0.0009209738362518806,124392985910.71591,68141000000.0,0.0011760712235063203,2021-03-31,0
102296,2021-06-11,9.087714853181144,0.0003117063317864452,0.005360151099550185,0.0009209738362518806,125329430652.3017,68141000000.0,0.00108844838588439,2021-03-31,0
102296,2021-06-18,9.087714853181144,0.0003117063317864452,0.005360151099550185,0.0009209738362518806,124798746921.35605,68141000000.0,0.001137185399871033,2021-03-31,0
102296,2021-06-25,9.087714853181144,0.0003117063317864452,0.005360151099550185,0.0009209738362518806,124277629702.6171,68141000000.0,0.0011873918939332936,2021-03-31,0
102296,2021-06-30,8.410780874980764,0.0002523388863224302,0.005016164474006916,0.0009595131414283028,122325246181.54372,68141000000.0,0.0016030589498291406,2021-06-30,1
102296,2021-07-02,8.410780874980764,0.0002523388863224302,0.005016164474006916,0.0009595131414283028,123277866042.89844,68141000000.0,0.001485792917316257,2021-06-30,0
102296,2021-07-09,8.410780874980764,0.0002523388863224302,0.005016164474006916,0.0009595131414283028,123446946917.79297,68141000000.0,0.001465991588900446,2021-06-30,0
102296,2021-07-16,8.410780874980764,0.0002523388863224302,0.005016164474006916,0.0009595131414283028,121927772447.71884,68141000000.0,0.0016549963475764433,2021-06-30,0
102296,2021-07-23,8.410780874980764,0.0002523388863224302,0.005016164474006916,0.0009595131414283028,122521584505.56647,68141000000.0,0.001578073454206483,2021-06-30,0
102296,2021-07-30,8.410780874980764,0.0002523388863224302,0.005016164474006916,0.0009595131414283028,121967813802.28995,68141000000.0,0.0016496804785222086,2021-06-30,0
102296,2021-08-06,8.410780874980764,0.0002523388863224302,0.005016164474006916,0.0009595131414283028,122709377319.59644,68141000000.0,0.0015545794412154643,2021-06-30,0
102296,2021-08-13,8.410780874980764,0.0002523388863224302,0.005016164474006916,0.0009595131414283028,123305491787.48898,68141000000.0,0.0014825374216802009,2021-06-30,0
102296,2021-08-20,8.410780874980764,0.0002523388863224302,0.005016164474006916,0.0009595131414283028,122601073266.32448,68141000000.0,0.0015680811476127944,2021-06-30,0
102296,2021-08-27,8.410780874980764,0.0002523388863224302,0.005016164474006916,0.0009595131414283028,122962202187.82635,68141000000.0,0.0015235606609935322,2021-06-30,0
102296,2021-09-03,8.410780874980764,0.0002523388863224302,0.005016164474006916,0.0009595131414283028,123107394209.99799,68141000000.0,0.00150605829374471,2021-06-30,0
102296,2021-09-10,8.410780874980764,0.0002523388863224302,0.005016164474006916,0.0009595131414283028,121188230825.08656,68141000000.0,0.0017566777978181543,2021-06-30,0
102296,2021-09-17,8.410780874980764,0.0002523388863224302,0.005016164474006916,0.0009595131414283028,120126622832.71799,68141000000.0,0.0019149792095594662,2021-06-30,0
102296,2021-09-24,8.410780874980764,0.0002523388863224302,0.005016164474006916,0.0009595131414283028,121979303638.76245,68141000000.0,0.001648158596325173,2021-06-30,0
102296,2021-09-30,7.89601812423666,0.0002510889786498094,0.004693028303466474,0.0006440149255792408,122584600498.83153,68141000000.0,0.002020463396631945,2021-09-30,1
102296,2021-10-01,7.89601812423666,0.0002510889786498094,0.004693028303466474,0.0006440149255792408,123009376238.82742,68141000000.0,0.0019557805700302607,2021-09-30,0
102296,2021-10-08,7.89601812423666,0.0002510889786498094,0.004693028303466474,0.0006440149255792408,122718279447.93277,68141000000.0,0.0019998528594090026,2021-09-30,0
102296,2021-10-15,7.89601812423666,0.0002510889786498094,0.004693028303466474,0.0006440149255792408,122845713243.86102,68141000000.0,0.0019804239762470518,2021-09-30,0
102296,2021-10-22,7.89601812423666,0.0002510889786498094,0.004693028303466474,0.0006440149255792408,122936163793.3636,68141000000.0,0.0019667618013558172,2021-09-30,0
102296,2021-10-29,7.89601812423666,0.0002510889786498094,0.004693028303466474,0.0006440149255792408,123886397096.24553,68141000000.0,0.0018294325455129271,2021-09-30,0
102296,2021-11-05,7.89601812423666,0.0002510889786498094,0.004693028303466474,0.0006440149255792408,125861217489.29593,68141000000.0,0.0015770285444313575,2021-09-30,0
102296,2021-11-12,7.89601812423666,0.0002510889786498094,0.004693028303466474,0.0006440149255792408,124813398175.63103,68141000000.0,0.0017057221341893246,2021-09-30,0
102296,2021-11-19,7.89601812423666,0.0002510889786498094,0.004693028303466474,0.0006440149255792408,121785154987.69861,68141000000.0,0.00214879457850618,2021-09-30,0
102296,2021-11-26,7.89601812423666,0.0002510889786498094,0.004693028303466474,0.0006440149255792408,119010382037.38892,68141000000.0,0.002670330422633039,2021-09-30,0
102296,2021-12-03,7.89601812423666,0.0002510889786498094,0.004693028303466474,0.0006440149255792408,119759775840.2333,68141000000.0,0.0025167364828920314,2021-09-30,0
102296,2021-12-10,7.89601812423666,0.0002510889786498094,0.004693028303466474,0.0006440149255792408,119787587571.53285,68141000000.0,0.0025112295263642888,2021-09-30,0
102296,2021-12-17,7.89601812423666,0.0002510889786498094,0.004693028303466474,0.0006440149255792408,120493285436.14929,68141000000.0,0.002375906379038304,2021-09-30,0
102296,2021-12-24,7.89601812423666,0.0002510889786498094,0.004693028303466474,0.0006440149255792408,121844624878.89946,68141000000.0,0.0021389404923079776,2021-09-30,0
102296,2021-12-31,7.493349008960852,0.0002007077158338983,0.004486263969164818,0.000620288461170161,123669340725.64532,68141000000.0,0.002075659955736292,2021-12-31,1
102296,2022-01-07,7.493349008960852,0.0002007077158338983,0.004486263969164818,0.000620288461170161,124310384501.55864,68141000000.0,0.001980647984410323,2021-12-31,0
102296,2022-01-14,7.493349008960852,0.0002007077158338983,0.004486263969164818,0.000620288461170161,126933135978.40092,68141000000.0,0.0016397776608938098,2021-12-31,0
102296,2022-01-21,7.493349008960852,0.0002007077158338983,0.004486263969164818,0.000620288461170161,126840155156.58337,68141000000.0,0.0016506672910178654,2021-12-31,0
102296,2022-01-28,7.493349008960852,0.0002007077158338983,0.004486263969164818,0.000620288461170161,125962697263.35062,68141000000.0,0.0017575434652253939,2021-12-31,0
102296,2022-02-04,7.493349008960852,0.0002007077158338983,0.004486263969164818,0.000620288461170161,126752004419.50475,68141000000.0,0.0016610665165065273,2021-12-31,0
102296,2022-02-11,7.493349008960852,0.0002007077158338983,0.004486263969164818,0.000620288461170161,136308210520.03088,75252000000.0,0.0021128056555138946,2021-12-31,0
102296,2022-02-18,7.493349008960852,0.0002007077158338983,0.004486263969164818,0.000620288461170161,135619351395.78818,75252000000.0,0.0022121827414377866,2021-12-31,0
102296,2022-02-25,7.493349008960852,0.0002007077158338983,0.004486263969164818,0.000620288461170161,132520729951.55713,75252000000.0,0.00272942242617903,2021-12-31,0
102296,2022-03-04,7.493349008960852,0.0002007077158338983,0.004486263969164818,0.000620288461170161,126960713162.16553,75252000000.0,0.004037449393124055,2021-12-31,0
102296,2022-03-11,7.493349008960852,0.0002007077158338983,0.004486263969164818,0.000620288461170161,128162747380.12668,75252000000.0,0.003703669506832886,2021-12-31,0
102296,2022-03-18,7.493349008960852,0.0002007077158338983,0.004486263969164818,0.000620288461170161,130625768238.70828,75252000000.0,0.0031123486243952157,2021-12-31,0
102296,2022-03-25,7.493349008960852,0.0002007077158338983,0.004486263969164818,0.000620288461170161,130066470872.63425,75252000000.0,0.0032366699117727907,2021-12-31,0
102296,2022-03-31,7.17701208360822,0.0014995647233492005,0.002718045932734834,0.0019082070281677315,130756756257.2801,75252000000.0,0.0007563116169923046,2022-03-31,1
102296,2022-04-01,7.17701208360822,0.0014995647233492005,0.002718045932734834,0.0019082070281677315,131146182259.67235,75252000000.0,0.0007362250178705983,2022-03-31,0
102296,2022-04-08,7.17701208360822,0.0014995647233492005,0.002718045932734834,0.0019082070281677315,127859483081.92072,75252000000.0,0.0009269836720276325,2022-03-31,0
102296,2022-04-15,7.17701208360822,0.0014995647233492005,0.002718045932734834,0.0019082070281677315,128921613761.12775,75252000000.0,0.0008597751434259121,2022-03-31,0
102296,2022-04-22,7.17701208360822,0.0014995647233492005,0.002718045932734834,0.0019082070281677315,130562895961.87172,75252000000.0,0.0007665430765781472,2022-03-31,0
102296,2022-04-29,7.17701208360822,0.0014995647233492005,0.002718045932734834,0.0019082070281677315,130492359118.28078,75252000000.0,0.0007703048663943349,2022-03-31,0
102296,2022-05-06,7.17701208360822,0.0014995647233492005,0.002718045932734834,0.0019082070281677315,129007046946.26926,75252000000.0,0.0008546149040360989,2022-03-31,0
102296,2022-05-13,7.17701208360822,0.0014995647233492005,0.002718045932734834,0.0019082070281677315,130309112980.82501,75252000000.0,0.0007801761672703489,2022-03-31,0
102296,2022-05-20,7.17701208360822,0.0014995647233492005,0.002718045932734834,0.0019082070281677315,129324667788.195,75252000000.0,0.0008357372547655768,2022-03-31,0
102296,2022-05-27,7.17701208360822,0.0014995647233492005,0.002718045932734834,0.0019082070281677315,130336439393.04436,75252000000.0,0.0007786950215135635,2022-03-31,0
102296,2022-06-03,7.17701208360822,0.0014995647233492005,0.002718045932734834,0.0019082070281677315,129051185737.75967,75252000000.0,0.0008519627068469852,2022-03-31,0
102296,2022-06-10,7.17701208360822,0.0014995647233492005,0.002718045932734834,0.0019082070281677315,127696691290.56021,75252000000.0,0.0009378046668531571,2022-03-31,0
102296,2022-06-17,7.17701208360822,0.0014995647233492005,0.002718045932734834,0.0019082070281677315,125622871715.77528,75252000000.0,0.0010890416231384397,2022-03-31,0
102296,2022-06-24,7.17701208360822,0.0014995647233492005,0.002718045932734834,0.0019082070281677315,127334385646.38615,75252000000.0,0.0009624081135751108,2022-03-31,0
102296,2022-06-30,7.17701208360822,0.0014995647233492005,0.002718045932734834,0.0019082070281677315,125722720096.47879,75252000000.0,0.0010811525627609053,2022-03-31,0
14447,2015-12-31,14.42381941937926,0.004936246568674625,0.009528346182176482,0.0013171910788981642,104114350500.10335,30359000000.0,7.692839345453164e-08,2015-12-31,1
14447,2016-01-01,14.42381941937926,0.004936246568674625,0.009528346182176482,0.0013171910788981642,104114350500.10335,30359000000.0,7.692839345453164e-08,2015-12-31,0
14447,2016-01-08,14.42381941937926,0.004936246568674625,0.009528346182176482,0.0013171910788981642,99273050098.10793,30359000000.0,1.5365357523528153e-07,2015-12-31,0
14447,2016-01-15,14.42381941937926,0.004936246568674625,0.009528346182176482,0.0013171910788981642,100309810412.4495,30359000000.0,1.3214179456893082e-07,2015-12-31,0
14447,2016-01-22,14.42381941937926,0.004936246568674625,0.009528346182176482,0.0013171910788981642,103235934422.73,30359000000.0,8.701536690372934e-08,2015-12-31,0
14447,2016-01-29,14.42381941937926,0.004936246568674625,0.009528346182176482,0.0013171910788981642,105807789159.87598,30359000000.0,6.083320058164516e-08,2015-12-31,0
14447,2016-02-05,14.42381941937926,0.004936246568674625,0.009528346182176482,0.0013171910788981642,107914633226.67682,30359000000.0,4.5653476348236213e-08,2015-12-31,0
14447,2016-02-12,14.42381941937926,0.004936246568674625,0.009528346182176482,0.0013171910788981642,104525851002.80475,30359000000.0,7.263877795992808e-08,2015-12-31,0
14447,2016-02-19,14.42381941937926,0.004936246568674625,0.009528346182176482,0.0013171910788981642,110286780584.90926,31802000000.0,6.540191305120065e-08,2015-12-31,0
14447,2016-02-26,14.42381941937926,0.004936246568674625,0.009528346182176482,0.0013171910788981642,109632056474.7369,31802000000.0,7.132028733188855e-08,2015-12-31,0
14447,2016-03-04,14.42381941937926,0.004936246568674625,0.009528346182176482,0.0013171910788981642,109709719025.12746,31802000000.0,7.058933330135945e-08,2015-12-31,0
14447,2016-03-11,14.42381941937926,0.004936246568674625,0.009528346182176482,0.0013171910788981642,111769930877.00873,31802000000.0,5.384568828917652e-08,2015-12-31,0
14447,2016-03-18,14.42381941937926,0.004936246568674625,0.009528346182176482,0.0013171910788981642,109193403915.48662,31802000000.0,7.560322436834153e-08,2015-12-31,0
14447,2016-03-25,14.42381941937926,0.004936246568674625,0.009528346182176482,0.0013171910788981642,106581627053.72525,31802000000.0,1.0749536581295571e-07,2015-12-31,0
14447,2016-03-31,8.545852717754626,0.0008321958929532097,0.005812264071860769,0.001178207805487384,108257358568.52428,31802000000.0,4.204262852832048e-06,2016-03-31,1
14447,2016-04-01,8.545852717754626,0.0008321958929532097,0.005812264071860769,0.001178207805487384,107394893193.85902,31802000000.0,4.532696995177459e-06,2016-03-31,0
14447,2016-04-08,8.545852717754626,0.0008321958929532097,0.005812264071860769,0.001178207805487384,105805494064.36089,31802000000.0,5.2153347237544875e-06,2016-03-31,0
14447,2016-04-15,8.545852717754626,0.0008321958929532097,0.005812264071860769,0.001178207805487384,109231359333.8184,31802000000.0,3.864774332320826e-06,2016-03-31,0
14447,2016-04-22,8.545852717754626,0.0008321958929532097,0.005812264071860769,0.001178207805487384,107901001851.28851,31802000000.0,4.336647786001738e-06,2016-03-31,0
14447,2016-04-29,8.545852717754626,0.0008321958929532097,0.005812264071860769,0.001178207805487384,105542479338.76147,31802000000.0,5.338957420152852e-06,2016-03-31,0
14447,2016-05-06,8.545852717754626,0.0008321958929532097,0.005812264071860769,0.001178207805487384,104841362225.04005,31802000000.0,5.684707818346797e-06,2016-03-31,0
14447,2016-05-13,8.545852717754626,0.0008321958929532097,0.005812264071860769,0.001178207805487384,105680504420.19385,31802000000.0,5.273681424624915e-06,2016-03-31,0
14447,2016-05-20,8.545852717754626,0.0008321958929532097,0.005812264071860769,0.001178207805487384,105098963349.85292,31802000000.0,5.554863032072693e-06,2016-03-31,0
14447,2016-05-27,8.545852717754626,0.0008321958929532097,0.005812264071860769,0.001178207805487384,105534159725.92908,31802000000.0,5.3429205950028685e-06,2016-03-31,0
14447,2016-06-03,8.545852717754626,0.0008321958929532097,0.005812264071860769,0.001178207805487384,105636400020.72263,31802000000.0,5.294442733956923e-06,2016-03-31,0
14447,2016-06-10,8.545852717754626,0.0008321958929532097,0.005812264071860769,0.001178207805487384,104422481952.35812,31802000000.0,5.90310851959022e-06,2016-03-31,0
14447,2016-06-17,8.545852717754626,0.0008321958929532097,0.005812264071860769,0.001178207805487384,101789167127.69196,31802000000.0,7.509480190802318e-06,2016-03-31,0
14447,2016-06-24,8.545852717754626,0.0008321958929532097,0.005812264071860769,0.001178207805487384,100613442723.0663,31802000000.0,8.379118951584563e-06,2016-03-31,0
14447,2016-06-30,7.279017445225446,0.0005710050570648369,0.004946471558194818,0.00014199019751096073,101048813791.61188,31802000000.0,2.973561480462154e-05,2016-06-30,1
14447,2016-07-01,7.279017445225446,0.0005710050570648369,0.004946471558194818,0.00014199019751096073,101125900449.11775,31802000000.0,2.954819263981079e-05,2016-06-30,0
14447,2016-07-08,7.279017445225446,0.0005710050570648369,0.004946471558194818,0.00014199019751096073,100247683286.64175,31802000000.0,3.1765034894307446e-05,2016-06-30,0
14447,2016-07-15,7.279017445225446,0.0005710050570648369,0.004946471558194818,0.00014199019751096073,103084702077.71536,31802000000.0,2.5205791665753802e-05,2016-06-30,0
14447,2016-07-22,7.279017445225446,0.0005710050570648369,0.004946471558194818,0.00014199019751096073,104244724762.47891,31802000000.0,2.297639366985782e-05,2016-06-30,0
14447,2016-07-29,7.279017445225446,0.0005710050570648369,0.004946471558194818,0.00014199019751096073,109882262858.66296,31802000000.0,1.4874212222399293e-05,2016-06-30,0
14447,2016-08-05,7.279017445225446,0.0005710050570648369,0.004946471558194818,0.00014199019751096073,109893082759.14473,31802000000.0,1.4862148393791974e-05,2016-06-30,0
14447,2016-08-12,7.279017445225446,0.0005710050570648369,0.004946471558194818,0.00014199019751096073,112534253276.84706,31802000000.0,1.2222419281761021e-05,2016-06-30,0
14447,2016-08-19,7.279017445225446,0.0005710050570648369,0.004946471558194818,0.00014199019751096073,111742505967.91096,31802000000.0,1.2953566860913699e-05,2016-06-30,0
14447,2016-08-26,7.279017445225446,0.0005710050570648369,0.004946471558194818,0.00014199019751096073,111158815730.99022,31802000000.0,1.3524267278784464e-05,2016-06-30,0
14447,2016-09-02,7.279017445225446,0.0005710050570648369,0.004946471558194818,0.00014199019751096073,111316377192.65044,31802000000.0,1.336746137950504e-05,2016-06-30,0
14447,2016-09-09,7.279017445225446,0.0005710050570648369,0.004946471558194818,0.00014199019751096073,109282874381.98065,31802000000.0,1.556012214110786e-05,2016-06-30,0
14447,2016-09-16,7.279017445225446,0.0005710050570648369,0.004946471558194818,0.00014199019751096073,106468331881.32115,31802000000.0,1.929814774493232e-05,2016-06-30,0
14447,2016-09-23,7.279017445225446,0.0005710050570648369,0.004946471558194818,0.00014199019751096073,110082119602.00885,31802000000.0,1.465315240478997e-05,2016-06-30,0
14447,2016-09-30,6.495627657216586,0.00029623761871508744,0.004598280459000035,0.001546745988041218,109106724145.95383,31802000000.0,1.787922503133743e-05,2016-09-30,1
14447,2016-10-07,6.495627657216586,0.00029623761871508744,0.004598280459000035,0.001546745988041218,110940961202.05072,31802000000.0,1.5793118720009568e-05,2016-09-30,0
14447,2016-10-14,6.495627657216586,0.00029623761871508744,0.004598280459000035,0.001546745988041218,116727285215.53537,31802000000.0,1.0828650386528688e-05,2016-09-30,0
14447,2016-10-21,6.495627657216586,0.00029623761871508744,0.004598280459000035,0.001546745988041218,116907738512.05426,31802000000.0,1.0705437402624496e-05,2016-09-30,0
14447,2016-10-28,6.495627657216586,0.00029623761871508744,0.004598280459000035,0.001546745988041218,117185491204.01814,31802000000.0,1.0518911742943894e-05,2016-09-30,0
14447,2016-11-04,6.495627657216586,0.00029623761871508744,0.004598280459000035,0.001546745988041218,114018747680.83415,31802000000.0,1.2887775756388994e-05,2016-09-30,0
14447,2016-11-11,6.495627657216586,0.00029623761871508744,0.004598280459000035,0.001546745988041218,114177980854.25546,31802000000.0,1.2754990774830275e-05,2016-09-30,0
14447,2016-11-18,6.495627657216586,0.00029623761871508744,0.004598280459000035,0.001546745988041218,115828306905.2834,31802000000.0,1.1467185530053965e-05,2016-09-30,0
14447,2016-11-25,6.495627657216586,0.00029623761871508744,0.004598280459000035,0.001546745988041218,117743776761.77739,31802000000.0,1.0155135721503087e-05,2016-09-30,0
14447,2016-12-02,6.495627657216586,0.00029623761871508744,0.004598280459000035,0.001546745988041218,117820394896.78566,31802000000.0,1.0106344583511621e-05,2016-09-30,0
14447,2016-12-09,6.495627657216586,0.00029623761871508744,0.004598280459000035,0.001546745988041218,121361147704.24222,31802000000.0,8.118795555447924e-06,2016-09-30,0
14447,2016-12-16,6.495627657216586,0.00029623761871508744,0.004598280459000035,0.001546745988041218,122932741182.55295,31802000000.0,7.382903961676745e-06,2016-09-30,0
14447,2016-12-23,6.495627657216586,0.00029623761871508744,0.004598280459000035,0.001546745988041218,122996294756.23839,31802000000.0,7.354792407593175e-06,2016-09-30,0
14447,2016-12-30,6.292936026543046,0.0001987084536964375,0.004297625873770073,0.002626009951080718,124056808680.5952,31802000000.0,5.15970856081788e-06,2016-12-31,1
14447,2017-01-06,6.292936026543046,0.0001987084536964375,0.004297625873770073,0.002626009951080718,122951806514.22437,31802000000.0,5.501098559647157e-06,2016-12-31,0
14447,2017-01-13,6.292936026543046,0.0001987084536964375,0.004297625873770073,0.002626009951080718,127870905095.53404,31802000000.0,4.1550843322675436e-06,2016-12-31,0
14447,2017-01-20,6.292936026543046,0.0001987084536964375,0.004297625873770073,0.002626009951080718,128868753495.73544,31802000000.0,3.930694488719836e-06,2016-12-31,0
14447,2017-01-27,6.292936026543046,0.0001987084536964375,0.004297625873770073,0.002626009951080718,126769152692.49626,31802000000.0,4.420131709892136e-06,2016-12-31,0
14447,2017-02-03,6.292936026543046,0.0001987084536964375,0.004297625873770073,0.002626009951080718,127841108921.27303,31802000000.0,4.162007667823087e-06,2016-12-31,0
14447,2017-02-10,6.292936026543046,0.0001987084536964375,0.004297625873770073,0.002626009951080718,125891910672.51337,31802000000.0,4.645118919650979e-06,2016-12-31,0
14447,2017-02-17,6.292936026543046,0.0001987084536964375,0.004297625873770073,0.002626009951080718,126707519231.02602,31719000000.0,4.353442045146879e-06,2016-12-31,0
14447,2017-02-24,6.292936026543046,0.0001987084536964375,0.004297625873770073,0.002626009951080718,128688300750.92436,31719000000.0,3.896825642570115e-06,2016-12-31,0
14447,2017-03-03,6.292936026543046,0.0001987084536964375,0.004297625873770073,0.002626009951080718,130524886543.89247,31719000000.0,3.5220265655186785e-06,2016-12-31,0
14447,2017-03-10,6.292936026543046,0.0001987084536964375,0.004297625873770073,0.002626009951080718,131579203096.7996,31719000000.0,3.325654492961417e-06,2016-12-31,0
14447,2017-03-17,6.292936026543046,0.0001987084536964375,0.004297625873770073,0.002626009951080718,134147891807.04933,31719000000.0,2.8976966409309425e-06,2016-12-31,0
14447,2017-03-24,6.292936026543046,0.0001987084536964375,0.004297625873770073,0.002626009951080718,133927532053.77586,31719000000.0,2.9318184052181197e-06,2016-12-31,0
14447,2017-03-31,6.248324031426063,9.457651595942998e-05,0.0038654636087601343,0.0017642432711366537,136317617370.67195,31719000000.0,3.021299508034078e-06,2017-03-31,1
14447,2017-04-07,6.248324031426063,9.457651595942998e-05,0.0038654636087601343,0.0017642432711366537,138062437158.0973,31719000000.0,2.7604477129233876e-06,2017-03-31,0
14447,2017-04-14,6.248324031426063,9.457651595942998e-05,0.0038654636087601343,0.0017642432711366537,137741000013.24774,31719000000.0,2.8064921104605997e-06,2017-03-31,0
14447,2017-04-21,6.248324031426063,9.457651595942998e-05,0.0038654636087601343,0.0017642432711366537,136891293970.69179,31719000000.0,2.932525142640638e-06,2017-03-31,0
14447,2017-04-28,6.248324031426063,9.457651595942998e-05,0.0038654636087601343,0.0017642432711366537,146816855063.7593,31719000000.0,1.7860124240214084e-06,2017-03-31,0
14447,2017-05-05,6.248324031426063,9.457651595942998e-05,0.0038654636087601343,0.0017642432711366537,152689221418.65134,31719000000.0,1.3540782571269386e-06,2017-03-31,0
14447,2017-05-12,6.248324031426063,9.457651595942998e-05,0.0038654636087601343,0.0017642432711366537,149467410251.1998,31719000000.0,1.5739531645188145e-06,2017-03-31,0
14447,2017-05-19,6.248324031426063,9.457651595942998e-05,0.0038654636087601343,0.0017642432711366537,148232250665.3993,31719000000.0,1.6689450305935311e-06,2017-03-31,0
14447,2017-05-26,6.248324031426063,9.457651595942998e-05,0.0038654636087601343,0.0017642432711366537,147376981375.30252,31719000000.0,1.7385895076449401e-06,2017-03-31,0
14447,2017-06-02,6.248324031426063,9.457651595942998e-05,0.0038654636087601343,0.0017642432711366537,149444798552.14835,31719000000.0,1.5756353104874962e-06,2017-03-31,0
14447,2017-06-09,6.248324031426063,9.457651595942998e-05,0.0038654636087601343,0.0017642432711366537,147647024484.29825,31719000000.0,1.7162449570782969e-06,2017-03-31,0
14447,2017-06-16,6.248324031426063,9.457651595942998e-05,0.0038654636087601343,0.0017642432711366537,149052382140.6374,31719000000.0,1.6051601955291525e-06,2017-03-31,0
14447,2017-06-23,6.248324031426063,9.457651595942998e-05,0.0038654636087601343,0.0017642432711366537,149526349872.00616,31719000000.0,1.569578187573709e-06,2017-03-31,0
14447,2017-06-30,6.2158186369873265,0.000226961848746446,0.0037158711384284956,0.0024600269351191984,142741124366.80872,31719000000.0,1.6329841286533295e-06,2017-06-30,1
14447,2017-07-07,6.2158186369873265,0.000226961848746446,0.0037158711384284956,0.0024600269351191984,141781215498.08362,31719000000.0,1.7123997345661066e-06,2017-06-30,0
14447,2017-07-14,6.2158186369873265,0.000226961848746446,0.0037158711384284956,0.0024600269351191984,143490593078.88513,31719000000.0,1.5739185593475554e-06,2017-06-30,0
14447,2017-07-21,6.2158186369873265,0.000226961848746446,0.0037158711384284956,0.0024600269351191984,143238499470.47552,31719000000.0,1.5935071994260635e-06,2017-06-30,0
14447,2017-07-28,6.2158186369873265,0.000226961848746446,0.0037158711384284956,0.0024600269351191984,140142862493.38196,31719000000.0,1.8584460117005987e-06,2017-06-30,0
14447,2017-08-04,6.2158186369873265,0.000226961848746446,0.0037158711384284956,0.0024600269351191984,144446195031.9218,31719000000.0,1.5021398729000758e-06,2017-06-30,0
14447,2017-08-11,6.2158186369873265,0.000226961848746446,0.0037158711384284956,0.0024600269351191984,140672520451.3548,31719000000.0,1.8097168037928185e-06,2017-06-30,0
14447,2017-08-18,6.2158186369873265,0.000226961848746446,0.0037158711384284956,0.0024600269351191984,142320799689.5704,31719000000.0,1.6672250602786401e-06,2017-06-30,0
14447,2017-08-25,6.2158186369873265,0.000226961848746446,0.0037158711384284956,0.0024600269351191984,141972360795.3273,31719000000.0,1.696237522304889e-06,2017-06-30,0
14447,2017-09-01,6.2158186369873265,0.000226961848746446,0.0037158711384284956,0.0024600269351191984,144380493144.26147,31719000000.0,1.506952582040841e-06,2017-06-30,0
14447,2017-09-08,6.2158186369873265,0.000226961848746446,0.0037158711384284956,0.0024600269351191984,143478932336.20953,31719000000.0,1.5748185064998525e-06,2017-06-30,0
14447,2017-09-15,6.2158186369873265,0.000226961848746446,0.0037158711384284956,0.0024600269351191984,148560017241.50626,31719000000.0,1.233212870877168e-06,2017-06-30,0
14447,2017-09-22,6.2158186369873265,0.000226961848746446,0.0037158711384284956,0.0024600269351191984,148767629811.99188,31719000000.0,1.2211848229648074e-06,2017-06-30,0
14447,2017-09-29,6.20874115059296,0.0007222755827703811,0.0032293648205357016,0.0033353894545456227,150312809788.43494,31719000000.0,6.304981368337302e-07,2017-09-30,1
17436,2015-12-31,14.508145946908085,0.00019804185031220968,0.007992453869675805,-4.6376071017244004e-05,108290432863.49985,43164000000.0,8.181070140116343e-06,2015-12-31,1
17436,2016-01-01,14.508145946908085,0.00019804185031220968,0.007992453869675805,-4.6376071017244004e-05,108290432863.49985,43164000000.0,8.181070140116343e-06,2015-12-31,0
17436,2016-01-08,14.508145946908085,0.00019804185031220968,0.007992453869675805,-4.6376071017244004e-05,101841086535.97282,43164000000.0,2.0092741615044752e-05,2015-12-31,0
17436,2016-01-15,14.508145946908085,0.00019804185031220968,0.007992453869675805,-4.6376071017244004e-05,100116422944.15097,43164000000.0,2.577434206444639e-05,2015-12-31,0
17436,2016-01-22,14.508145946908085,0.00019804185031220968,0.007992453869675805,-4.6376071017244004e-05,101160153594.19524,43164000000.0,2.2158509114041527e-05,2015-12-31,0
17436,2016-01-29,14.508145946908085,0.00019804185031220968,0.007992453869675805,-4.6376071017244004e-05,99478069290.79883,43164000000.0,2.829046965867762e-05,2015-12-31,0
17436,2016-02-05,14.508145946908085,0.00019804185031220968,0.007992453869675805,-4.6376071017244004e-05,97920317025.15411,43164000000.0,3.559041799579819e-05,2015-12-31,0
17436,2016-02-12,14.508145946908085,0.00019804185031220968,0.007992453869675805,-4.6376071017244004e-05,96508029118.53502,43164000000.0,4.3947665840860784e-05,2015-12-31,0
17436,2016-02-19,14.508145946908085,0.00019804185031220968,0.007992453869675805,-4.6376071017244004e-05,98521635680.67432,43164000000.0,3.2559993522623246e-05,2015-12-31,0
17436,2016-02-26,14.508145946908085,0.00019804185031220968,0.007992453869675805,-4.6376071017244004e-05,99372540595.29694,43164000000.0,2.873093872508838e-05,2015-12-31,0
17436,2016-03-04,14.508145946908085,0.00019804185031220968,0.007992453869675805,-4.6376071017244004e-05,97612839372.3851,39291000000.0,9.445073174452766e-06,2015-12-31,0
17436,2016-03-11,14.508145946908085,0.00019804185031220968,0.007992453869675805,-4.6376071017244004e-05,98627978200.74417,39291000000.0,8.115380281034225e-06,2015-12-31,0
17436,2016-03-18,14.508145946908085,0.00019804185031220968,0.007992453869675805,-4.6376071017244004e-05,100540438143.53763,39291000000.0,6.121363400194143e-06,2015-12-31,0
17436,2016-03-25,14.508145946908085,0.00019804185031220968,0.007992453869675805,-4.6376071017244004e-05,100135284136.1193,39291000000.0,6.495464298649713e-06,2015-12-31,0
17436,2016-03-31,8.237079667639302,-0.0005366708694740139,0.004728110726209595,-0.0009438615612021424,100377420125.56812,39291000000.0,0.00013400888330762368,2016-03-31,1
17436,2016-04-01,8.237079667639302,-0.0005366708694740139,0.004728110726209595,-0.0009438615612021424,99292875374.24017,39291000000.0,0.0001485196847540632,2016-03-31,0
17436,2016-04-08,8.237079667639302,-0.0005366708694740139,0.004728110726209595,-0.0009438615612021424,97437739514.55034,39291000000.0,0.0001775867064995835,2016-03-31,0
17436,2016-04-15,8.237079667639302,-0.0005366708694740139,0.004728110726209595,-0.0009438615612021424,102190905283.17036,39291000000.0,0.00011314556151520552,2016-03-31,0
17436,2016-04-22,8.237079667639302,-0.0005366708694740139,0.004728110726209595,-0.0009438615612021424,104643604417.0476,39291000000.0,9.046236161682275e-05,2016-03-31,0
17436,2016-04-29,8.237079667639302,-0.0005366708694740139,0.004728110726209595,-0.0009438615612021424,105763326618.73746,39291000000.0,8.18331181710133e-05,2016-03-31,0
17436,2016-05-06,8.237079667639302,-0.0005366708694740139,0.004728110726209595,-0.0009438615612021424,102321970445.08148,39291000000.0,0.0001117843584913861,2016-03-31,0
17436,2016-05-13,8.237079667639302,-0.0005366708694740139,0.004728110726209595,-0.0009438615612021424,101709566862.32196,39291000000.0,0.00011830560819427408,2016-03-31,0
17436,2016-05-20,8.237079667639302,-0.0005366708694740139,0.004728110726209595,-0.0009438615612021424,101307457657.92201,39291000000.0,0.0001228179985164975,2016-03-31,0
17436,2016-05-27,8.237079667639302,-0.0005366708694740139,0.004728110726209595,-0.0009438615612021424,103728186812.48624,39291000000.0,9.827458778769489e-05,2016-03-31,0
17436,2016-06-03,8.237079667639302,-0.0005366708694740139,0.004728110726209595,-0.0009438615612021424,102287186105.84789,39291000000.0,0.0001121438286062477,2016-03-31,0
17436,2016-06-10,8.237079667639302,-0.0005366708694740139,0.004728110726209595,-0.0009438615612021424,101758116113.94022,39291000000.0,0.00011777342513102214,2016-03-31,0
17436,2016-06-17,8.237079667639302,-0.0005366708694740139,0.004728110726209595,-0.0009438615612021424,101527267365.81781,39291000000.0,0.00012032800686174116,2016-03-31,0
17436,2016-06-24,8.237079667639302,-0.0005366708694740139,0.004728110726209595,-0.0009438615612021424,101144438305.72995,39291000000.0,0.00012470180147994956,2016-03-31,0
17436,2016-06-30,6.740569446381315,0.00014160791030154587,0.004016827218905527,-0.0012269635327644432,102591234646.98819,39291000000.0,0.00026626666849883433,2016-06-30,1
17436,2016-07-01,6.740569446381315,0.00014160791030154587,0.004016827218905527,-0.0012269635327644432,103345548415.45242,39291000000.0,0.0002509911418099094,2016-06-30,0
17436,2016-07-08,6.740569446381315,0.00014160791030154587,0.004016827218905527,-0.0012269635327644432,101103849991.01358,39291000000.0,0.0002996034775031952,2016-06-30,0
17436,2016-07-15,6.740569446381315,0.00014160791030154587,0.004016827218905527,-0.0012269635327644432,105468485089.69482,39291000000.0,0.00021309486671914748,2016-06-30,0
17436,2016-07-22,6.740569446381315,0.00014160791030154587,0.004016827218905527,-0.0012269635327644432,105220271134.11972,39291000000.0,0.00021717011405060306,2016-06-30,0
17436,2016-07-29,6.740569446381315,0.00014160791030154587,0.004016827218905527,-0.0012269635327644432,104075153020.57854,39291000000.0,0.00023716051413191842,2016-06-30,0
17436,2016-08-05,6.740569446381315,0.00014160791030154587,0.004016827218905527,-0.0012269635327644432,103460626461.18451,39291000000.0,0.00024874977242705725,2016-06-30,0
17436,2016-08-12,6.740569446381315,0.00014160791030154587,0.004016827218905527,-0.0012269635327644432,106566256162.4224,39291000000.0,0.00019608688757098396,2016-06-30,0
17436,2016-08-19,6.740569446381315,0.00014160791030154587,0.004016827218905527,-0.0012269635327644432,105798040369.8842,39291000000.0,0.00020781826181289032,2016-06-30,0
17436,2016-08-26,6.740569446381315,0.00014160791030154587,0.004016827218905527,-0.0012269635327644432,106257533045.09305,39291000000.0,0.00020070813516413674,2016-06-30,0
17436,2016-09-02,6.740569446381315,0.00014160791030154587,0.004016827218905527,-0.0012269635327644432,106686508381.68674,39291000000.0,0.00019431978940762123,2016-06-30,0
17436,2016-09-09,6.740569446381315,0.00014160791030154587,0.004016827218905527,-0.0012269635327644432,106205514762.5936,39291000000.0,0.00020149896403878924,2016-06-30,0
17436,2016-09-16,6.740569446381315,0.00014160791030154587,0.004016827218905527,-0.0012269635327644432,104115575775.64297,39291000000.0,0.00023642005042531314,2016-06-30,0
17436,2016-09-23,6.740569446381315,0.00014160791030154587,0.004016827218905527,-0.0012269635327644432,106891144042.17789,39291000000.0,0.00019135428565712816,2016-06-30,0
17436,2016-09-30,6.048849622871804,-1.3288567042708495e-05,0.0035994787879721603,0.0007152051408046428,109481033845.58234,39291000000.0,0.0001089450416534388,2016-09-30,1
17436,2016-10-07,6.048849622871804,-1.3288567042708495e-05,0.0035994787879721603,0.0007152051408046428,111361421012.61658,39291000000.0,9.631566484190251e-05,2016-09-30,0
17436,2016-10-14,6.048849622871804,-1.3288567042708495e-05,0.0035994787879721603,0.0007152051408046428,112378535773.66302,39291000000.0,9.019353079220916e-05,2016-09-30,0
17436,2016-10-21,6.048849622871804,-1.3288567042708495e-05,0.0035994787879721603,0.0007152051408046428,112887088547.02272,39291000000.0,8.730185467771839e-05,2016-09-30,0
17436,2016-10-28,6.048849622871804,-1.3288567042708495e-05,0.0035994787879721603,0.0007152051408046428,113538664994.86923,39291000000.0,8.375213593231107e-05,2016-09-30,0
17436,2016-11-04,6.048849622871804,-1.3288567042708495e-05,0.0035994787879721603,0.0007152051408046428,110353870778.16505,39291000000.0,0.00010285871281588712,2016-09-30,0
17436,2016-11-11,6.048849622871804,-1.3288567042708495e-05,0.0035994787879721603,0.0007152051408046428,113871037607.90115,39291000000.0,8.200581260288411e-05,2016-09-30,0
17436,2016-11-18,6.048849622871804,-1.3288567042708495e-05,0.0035994787879721603,0.0007152051408046428,113433240503.56868,39291000000.0,8.431499984300865e-05,2016-09-30,0
17436,2016-11-25,6.048849622871804,-1.3288567042708495e-05,0.0035994787879721603,0.0007152051408046428,113542529902.61893,39291000000.0,8.373158376788505e-05,2016-09-30,0
17436,2016-12-02,6.048849622871804,-1.3288567042708495e-05,0.0035994787879721603,0.0007152051408046428,114011650883.24742,39291000000.0,8.127970866552521e-05,2016-09-30,0
17436,2016-12-09,6.048849622871804,-1.3288567042708495e-05,0.0035994787879721603,0.0007152051408046428,118025420739.72705,39291000000.0,6.337604747662983e-05,2016-09-30,0
17436,2016-12-16,6.048849622871804,-1.3288567042708495e-05,0.0035994787879721603,0.0007152051408046428,120174056829.85593,39291000000.0,5.568721925349126e-05,2016-09-30,0
17436,2016-12-23,6.048849622871804,-1.3288567042708495e-05,0.0035994787879721603,0.0007152051408046428,119941932782.57256,39291000000.0,5.646372676108914e-05,2016-09-30,0
17436,2016-12-30,5.979806808069821,-6.167876455237471e-05,0.003372836797721934,0.0017503481962831365,120726332566.69118,39291000000.0,3.4985531942988394e-05,2016-12-31,1
17436,2017-01-06,5.979806808069821,-6.167876455237471e-05,0.003372836797721934,0.0017503481962831365,119971552756.37141,39291000000.0,3.656914286808445e-05,2016-12-31,0
17436,2017-01-13,5.979806808069821,-6.167876455237471e-05,0.003372836797721934,0.0017503481962831365,121396410314.91177,39291000000.0,3.364582341224793e-05,2016-12-31,0
17436,2017-01-20,5.979806808069821,-6.167876455237471e-05,0.003372836797721934,0.0017503481962831365,122166035318.11795,39291000000.0,3.2179714079046156e-05,2016-12-31,0
17436,2017-01-27,5.979806808069821,-6.167876455237471e-05,0.003372836797721934,0.0017503481962831365,123298134473.02087,39291000000.0,3.015534171461237e-05,2016-12-31,0
17436,2017-02-03,5.979806808069821,-6.167876455237471e-05,0.003372836797721934,0.0017503481962831365,121402816065.17297,39291000000.0,3.3633305741535924e-05,2016-12-31,0
17436,2017-02-10,5.979806808069821,-6.167876455237471e-05,0.003372836797721934,0.0017503481962831365,120928513190.47935,39291000000.0,3.4574907513752946e-05,2016-12-31,0
17436,2017-02-17,5.979806808069821,-6.167876455237471e-05,0.003372836797721934,0.0017503481962831365,121448590574.4511,39291000000.0,3.3544013063835545e-05,2016-12-31,0
17436,2017-02-24,5.979806808069821,-6.167876455237471e-05,0.003372836797721934,0.0017503481962831365,119886245819.45302,39291000000.0,3.6753289939150155e-05,2016-12-31,0
17436,2017-03-03,5.979806808069821,-6.167876455237471e-05,0.003372836797721934,0.0017503481962831365,127218904991.89323,43928000000.0,5.319010590656645e-05,2016-12-31,0
17436,2017-03-10,5.979806808069821,-6.167876455237471e-05,0.003372836797721934,0.0017503481962831365,126348763938.71692,43928000000.0,5.5848798742833496e-05,2016-12-31,0
17436,2017-03-17,5.979806808069821,-6.167876455237471e-05,0.003372836797721934,0.0017503481962831365,126334528748.16844,43928000000.0,5.58935556129234e-05,2016-12-31,0
17436,2017-03-24,5.979806808069821,-6.167876455237471e-05,0.003372836797721934,0.0017503481962831365,127182753893.92427,43928000000.0,5.329760555542212e-05,2016-12-31,0
17436,2017-03-31,5.979009206784214,-0.00011964737413122746,0.0030503201615891206,9.244112845770287e-05,129600880345.59462,43928000000.0,7.174744302533708e-05,2017-03-31,1
17436,2017-04-07,5.979009206784214,-0.00011964737413122746,0.0030503201615891206,9.244112845770287e-05,129951551194.67747,43928000000.0,7.036931598201784e-05,2017-03-31,0
17436,2017-04-14,5.979009206784214,-0.00011964737413122746,0.0030503201615891206,9.244112845770287e-05,127666572309.3719,43928000000.0,7.993516605214946e-05,2017-03-31,0
17436,2017-04-21,5.979009206784214,-0.00011964737413122746,0.0030503201615891206,9.244112845770287e-05,125817926917.49712,43928000000.0,8.878823776821608e-05,2017-03-31,0
17436,2017-04-28,5.979009206784214,-0.00011964737413122746,0.0030503201615891206,9.244112845770287e-05,126433390513.96255,43928000000.0,8.572053916709756e-05,2017-03-31,0
17436,2017-05-05,5.979009206784214,-0.00011964737413122746,0.0030503201615891206,9.244112845770287e-05,127044439198.57117,43928000000.0,8.279505171464673e-05,2017-03-31,0
17436,2017-05-12,5.979009206784214,-0.00011964737413122746,0.0030503201615891206,9.244112845770287e-05,126516386281.91919,43928000000.0,8.531573312298932e-05,2017-03-31,0
17436,2017-05-19,5.979009206784214,-0.00011964737413122746,0.0030503201615891206,9.244112845770287e-05,122984381859.23267,43928000000.0,0.00010465893214010592,2017-03-31,0
17436,2017-05-26,5.979009206784214,-0.00011964737413122746,0.0030503201615891206,9.244112845770287e-05,121268249023.88844,43928000000.0,0.00011586535597613208,2017-03-31,0
17436,2017-06-02,5.979009206784214,-0.00011964737413122746,0.0030503201615891206,9.244112845770287e-05,122616686023.40881,43928000000.0,0.00010695028877959092,2017-03-31,0
17436,2017-06-09,5.979009206784214,-0.00011964737413122746,0.0030503201615891206,9.244112845770287e-05,123791985766.31047,43928000000.0,9.982291438623614e-05,2017-03-31,0
17436,2017-06-16,5.979009206784214,-0.00011964737413122746,0.0030503201615891206,9.244112845770287e-05,122337012740.95596,43928000000.0,0.00010873206998064589,2017-03-31,0
17436,2017-06-23,5.979009206784214,-0.00011964737413122746,0.0030503201615891206,9.244112845770287e-05,122279627836.45663,43928000000.0,0.00010910190348114906,2017-03-31,0
17436,2017-06-30,5.970514210785567,4.4055505051992e-06,0.0028096229926776084,0.00018308759793018357,118695060312.20432,43928000000.0,0.00011407758091160526,2017-06-30,1
17436,2017-07-07,5.970514210785567,4.4055505051992e-06,0.0028096229926776084,0.00018308759793018357,118728376396.68752,43928000000.0,0.00011384509930539936,2017-06-30,0
17436,2017-07-14,5.970514210785567,4.4055505051992e-06,0.0028096229926776084,0.00018308759793018357,121128648173.896,43928000000.0,9.84528961899165e-05,2017-06-30,0
17436,2017-07-21,5.970514210785567,4.4055505051992e-06,0.0028096229926776084,0.00018308759793018357,118522550224.92194,43928000000.0,0.00011529020247999503,2017-06-30,0
17436,2017-07-28,5.970514210785567,4.4055505051992e-06,0.0028096229926776084,0.00018308759793018357,117384861728.00089,43928000000.0,0.0001236720875577851,2017-06-30,0
17436,2017-08-04,5.970514210785567,4.4055505051992e-06,0.0028096229926776084,0.00018308759793018357,119660414663.20581,43928000000.0,0.0001075584764869972,2017-06-30,0
17436,2017-08-11,5.970514210785567,4.4055505051992e-06,0.0028096229926776084,0.00018308759793018357,117607371508.38284,43928000000.0,0.00012197862295839104,2017-06-30,0
17436,2017-08-18,5.970514210785567,4.4055505051992e-06,0.0028096229926776084,0.00018308759793018357,119013461579.76225,43928000000.0,0.00011187805042530453,2017-06-30,0
17436,2017-08-25,5.970514210785567,4.4055505051992e-06,0.0028096229926776084,0.00018308759793018357,119849022214.69571,43928000000.0,0.00010633578448786585,2017-06-30,0
17436,2017-09-01,5.970514210785567,4.4055505051992e-06,0.0028096229926776084,0.00018308759793018357,119977570119.44722,43928000000.0,0.00010551167081688888,2017-06-30,0
17436,2017-09-08,5.970514210785567,4.4055505051992e-06,0.0028096229926776084,0.00018308759793018357,121793029738.09625,43928000000.0,9.462823511549226e-05,2017-06-30,0
17436,2017-09-15,5.970514210785567,4.4055505051992e-06,0.0028096229926776084,0.00018308759793018357,123426797482.38597,43928000000.0,8.59329902185797e-05,2017-06-30,0
17436,2017-09-22,5.970514210785567,4.4055505051992e-06,0.0028096229926776084,0.00018308759793018357,125399017297.83598,43928000000.0,7.664167501798084e-05,2017-06-30,0
17436,2017-09-29,5.970305125852129,0.00020369451013943368,0.0024043725211959125,0.0018661312844374916,126958890206.80966,43928000000.0,2.873397995361485e-05,2017-09-30,1
17452,2015-12-31,14.448122229919305,0.01977844301127624,0.004737507656771253,0.00190893110044601,60871888484.02253,20002000000.0,1.0717917630580757e-08,2015-12-31,1
17452,2016-01-01,14.448122229919305,0.01977844301127624,0.004737507656771253,0.00190893110044601,60871888484.02253,20002000000.0,1.0717917630580757e-08,2015-12-31,0
17452,2016-01-08,14.448122229919305,0.01977844301127624,0.004737507656771253,0.00190893110044601,59209521867.865,20002000000.0,1.6398906706882962e-08,2015-12-31,0
17452,2016-01-15,14.448122229919305,0.01977844301127624,0.004737507656771253,0.00190893110044601,58701915428.07162,20002000000.0,1.8718885641010735e-08,2015-12-31,0
17452,2016-01-22,14.448122229919305,0.01977844301127624,0.004737507656771253,0.00190893110044601,59130344444.23919,20002000000.0,1.6739595007043072e-08,2015-12-31,0
17452,2016-01-29,14.448122229919305,0.01977844301127624,0.004737507656771253,0.00190893110044601,61649025519.11573,20002000000.0,8.82137837684107e-09,2015-12-31,0
17452,2016-02-05,14.448122229919305,0.01977844301127624,0.004737507656771253,0.00190893110044601,59888903520.01329,20002000000.0,1.3762334743299468e-08,2015-12-31,0
17452,2016-02-12,14.448122229919305,0.01977844301127624,0.004737507656771253,0.00190893110044601,58479470351.647705,20002000000.0,1.984375998700157e-08,2015-12-31,0
17452,2016-02-19,14.448122229919305,0.01977844301127624,0.004737507656771253,0.00190893110044601,59626625794.063385,20002000000.0,1.4722234683455974e-08,2015-12-31,0
17452,2016-02-26,14.448122229919305,0.01977844301127624,0.004737507656771253,0.00190893110044601,61718656247.81366,20002000000.0,8.66986464568208e-09,2015-12-31,0
17452,2016-03-04,14.448122229919305,0.01977844301127624,0.004737507656771253,0.00190893110044601,61863761590.73392,20002000000.0,8.362971101887753e-09,2015-12-31,0
17452,2016-03-11,14.448122229919305,0.01977844301127624,0.004737507656771253,0.00190893110044601,61924228828.383804,20002000000.0,8.23852512037918e-09,2015-12-31,0
17452,2016-03-18,14.448122229919305,0.01977844301127624,0.004737507656771253,0.00190893110044601,61268434342.806175,20002000000.0,9.701019110576113e-09,2015-12-31,0
17452,2016-03-25,14.448122229919305,0.01977844301127624,0.004737507656771253,0.00190893110044601,60752400972.602005,20043000000.0,1.139902168679479e-08,2015-12-31,0
17452,2016-03-31,12.459123550832265,0.002730671386833595,0.003654194797719037,0.001413061728060272,61081576041.587875,20043000000.0,5.070301973961111e-08,2016-03-31,1
17452,2016-04-01,12.459123550832265,0.002730671386833595,0.003654194797719037,0.001413061728060272,60301806682.02511,20043000000.0,6.031329463268743e-08,2016-03-31,0
17452,2016-04-08,12.459123550832265,0.002730671386833595,0.003654194797719037,0.001413061728060272,60267292408.778915,20043000000.0,6.078174432685604e-08,2016-03-31,0
17452,2016-04-15,12.459123550832265,0.002730671386833595,0.003654194797719037,0.001413061728060272,60859110799.29247,20043000000.0,5.32642204429909e-08,2016-03-31,0
17452,2016-04-22,12.459123550832265,0.002730671386833595,0.003654194797719037,0.001413061728060272,61494597626.124756,20043000000.0,4.6293124192704564e-08,2016-03-31,0
17452,2016-04-29,12.459123550832265,0.002730671386833595,0.003654194797719037,0.001413061728060272,60210474057.57599,20043000000.0,6.15614829885286e-08,2016-03-31,0
17452,2016-05-06,12.459123550832265,0.002730671386833595,0.003654194797719037,0.001413061728060272,59314690110.61401,20043000000.0,7.539127066525059e-08,2016-03-31,0
17452,2016-05-13,12.459123550832265,0.002730671386833595,0.003654194797719037,0.001413061728060272,59866367808.93814,20043000000.0,6.652025195277592e-08,2016-03-31,0
17452,2016-05-20,12.459123550832265,0.002730671386833595,0.003654194797719037,0.001413061728060272,59734240401.77147,20043000000.0,6.853725353705203e-08,2016-03-31,0
17452,2016-05-27,12.459123550832265,0.002730671386833595,0.003654194797719037,0.001413061728060272,61560237157.64905,20043000000.0,4.563120033343533e-08,2016-03-31,0
17452,2016-06-03,12.459123550832265,0.002730671386833595,0.003654194797719037,0.001413061728060272,61390220885.63663,20043000000.0,4.7367090479390485e-08,2016-03-31,0
17452,2016-06-10,12.459123550832265,0.002730671386833595,0.003654194797719037,0.001413061728060272,60447597133.56982,20043000000.0,5.837703642658833e-08,2016-03-31,0
17452,2016-06-17,12.459123550832265,0.002730671386833595,0.003654194797719037,0.001413061728060272,59448140716.24324,20043000000.0,7.313427923771242e-08,2016-03-31,0
17452,2016-06-24,12.459123550832265,0.002730671386833595,0.003654194797719037,0.001413061728060272,60068986562.99465,20043000000.0,6.355041329797003e-08,2016-03-31,0
17452,2016-06-30,11.75783630681227,0.0020196085674000865,0.003616638639769452,0.0009583556295989274,61763628725.713,20043000000.0,1.2074309371437904e-07,2016-06-30,1
17452,2016-07-01,11.75783630681227,0.0020196085674000865,0.003616638639769452,0.0009583556295989274,62282375773.455696,20043000000.0,1.0846827727775597e-07,2016-06-30,0
17452,2016-07-08,11.75783630681227,0.0020196085674000865,0.003616638639769452,0.0009583556295989274,62181806986.809006,20043000000.0,1.1073810877391655e-07,2016-06-30,0
17452,2016-07-15,11.75783630681227,0.0020196085674000865,0.003616638639769452,0.0009583556295989274,63293087554.04783,20043000000.0,8.825754916911394e-08,2016-06-30,0
17452,2016-07-22,11.75783630681227,0.0020196085674000865,0.003616638639769452,0.0009583556295989274,63065284332.30562,20043000000.0,9.242793677870325e-08,2016-06-30,0
17452,2016-07-29,11.75783630681227,0.0020196085674000865,0.003616638639769452,0.0009583556295989274,65349308769.97981,20043000000.0,5.863154824981897e-08,2016-06-30,0
17452,2016-08-05,11.75783630681227,0.0020196085674000865,0.003616638639769452,0.0009583556295989274,65848222414.21283,20043000000.0,5.320119360163123e-08,2016-06-30,0
17452,2016-08-12,11.75783630681227,0.0020196085674000865,0.003616638639769452,0.0009583556295989274,66019352046.00752,20043000000.0,5.146602520950287e-08,2016-06-30,0
17452,2016-08-19,11.75783630681227,0.0020196085674000865,0.003616638639769452,0.0009583556295989274,65176811576.25581,20043000000.0,6.064628977265979e-08,2016-06-30,0
17452,2016-08-26,11.75783630681227,0.0020196085674000865,0.003616638639769452,0.0009583556295989274,64973614283.23629,20043000000.0,6.311622928679816e-08,2016-06-30,0
17452,2016-09-02,11.75783630681227,0.0020196085674000865,0.003616638639769452,0.0009583556295989274,66249347839.71641,20043000000.0,4.922978747014783e-08,2016-06-30,0
17452,2016-09-09,11.75783630681227,0.0020196085674000865,0.003616638639769452,0.0009583556295989274,63840497608.22507,20043000000.0,7.90456527279635e-08,2016-06-30,0
17452,2016-09-16,11.75783630681227,0.0020196085674000865,0.003616638639769452,0.0009583556295989274,62097963520.02646,20043000000.0,1.1266976362567665e-07,2016-06-30,0
17452,2016-09-23,11.75783630681227,0.0020196085674000865,0.003616638639769452,0.0009583556295989274,63520274691.68192,20043000000.0,8.430054117571926e-08,2016-06-30,0
17452,2016-09-30,11.194254962045369,0.0010173782776089141,0.003820036102411205,0.0016142085827659555,63509856276.61786,20043000000.0,1.1868400774598285e-07,2016-09-30,1
17452,2016-10-07,11.194254962045369,0.0010173782776089141,0.003820036102411205,0.0016142085827659555,62529431280.171585,20043000000.0,1.4350643655912225e-07,2016-09-30,0
17452,2016-10-14,11.194254962045369,0.0010173782776089141,0.003820036102411205,0.0016142085827659555,62298646539.66077,20043000000.0,1.5013590751614656e-07,2016-09-30,0
17452,2016-10-21,11.194254962045369,0.0010173782776089141,0.003820036102411205,0.0016142085827659555,61821574416.36981,20043000000.0,1.6491968563608706e-07,2016-09-30,0
17452,2016-10-28,11.194254962045369,0.0010173782776089141,0.003820036102411205,0.0016142085827659555,61847532886.190895,20043000000.0,1.6407583207707872e-07,2016-09-30,0
17452,2016-11-04,11.194254962045369,0.0010173782776089141,0.003820036102411205,0.0016142085827659555,60346727172.26785,20043000000.0,2.2156427706006441e-07,2016-09-30,0
17452,2016-11-11,11.194254962045369,0.0010173782776089141,0.003820036102411205,0.0016142085827659555,58726364511.58337,20043000000.0,3.0920958811016403e-07,2016-09-30,0
17452,2016-11-18,11.194254962045369,0.0010173782776089141,0.003820036102411205,0.0016142085827659555,58773844371.61615,20043000000.0,3.0616222016948154e-07,2016-09-30,0
17452,2016-11-25,11.194254962045369,0.0010173782776089141,0.003820036102411205,0.0016142085827659555,59582929829.26854,20043000000.0,2.589487873471903e-07,2016-09-30,0
17452,2016-12-02,11.194254962045369,0.0010173782776089141,0.003820036102411205,0.0016142085827659555,58501063502.48575,20043000000.0,3.241260987213691e-07,2016-09-30,0
17452,2016-12-09,11.194254962045369,0.0010173782776089141,0.003820036102411205,0.0016142085827659555,60422836226.07108,20043000000.0,2.1817350285879434e-07,2016-09-30,0
17452,2016-12-16,11.194254962045369,0.0010173782776089141,0.003820036102411205,0.0016142085827659555,60370056728.05127,20043000000.0,2.2051886498919628e-07,2016-09-30,0
17452,2016-12-23,11.194254962045369,0.0010173782776089141,0.003820036102411205,0.0016142085827659555,58823685793.48347,20043000000.0,3.029983463358289e-07,2016-09-30,0
17452,2016-12-30,10.872041276136,0.0012874958907557862,0.0037348979209751495,0.0008058829033427786,59693220646.629105,20043000000.0,5.478897574703251e-07,2016-12-31,1
17452,2017-01-06,10.872041276136,0.0012874958907557862,0.0037348979209751495,0.0008058829033427786,60242401720.160355,20043000000.0,4.910500560963606e-07,2016-12-31,0
17452,2017-01-13,10.872041276136,0.0012874958907557862,0.0037348979209751495,0.0008058829033427786,59900084363.72625,20043000000.0,5.256797284241687e-07,2016-12-31,0
17452,2017-01-20,10.872041276136,0.0012874958907557862,0.0037348979209751495,0.0008058829033427786,59050204232.6071,20043000000.0,6.237107881810823e-07,2016-12-31,0
17452,2017-01-27,10.872041276136,0.0012874958907557862,0.0037348979209751495,0.0008058829033427786,58611027650.83209,20043000000.0,6.820328527028255e-07,2016-12-31,0
17452,2017-02-03,10.872041276136,0.0012874958907557862,0.0037348979209751495,0.0008058829033427786,58960741170.371216,20043000000.0,6.351357605628825e-07,2016-12-31,0
17452,2017-02-10,10.872041276136,0.0012874958907557862,0.0037348979209751495,0.0008058829033427786,59585525040.14072,20043000000.0,5.598553335418306e-07,2016-12-31,0
17452,2017-02-17,10.872041276136,0.0012874958907557862,0.0037348979209751495,0.0008058829033427786,60216230374.574356,20043000000.0,4.936079231003144e-07,2016-12-31,0
17452,2017-02-24,10.872041276136,0.0012874958907557862,0.0037348979209751495,0.0008058829033427786,61316718525.71479,20043000000.0,3.9754995447318395e-07,2016-12-31,0
17452,2017-03-03,10.872041276136,0.0012874958907557862,0.0037348979209751495,0.0008058829033427786,61229233045.77442,20043000000.0,4.0438763398969233e-07,2016-12-31,0
17452,2017-03-10,10.872041276136,0.0012874958907557862,0.0037348979209751495,0.0008058829033427786,61442042339.42935,20043000000.0,3.879732936353503e-07,2016-12-31,0
17452,2017-03-17,10.872041276136,0.0012874958907557862,0.0037348979209751495,0.0008058829033427786,61674036561.5273,20043000000.0,3.709015521794763e-07,2016-12-31,0
17452,2017-03-24,10.872041276136,0.0012874958907557862,0.0037348979209751495,0.0008058829033427786,72723340378.82144,30755000000.0,8.855840394965351e-06,2016-12-31,0
17452,2017-03-31,10.580775334022993,0.004282981752098857,0.006017865220209071,0.0017191466755947283,72804202290.24835,30755000000.0,2.4977521404595347e-05,2017-03-31,1
17452,2017-04-07,10.580775334022993,0.004282981752098857,0.006017865220209071,0.0017191466755947283,73093563914.4929,30755000000.0,2.3865262790409807e-05,2017-03-31,0
17452,2017-04-14,10.580775334022993,0.004282981752098857,0.006017865220209071,0.0017191466755947283,73167006988.27164,30755000000.0,2.3591623103692173e-05,2017-03-31,0
17452,2017-04-21,10.580775334022993,0.004282981752098857,0.006017865220209071,0.0017191466755947283,71768332908.77133,30755000000.0,2.944665493711937e-05,2017-03-31,0
17452,2017-04-28,10.580775334022993,0.004282981752098857,0.006017865220209071,0.0017191466755947283,73086990729.13956,30755000000.0,2.3889921688580138e-05,2017-03-31,0
17452,2017-05-05,10.580775334022993,0.004282981752098857,0.006017865220209071,0.0017191466755947283,73621917648.41924,30755000000.0,2.1971000288495045e-05,2017-03-31,0
17452,2017-05-12,10.580775334022993,0.004282981752098857,0.006017865220209071,0.0017191466755947283,75009115649.95428,30755000000.0,1.7733496054365286e-05,2017-03-31,0
17452,2017-05-19,10.580775334022993,0.004282981752098857,0.006017865220209071,0.0017191466755947283,74159738863.3608,30755000000.0,2.020971531393435e-05,2017-03-31,0
17452,2017-05-26,10.580775334022993,0.004282981752098857,0.006017865220209071,0.0017191466755947283,74626289543.83913,30755000000.0,1.8806045371620187e-05,2017-03-31,0
17452,2017-06-02,10.580775334022993,0.004282981752098857,0.006017865220209071,0.0017191466755947283,76074383439.81808,30755000000.0,1.508429784083128e-05,2017-03-31,0
17452,2017-06-09,10.580775334022993,0.004282981752098857,0.006017865220209071,0.0017191466755947283,75799548036.9633,30755000000.0,1.572378909884986e-05,2017-03-31,0
17452,2017-06-16,10.580775334022993,0.004282981752098857,0.006017865220209071,0.0017191466755947283,76198579047.48788,30755000000.0,1.4804661362797848e-05,2017-03-31,0
17452,2017-06-23,10.580775334022993,0.004282981752098857,0.006017865220209071,0.0017191466755947283,76224090479.74934,30755000000.0,1.4747922446034492e-05,2017-03-31,0
17452,2017-06-30,9.696593342589898,0.006334479530450093,0.005410120882164844,0.002397479747181815,75095822892.06628,30755000000.0,1.700889220898721e-05,2017-06-30,1
17452,2017-07-07,9.696593342589898,0.006334479530450093,0.005410120882164844,0.002397479747181815,74945593414.91017,30755000000.0,1.737737560979079e-05,2017-06-30,0
17452,2017-07-14,9.696593342589898,0.006334479530450093,0.005410120882164844,0.002397479747181815,75195609682.94325,30755000000.0,1.6768880819042594e-05,2017-06-30,0
17452,2017-07-21,9.696593342589898,0.006334479530450093,0.005410120882164844,0.002397479747181815,74332060639.09262,30755000000.0,1.897592280961804e-05,2017-06-30,0
17452,2017-07-28,9.696593342589898,0.006334479530450093,0.005410120882164844,0.002397479747181815,73662207948.23749,30755000000.0,2.090788375658804e-05,2017-06-30,0
17452,2017-08-04,9.696593342589898,0.006334479530450093,0.005410120882164844,0.002397479747181815,75947461550.45935,30755000000.0,1.5075636274804045e-05,2017-06-30,0
17452,2017-08-11,9.696593342589898,0.006334479530450093,0.005410120882164844,0.002397479747181815,74521893316.90573,30755000000.0,1.8464706168674884e-05,2017-06-30,0
17452,2017-08-18,9.696593342589898,0.006334479530450093,0.005410120882164844,0.002397479747181815,75374267994.11214,30755000000.0,1.6348400359910524e-05,2017-06-30,0
17452,2017-08-25,9.696593342589898,0.006334479530450093,0.005410120882164844,0.002397479747181815,75722582263.0731,30755000000.0,1.5561521503038e-05,2017-06-30,0
17452,2017-09-01,9.696593342589898,0.006334479530450093,0.005410120882164844,0.002397479747181815,75132329727.57913,30755000000.0,1.6920649615159937e-05,2017-06-30,0
17452,2017-09-08,9.696593342589898,0.006334479530450093,0.005410120882164844,0.002397479747181815,76236258518.06415,30755000000.0,1.447592194995796e-05,2017-06-30,0
17452,2017-09-15,9.696593342589898,0.006334479530450093,0.005410120882164844,0.002397479747181815,76068346996.27187,30755000000.0,1.4821348916010218e-05,2017-06-30,0
17452,2017-09-22,9.696593342589898,0.006334479530450093,0.005410120882164844,0.002397479747181815,75724251196.07257,30755000000.0,1.5557852796036804e-05,2017-06-30,0
17452,2017-09-29,9.207468756409105,0.005318265483639283,0.00490097975885107,0.002731158613048319,75501837965.07732,30755000000.0,1.5242636614283625e-05,2017-09-30,1
17452,2017-10-06,9.207468756409105,0.005318265483639283,0.00490097975885107,0.002731158613048319,76805008028.551,30755000000.0,1.2786080619813858e-05,2017-09-30,0
17452,2017-10-13,9.207468756409105,0.005318265483639283,0.00490097975885107,0.002731158613048319,77200183184.60973,30755000000.0,1.2130126525821096e-05,2017-09-30,0
17452,2017-10-20,9.207468756409105,0.005318265483639283,0.00490097975885107,0.002731158613048319,78138341111.05289,30755000000.0,1.071670360872599e-05,2017-09-30,0
17452,2017-10-27,9.207468756409105,0.005318265483639283,0.00490097975885107,0.002731158613048319,77950563928.70795,30755000000.0,1.0984371569049048e-05,2017-09-30,0
17452,2017-11-03,9.207468756409105,0.005318265483639283,0.00490097975885107,0.002731158613048319,78306512225.67331,30755000000.0,1.0483084658140896e-05,2017-09-30,0
17452,2017-11-10,9.207468756409105,0.005318265483639283,0.00490097975885107,0.002731158613048319,77251007646.87567,30755000000.0,1.2048493131835844e-05,2017-09-30,0
17452,2017-11-17,9.207468756409105,0.005318265483639283,0.00490097975885107,0.002731158613048319,77220391683.58336,30755000000.0,1.2097595096717218e-05,2017-09-30,0
17452,2017-11-24,9.207468756409105,0.005318265483639283,0.00490097975885107,0.002731158613048319,78471670260.44833,30755000000.0,1.025911056153034e-05,2017-09-30,0
17452,2017-12-01,9.207468756409105,0.005318265483639283,0.00490097975885107,0.002731158613048319,77805151498.51477,30755000000.0,1.1196721483970496e-05,2017-09-30,0
17452,2017-12-08,9.207468756409105,0.005318265483639283,0.00490097975885107,0.002731158613048319,78588511754.513,30755000000.0,1.010385030003132e-05,2017-09-30,0
17452,2017-12-15,9.207468756409105,0.005318265483639283,0.00490097975885107,0.002731158613048319,78764399015.42491,30755000000.0,9.874996950326005e-06,2017-09-30,0
17452,2017-12-22,9.207468756409105,0.005318265483639283,0.00490097975885107,0.002731158613048319,78347155743.94452,30755000000.0,1.0427470846439129e-05,2017-09-30,0
17452,2017-12-29,8.918577087178644,0.005197156316725773,0.004441147367367619,0.002368961984325816,77898964959.81323,30755000000.0,1.3302655713851142e-05,2017-12-31,1
17452,2018-01-05,8.918577087178644,0.005197156316725773,0.004441147367367619,0.002368961984325816,79086852178.12836,30755000000.0,1.1429758221705714e-05,2017-12-31,0
17452,2018-01-12,8.918577087178644,0.005197156316725773,0.004441147367367619,0.002368961984325816,77628250452.28697,30755000000.0,1.3775527238760694e-05,2017-12-31,0
17452,2018-01-19,8.918577087178644,0.005197156316725773,0.004441147367367619,0.002368961984325816,78170742924.33076,30755000000.0,1.2845938233667685e-05,2017-12-31,0
17452,2018-01-26,8.918577087178644,0.005197156316725773,0.004441147367367619,0.002368961984325816,77806995909.7359,30755000000.0,1.3461256472613863e-05,2017-12-31,0
17452,2018-02-02,8.918577087178644,0.005197156316725773,0.004441147367367619,0.002368961984325816,76898903324.33023,30755000000.0,1.5144792391773757e-05,2017-12-31,0
17452,2018-02-09,8.918577087178644,0.005197156316725773,0.004441147367367619,0.002368961984325816,73745399357.86487,30755000000.0,2.307727933874457e-05,2017-12-31,0
17452,2018-02-16,8.918577087178644,0.005197156316725773,0.004441147367367619,0.002368961984325816,74883907256.99524,30755000000.0,1.977823513236852e-05,2017-12-31,0
17452,2018-02-23,8.918577087178644,0.005197156316725773,0.004441147367367619,0.002368961984325816,75108005384.46143,30755000000.0,1.919242070879816e-05,2017-12-31,0
17452,2018-03-02,8.918577087178644,0.005197156316725773,0.004441147367367619,0.002368961984325816,73738094721.8177,30755000000.0,2.310032328001022e-05,2017-12-31,0
17452,2018-03-09,8.918577087178644,0.005197156316725773,0.004441147367367619,0.002368961984325816,76240743783.00116,30755000000.0,1.651064239028378e-05,2017-12-31,0
17452,2018-03-16,8.918577087178644,0.005197156316725773,0.004441147367367619,0.002368961984325816,75027537610.0736,29694000000.0,1.3633692172924301e-05,2017-12-31,0
17452,2018-03-23,8.918577087178644,0.005197156316725773,0.004441147367367619,0.002368961984325816,72936975007.99153,29694000000.0,1.8109126578151537e-05,2017-12-31,0
17452,2018-03-30,8.7148516728302,0.004622126084767403,0.004324753852949243,0.001964399394785579,73987647259.368,29694000000.0,2.1589674703661223e-05,2018-03-31,1
17452,2018-04-06,8.7148516728302,0.004622126084767403,0.004324753852949243,0.001964399394785579,73801587632.8587,29694000000.0,2.2133162249015573e-05,2018-03-31,0
17452,2018-04-13,8.7148516728302,0.004622126084767403,0.004324753852949243,0.001964399394785579,73665830671.31381,29694000000.0,2.2539294676390387e-05,2018-03-31,0
17452,2018-04-20,8.7148516728302,0.004622126084767403,0.004324753852949243,0.001964399394785579,74411768681.49464,29694000000.0,2.0405309138186165e-05,2018-03-31,0
17452,2018-04-27,8.7148516728302,0.004622126084767403,0.004324753852949243,0.001964399394785579,74830314642.57368,29694000000.0,1.9306797575633767e-05,2018-03-31,0
17452,2018-05-04,8.7148516728302,0.004622126084767403,0.004324753852949243,0.001964399394785579,73538022865.87622,29694000000.0,2.2929216465837012e-05,2018-03-31,0
17452,2018-05-11,8.7148516728302,0.004622126084767403,0.004324753852949243,0.001964399394785579,73303669288.26608,29694000000.0,2.36637927306865e-05,2018-03-31,0
17452,2018-05-18,8.7148516728302,0.004622126084767403,0.004324753852949243,0.001964399394785579,73402930582.82687,29694000000.0,2.3349519020417305e-05,2018-03-31,0
17452,2018-05-25,8.7148516728302,0.004622126084767403,0.004324753852949243,0.001964399394785579,74964698388.96863,29694000000.0,1.896814140100128e-05,2018-03-31,0
17452,2018-06-01,8.7148516728302,0.004622126084767403,0.004324753852949243,0.001964399394785579,75010677032.25531,29694000000.0,1.88537899373185e-05,2018-03-31,0
17452,2018-06-08,8.7148516728302,0.004622126084767403,0.004324753852949243,0.001964399394785579,73905076391.7461,29694000000.0,2.1829017817549476e-05,2018-03-31,0
17452,2018-06-15,8.7148516728302,0.004622126084767403,0.004324753852949243,0.001964399394785579,74364979414.02383,29694000000.0,2.0532362174032985e-05,2018-03-31,0
17452,2018-06-22,8.7148516728302,0.004622126084767403,0.004324753852949243,0.001964399394785579,74264377546.30827,29694000000.0,2.080852348056201e-05,2018-03-31,0
17452,2018-06-29,8.514168595926089,0.004132344221374481,0.004044735856982308,0.0015214022489413322,72974385071.28363,29694000000.0,3.119884574514403e-05,2018-06-30,1
17452,2018-07-06,8.514168595926089,0.004132344221374481,0.004044735856982308,0.0015214022489413322,74953388391.72986,29694000000.0,2.405133950370628e-05,2018-06-30,0
17452,2018-07-13,8.514168595926089,0.004132344221374481,0.004044735856982308,0.0015214022489413322,74551843879.24458,29694000000.0,2.533967605020166e-05,2018-06-30,0
17452,2018-07-20,8.514168595926089,0.004132344221374481,0.004044735856982308,0.0015214022489413322,75346039307.18576,29694000000.0,2.2861637557656514e-05,2018-06-30,0
17452,2018-07-27,8.514168595926089,0.004132344221374481,0.004044735856982308,0.0015214022489413322,76204533806.81349,29694000000.0,2.048189739705783e-05,2018-06-30,0
17452,2018-08-03,8.514168595926089,0.004132344221374481,0.004044735856982308,0.0015214022489413322,76616924444.84253,29694000000.0,1.9437801193632845e-05,2018-06-30,0
17452,2018-08-10,8.514168595926089,0.004132344221374481,0.004044735856982308,0.0015214022489413322,76153650434.51445,29694000000.0,2.06149930136466e-05,2018-06-30,0
17452,2018-08-17,8.514168595926089,0.004132344221374481,0.004044735856982308,0.0015214022489413322,76270582070.72821,29694000000.0,2.0310558607218526e-05,2018-06-30,0
17452,2018-08-24,8.514168595926089,0.004132344221374481,0.004044735856982308,0.0015214022489413322,76748711911.82344,29694000000.0,1.9116731904142027e-05,2018-06-30,0
17452,2018-08-31,8.514168595926089,0.004132344221374481,0.004044735856982308,0.0015214022489413322,76354370924.35666,29694000000.0,2.0095488402910962e-05,2018-06-30,0
17452,2018-09-07,8.514168595926089,0.004132344221374481,0.004044735856982308,0.0015214022489413322,74542683288.66718,29694000000.0,2.5369949707894196e-05,2018-06-30,0
17452,2018-09-14,8.514168595926089,0.004132344221374481,0.004044735856982308,0.0015214022489413322,74681863253.8859,29694000000.0,2.4914296864539345e-05,2018-06-30,0
17452,2018-09-21,8.514168595926089,0.004132344221374481,0.004044735856982308,0.0015214022489413322,75608731292.75813,29694000000.0,2.2102296124107697e-05,2018-06-30,0
17452,2018-09-28,8.346138316254413,0.004049743314997177,0.0037288117696255138,0.001837865807302847,75574874739.52611,29694000000.0,1.8166043622028538e-05,2018-09-30,1
17452,2018-10-05,8.346138316254413,0.004049743314997177,0.0037288117696255138,0.001837865807302847,72231895709.84966,29694000000.0,2.8012908494559105e-05,2018-09-30,0
17452,2018-10-12,8.346138316254413,0.004049743314997177,0.0037288117696255138,0.001837865807302847,71202698981.3678,29694000000.0,3.215181576829166e-05,2018-09-30,0
17452,2018-10-19,8.346138316254413,0.004049743314997177,0.0037288117696255138,0.001837865807302847,71174008828.34271,29694000000.0,3.2276578712877045e-05,2018-09-30,0
17452,2018-10-26,8.346138316254413,0.004049743314997177,0.0037288117696255138,0.001837865807302847,70402567784.58168,29694000000.0,3.584242547561309e-05,2018-09-30,0
17452,2018-11-02,8.346138316254413,0.004049743314997177,0.0037288117696255138,0.001837865807302847,70613695997.85178,29694000000.0,3.482471556544682e-05,2018-09-30,0
17452,2018-11-09,8.346138316254413,0.004049743314997177,0.0037288117696255138,0.001837865807302847,72335918248.93256,29694000000.0,2.7628785697608388e-05,2018-09-30,0
17452,2018-11-16,8.346138316254413,0.004049743314997177,0.0037288117696255138,0.001837865807302847,72006751313.62094,29694000000.0,2.8864857042324665e-05,2018-09-30,0
17452,2018-11-23,8.346138316254413,0.004049743314997177,0.0037288117696255138,0.001837865807302847,72502639915.68007,29694000000.0,2.702532369120942e-05,2018-09-30,0
17452,2018-11-30,8.346138316254413,0.004049743314997177,0.0037288117696255138,0.001837865807302847,72625309067.44,29694000000.0,2.6590696632958928e-05,2018-09-30,0
17452,2018-12-07,8.346138316254413,0.004049743314997177,0.0037288117696255138,0.001837865807302847,71166852704.05048,29694000000.0,3.230778212685596e-05,2018-09-30,0
17452,2018-12-14,8.346138316254413,0.004049743314997177,0.0037288117696255138,0.001837865807302847,71356462329.63525,29694000000.0,3.149225255161918e-05,2018-09-30,0
17452,2018-12-21,8.346138316254413,0.004049743314997177,0.0037288117696255138,0.001837865807302847,70166384722.60439,29694000000.0,3.702039846358438e-05,2018-09-30,0
17452,2018-12-28,8.346138316254413,0.004049743314997177,0.0037288117696255138,0.001837865807302847,69155452310.94238,29694000000.0,4.257455916793635e-05,2018-09-30,0
17452,2018-12-31,8.262020569155025,0.00328584562247938,0.003670715919407239,0.0014005162228771441,69698720801.46237,29694000000.0,5.08073557057148e-05,2018-12-31,1
17452,2019-01-04,8.262020569155025,0.00328584562247938,0.003670715919407239,0.0014005162228771441,69975848488.90388,29694000000.0,4.891294660848853e-05,2018-12-31,0
17452,2019-01-11,8.262020569155025,0.00328584562247938,0.003670715919407239,0.0014005162228771441,70033334376.85226,29694000000.0,4.852993433256553e-05,2018-12-31,0
17452,2019-01-18,8.262020569155025,0.00328584562247938,0.003670715919407239,0.0014005162228771441,70205765236.94165,29694000000.0,4.7401013507262436e-05,2018-12-31,0
17452,2019-01-25,8.262020569155025,0.00328584562247938,0.003670715919407239,0.0014005162228771441,70267110245.92203,29694000000.0,4.700647725440162e-05,2018-12-31,0
17452,2019-02-01,8.262020569155025,0.00328584562247938,0.003670715919407239,0.0014005162228771441,71323919852.97118,29694000000.0,4.075416063789868e-05,2018-12-31,0
17452,2019-02-08,8.262020569155025,0.00328584562247938,0.003670715919407239,0.0014005162228771441,71522026619.02644,29694000000.0,3.9688616997302286e-05,2018-12-31,0
17452,2019-02-15,8.262020569155025,0.00328584562247938,0.003670715919407239,0.0014005162228771441,72347800647.99042,29694000000.0,3.556997249795413e-05,2018-12-31,0
17452,2019-02-22,8.262020569155025,0.00328584562247938,0.003670715919407239,0.0014005162228771441,73510747351.52826,29694000000.0,3.055513823705431e-05,2018-12-31,0
17452,2019-03-01,8.262020569155025,0.00328584562247938,0.003670715919407239,0.0014005162228771441,72469373668.4882,29694000000.0,3.5004929868819434e-05,2018-12-31,0
17452,2019-03-08,8.262020569155025,0.00328584562247938,0.003670715919407239,0.0014005162228771441,73784604313.86562,29694000000.0,2.9492427909777848e-05,2018-12-31,0
17452,2019-03-15,8.262020569155025,0.00328584562247938,0.003670715919407239,0.0014005162228771441,74521545730.02554,29694000000.0,2.6831910680588314e-05,2018-12-31,0
17452,2019-03-22,8.262020569155025,0.00328584562247938,0.003670715919407239,0.0014005162228771441,71649559940.24039,27702000000.0,2.0155440002430107e-05,2018-12-31,0
17452,2019-03-29,8.121928719344439,-0.0014447595570812035,0.0016591264076257612,-0.00010612834410037181,72296715540.56972,27702000000.0,9.69605234676375e-06,2019-03-31,1
19349,2015-12-31,14.607112350230095,-0.0005688680361797638,0.004289371211752212,0.00023153473478974853,164816404098.19446,85293000000.0,3.1802803256559064e-05,2015-12-31,1
19349,2016-01-01,14.607112350230095,-0.0005688680361797638,0.004289371211752212,0.00023153473478974853,164816404098.19446,85293000000.0,3.1802803256559064e-05,2015-12-31,0
19349,2016-01-08,14.607112350230095,-0.0005688680361797638,0.004289371211752212,0.00023153473478974853,159237519969.46512,85293000000.0,5.497073041318751e-05,2015-12-31,0
19349,2016-01-15,14.607112350230095,-0.0005688680361797638,0.004289371211752212,0.00023153473478974853,157628863549.65387,85293000000.0,6.460415554786608e-05,2015-12-31,0
19349,2016-01-22,14.607112350230095,-0.0005688680361797638,0.004289371211752212,0.00023153473478974853,158997162734.7324,85293000000.0,5.630711898938371e-05,2015-12-31,0
19349,2016-01-29,14.607112350230095,-0.0005688680361797638,0.004289371211752212,0.00023153473478974853,163364945897.68112,85293000000.0,3.660068040522495e-05,2015-12-31,0
19349,2016-02-05,14.607112350230095,-0.0005688680361797638,0.004289371211752212,0.00023153473478974853,160174151129.05096,85293000000.0,5.0076609848440444e-05,2015-12-31,0
19349,2016-02-12,14.607112350230095,-0.0005688680361797638,0.004289371211752212,0.00023153473478974853,156760687015.76483,85293000000.0,7.053670265221182e-05,2015-12-31,0
19349,2016-02-19,14.607112350230095,-0.0005688680361797638,0.004289371211752212,0.00023153473478974853,160200812189.3555,85293000000.0,4.994428149999411e-05,2015-12-31,0
19349,2016-02-26,14.607112350230095,-0.0005688680361797638,0.004289371211752212,0.00023153473478974853,159087429641.2912,85293000000.0,5.5801221666884734e-05,2015-12-31,0
19349,2016-03-04,14.607112350230095,-0.0005688680361797638,0.004289371211752212,0.00023153473478974853,162092262428.9797,85293000000.0,4.1443851139789355e-05,2015-12-31,0
19349,2016-03-11,14.607112350230095,-0.0005688680361797638,0.004289371211752212,0.00023153473478974853,161439393831.0243,85293000000.0,4.41892576760023e-05,2015-12-31,0
19349,2016-03-18,14.607112350230095,-0.0005688680361797638,0.004289371211752212,0.00023153473478974853,164515226456.27393,85293000000.0,3.274024785897221e-05,2015-12-31,0
19349,2016-03-25,14.607112350230095,-0.0005688680361797638,0.004289371211752212,0.00023153473478974853,162966004895.97003,85293000000.0,3.805048533290473e-05,2015-12-31,0
19349,2016-03-31,11.856225312520685,-0.0009313751805897445,0.003585007294357403,0.00021879871333758011,164885736987.38406,85293000000.0,8.148483970359296e-05,2016-03-31,1
19349,2016-04-01,11.856225312520685,-0.0009313751805897445,0.003585007294357403,0.00021879871333758011,162895130827.1145,85293000000.0,9.595234387929179e-05,2016-03-31,0
19349,2016-04-08,11.856225312520685,-0.0009313751805897445,0.003585007294357403,0.00021879871333758011,161589484030.4328,85293000000.0,0.00010693881707016208,2016-03-31,0
19349,2016-04-15,11.856225312520685,-0.0009313751805897445,0.003585007294357403,0.00021879871333758011,164591536844.41437,85293000000.0,8.346551258986774e-05,2016-03-31,0
19349,2016-04-22,11.856225312520685,-0.0009313751805897445,0.003585007294357403,0.00021879871333758011,167584320549.4712,85293000000.0,6.551715883136213e-05,2016-03-31,0
19349,2016-04-29,11.856225312520685,-0.0009313751805897445,0.003585007294357403,0.00021879871333758011,163188036573.16556,85293000000.0,9.365938932360552e-05,2016-03-31,0
19349,2016-05-06,11.856225312520685,-0.0009313751805897445,0.003585007294357403,0.00021879871333758011,164511916407.17062,85293000000.0,8.401046588018242e-05,2016-03-31,0
19349,2016-05-13,11.856225312520685,-0.0009313751805897445,0.003585007294357403,0.00021879871333758011,165308879194.8679,85293000000.0,7.872475106363498e-05,2016-03-31,0
19349,2016-05-20,11.856225312520685,-0.0009313751805897445,0.003585007294357403,0.00021879871333758011,165653267300.48862,85293000000.0,7.655303395023504e-05,2016-03-31,0
19349,2016-05-27,11.856225312520685,-0.0009313751805897445,0.003585007294357403,0.00021879871333758011,169650903928.20837,85293000000.0,5.558410205074175e-05,2016-03-31,0
19349,2016-06-03,11.856225312520685,-0.0009313751805897445,0.003585007294357403,0.00021879871333758011,166763098268.56683,85293000000.0,6.998430267925906e-05,2016-03-31,0
19349,2016-06-10,11.856225312520685,-0.0009313751805897445,0.003585007294357403,0.00021879871333758011,164977516597.5398,85293000000.0,8.087739998830632e-05,2016-03-31,0
19349,2016-06-17,11.856225312520685,-0.0009313751805897445,0.003585007294357403,0.00021879871333758011,164238286877.52005,85293000000.0,8.59128515389482e-05,2016-03-31,0
19349,2016-06-24,11.856225312520685,-0.0009313751805897445,0.003585007294357403,0.00021879871333758011,162780028368.10968,85293000000.0,9.686996889511172e-05,2016-03-31,0
19349,2016-06-30,10.914766024553963,-0.0005411527855691376,0.00340115183928695,0.0002815705748595531,163886915205.72162,85293000000.0,0.00012399977733185206,2016-06-30,1
19349,2016-07-01,10.914766024553963,-0.0005411527855691376,0.00340115183928695,0.0002815705748595531,164101936027.04968,85293000000.0,0.00012197157692792683,2016-06-30,0
19349,2016-07-08,10.914766024553963,-0.0005411527855691376,0.00340115183928695,0.0002815705748595531,161723549303.38074,85293000000.0,0.00014658168172820135,2016-06-30,0
19349,2016-07-15,10.914766024553963,-0.0005411527855691376,0.00340115183928695,0.0002815705748595531,166170151464.54932,85293000000.0,0.00010420882911112488,2016-06-30,0
19349,2016-07-22,10.914766024553963,-0.0005411527855691376,0.00340115183928695,0.0002815705748595531,166430225309.23233,85293000000.0,0.00010218266534378083,2016-06-30,0
19349,2016-07-29,10.914766024553963,-0.0005411527855691376,0.00340115183928695,0.0002815705748595531,168391694851.8988,85293000000.0,8.821554692035286e-05,2016-06-30,0
19349,2016-08-05,10.914766024553963,-0.0005411527855691376,0.00340115183928695,0.0002815705748595531,173009049076.66592,85293000000.0,6.288256394977699e-05,2016-06-30,0
19349,2016-08-12,10.914766024553963,-0.0005411527855691376,0.00340115183928695,0.0002815705748595531,177176592639.6108,85293000000.0,4.67270992279284e-05,2016-06-30,0
19349,2016-08-19,10.914766024553963,-0.0005411527855691376,0.00340115183928695,0.0002815705748595531,176781331628.2426,85293000000.0,4.804557598899602e-05,2016-06-30,0
19349,2016-08-26,10.914766024553963,-0.0005411527855691376,0.00340115183928695,0.0002815705748595531,177759381553.7451,85293000000.0,4.4854464107855514e-05,2016-06-30,0
19349,2016-09-02,10.914766024553963,-0.0005411527855691376,0.00340115183928695,0.0002815705748595531,178155937797.93103,85293000000.0,4.3627062013677384e-05,2016-06-30,0
19349,2016-09-09,10.914766024553963,-0.0005411527855691376,0.00340115183928695,0.0002815705748595531,174918590286.6767,85293000000.0,5.482946330494455e-05,2016-06-30,0
19349,2016-09-16,10.914766024553963,-0.0005411527855691376,0.00340115183928695,0.0002815705748595531,174035191235.748,85293000000.0,5.840588733859895e-05,2016-06-30,0
19349,2016-09-23,10.914766024553963,-0.0005411527855691376,0.00340115183928695,0.0002815705748595531,176141455873.5292,85293000000.0,5.026676581485454e-05,2016-06-30,0
19349,2016-09-30,10.37894752748549,-0.0005601978051526024,0.0033031203986016184,0.001146966168023679,174480854766.64008,85293000000.0,4.282891866897005e-05,2016-09-30,1
19349,2016-10-07,10.37894752748549,-0.0005601978051526024,0.0033031203986016184,0.001146966168023679,174920378805.56177,85293000000.0,4.156544141898432e-05,2016-09-30,0
19349,2016-10-14,10.37894752748549,-0.0005601978051526024,0.0033031203986016184,0.001146966168023679,175467676283.59454,85293000000.0,4.004884855280508e-05,2016-09-30,0
19349,2016-10-21,10.37894752748549,-0.0005601978051526024,0.0033031203986016184,0.001146966168023679,176410034200.4745,85293000000.0,3.757745593949993e-05,2016-09-30,0
19349,2016-10-28,10.37894752748549,-0.0005601978051526024,0.0033031203986016184,0.001146966168023679,173943854532.3714,85293000000.0,4.442996587134756e-05,2016-09-30,0
19349,2016-11-04,10.37894752748549,-0.0005601978051526024,0.0033031203986016184,0.001146966168023679,171823905667.31137,85293000000.0,5.1421348170917235e-05,2016-09-30,0
19349,2016-11-11,10.37894752748549,-0.0005601978051526024,0.0033031203986016184,0.001146966168023679,177857588927.38013,85293000000.0,3.410010403398274e-05,2016-09-30,0
19349,2016-11-18,10.37894752748549,-0.0005601978051526024,0.0033031203986016184,0.001146966168023679,176589259084.38538,85293000000.0,3.712658683919288e-05,2016-09-30,0
19349,2016-11-25,10.37894752748549,-0.0005601978051526024,0.0033031203986016184,0.001146966168023679,177222121200.09787,85293000000.0,3.558125843351509e-05,2016-09-30,0
19349,2016-12-02,10.37894752748549,-0.0005601978051526024,0.0033031203986016184,0.001146966168023679,181559049853.49384,90901000000.0,5.695692830691119e-05,2016-09-30,0
19349,2016-12-09,10.37894752748549,-0.0005601978051526024,0.0033031203986016184,0.001146966168023679,189124091413.09427,90901000000.0,3.5027241664801996e-05,2016-09-30,0
19349,2016-12-16,10.37894752748549,-0.0005601978051526024,0.0033031203986016184,0.001146966168023679,189802693915.00815,90901000000.0,3.356841316018025e-05,2016-09-30,0
19349,2016-12-23,10.37894752748549,-0.0005601978051526024,0.0033031203986016184,0.001146966168023679,189626898568.847,90901000000.0,3.3939839337639784e-05,2016-09-30,0
19349,2016-12-30,10.197252189305122,0.00032034285904967654,0.0031191722271026717,0.001940758588801688,190931692897.31238,90901000000.0,1.913146531733744e-05,2016-12-31,1
19349,2017-01-06,10.197252189305122,0.00032034285904967654,0.0031191722271026717,0.001940758588801688,190141680224.0571,90901000000.0,2.007904883858077e-05,2016-12-31,0
19349,2017-01-13,10.197252189305122,0.00032034285904967654,0.0031191722271026717,0.001940758588801688,190548241816.11136,90901000000.0,1.958512957454329e-05,2016-12-31,0
19349,2017-01-20,10.197252189305122,0.00032034285904967654,0.0031191722271026717,0.001940758588801688,191011354210.80765,90901000000.0,1.9038669436114662e-05,2016-12-31,0
19349,2017-01-27,10.197252189305122,0.00032034285904967654,0.0031191722271026717,0.001940758588801688,192823090212.89667,90901000000.0,1.705592661108114e-05,2016-12-31,0
19349,2017-02-03,10.197252189305122,0.00032034285904967654,0.0031191722271026717,0.001940758588801688,192114312424.8223,90901000000.0,1.780329317808588e-05,2016-12-31,0
19349,2017-02-10,10.197252189305122,0.00032034285904967654,0.0031191722271026717,0.001940758588801688,193311961069.66177,90901000000.0,1.6560497544276663e-05,2016-12-31,0
19349,2017-02-17,10.197252189305122,0.00032034285904967654,0.0031191722271026717,0.001940758588801688,194153965327.9042,90901000000.0,1.5743758289769126e-05,2016-12-31,0
19349,2017-02-24,10.197252189305122,0.00032034285904967654,0.0031191722271026717,0.001940758588801688,195214308693.9181,90901000000.0,1.4777406481786521e-05,2016-12-31,0
19349,2017-03-03,10.197252189305122,0.00032034285904967654,0.0031191722271026717,0.001940758588801688,197724495843.09637,90901000000.0,1.2738833429665602e-05,2016-12-31,0
19349,2017-03-10,10.197252189305122,0.00032034285904967654,0.0031191722271026717,0.001940758588801688,196322503057.9847,90901000000.0,1.3836420028445001e-05,2016-12-31,0
19349,2017-03-17,10.197252189305122,0.00032034285904967654,0.0031191722271026717,0.001940758588801688,197379039677.5968,90901000000.0,1.300013227483043e-05,2016-12-31,0
19349,2017-03-24,10.197252189305122,0.00032034285904967654,0.0031191722271026717,0.001940758588801688,197328693970.96826,90901000000.0,1.3038701017846502e-05,2016-12-31,0
19349,2017-03-31,10.15108404741673,0.0006684325017902693,0.002743278664078656,0.002036764081761553,200719405409.98035,90901000000.0,7.822101865307587e-06,2017-03-31,1
19349,2017-04-07,10.15108404741673,0.0006684325017902693,0.002743278664078656,0.002036764081761553,200779836336.39017,90901000000.0,7.794883224390824e-06,2017-03-31,0
19349,2017-04-14,10.15108404741673,0.0006684325017902693,0.002743278664078656,0.002036764081761553,199230549634.4022,90901000000.0,8.526724139933319e-06,2017-03-31,0
19349,2017-04-21,10.15108404741673,0.0006684325017902693,0.002743278664078656,0.002036764081761553,198186363437.89374,90901000000.0,9.062339035577545e-06,2017-03-31,0
19349,2017-04-28,10.15108404741673,0.0006684325017902693,0.002743278664078656,0.002036764081761553,203461022435.92767,90901000000.0,6.685741438636957e-06,2017-03-31,0
19349,2017-05-05,10.15108404741673,0.0006684325017902693,0.002743278664078656,0.002036764081761553,203773051822.20898,90901000000.0,6.5683373586890576e-06,2017-03-31,0
19349,2017-05-12,10.15108404741673,0.0006684325017902693,0.002743278664078656,0.002036764081761553,202082704623.29553,90901000000.0,7.2326002506342e-06,2017-03-31,0
19349,2017-05-19,10.15108404741673,0.0006684325017902693,0.002743278664078656,0.002036764081761553,200461749863.44202,90901000000.0,7.939327203791788e-06,2017-03-31,0
19349,2017-05-26,10.15108404741673,0.0006684325017902693,0.002743278664078656,0.002036764081761553,198698699345.53473,90901000000.0,8.795065527019628e-06,2017-03-31,0
19349,2017-06-02,10.15108404741673,0.0006684325017902693,0.002743278664078656,0.002036764081761553,201665638783.62943,90901000000.0,7.407599896458303e-06,2017-03-31,0
19349,2017-06-09,10.15108404741673,0.0006684325017902693,0.002743278664078656,0.002036764081761553,201579908344.55838,90901000000.0,7.444144285543154e-06,2017-03-31,0
19349,2017-06-16,10.15108404741673,0.0006684325017902693,0.002743278664078656,0.002036764081761553,197411580685.04712,90901000000.0,9.48359558212506e-06,2017-03-31,0
19349,2017-06-23,10.15108404741673,0.0006684325017902693,0.002743278664078656,0.002036764081761553,197557864294.23193,90901000000.0,9.402443776212562e-06,2017-03-31,0
19349,2017-06-30,10.144948138170678,0.000614368676934333,0.002723655129346998,0.0022528896847786597,193793683476.46542,90901000000.0,1.0205265467077602e-05,2017-06-30,1
19349,2017-07-07,10.144948138170678,0.000614368676934333,0.002723655129346998,0.0022528896847786597,194230606314.80792,90901000000.0,9.94196666143758e-06,2017-06-30,0
19349,2017-07-14,10.144948138170678,0.000614368676934333,0.002723655129346998,0.0022528896847786597,193788408223.28238,90901000000.0,1.020849079856139e-05,2017-06-30,0
19349,2017-07-21,10.144948138170678,0.000614368676934333,0.002723655129346998,0.0022528896847786597,190095836390.92175,90901000000.0,1.2766324363590589e-05,2017-06-30,0
19349,2017-07-28,10.144948138170678,0.000614368676934333,0.002723655129346998,0.0022528896847786597,189928371478.51654,90901000000.0,1.2897925227024172e-05,2017-06-30,0
19349,2017-08-04,10.144948138170678,0.000614368676934333,0.002723655129346998,0.0022528896847786597,186372671626.66187,90901000000.0,1.607484959343999e-05,2017-06-30,0
19349,2017-08-11,10.144948138170678,0.000614368676934333,0.002723655129346998,0.0022528896847786597,184384171338.30853,90901000000.0,1.821913601703697e-05,2017-06-30,0
19349,2017-08-18,10.144948138170678,0.000614368676934333,0.002723655129346998,0.0022528896847786597,186170863356.6253,90901000000.0,1.627930795402053e-05,2017-06-30,0
19349,2017-08-25,10.144948138170678,0.000614368676934333,0.002723655129346998,0.0022528896847786597,185806841973.6605,90901000000.0,1.665536060936912e-05,2017-06-30,0
19349,2017-09-01,10.144948138170678,0.000614368676934333,0.002723655129346998,0.0022528896847786597,185721761037.65057,90901000000.0,1.674462071385115e-05,2017-06-30,0
19349,2017-09-08,10.144948138170678,0.000614368676934333,0.002723655129346998,0.0022528896847786597,187028300295.95413,90901000000.0,1.5429809259467016e-05,2017-06-30,0
19349,2017-09-15,10.144948138170678,0.000614368676934333,0.002723655129346998,0.0022528896847786597,190430461208.12292,90901000000.0,1.2507751105053903e-05,2017-06-30,0
19349,2017-09-22,10.144948138170678,0.000614368676934333,0.002723655129346998,0.0022528896847786597,190656774754.62567,90901000000.0,1.2336130652150284e-05,2017-06-30,0
19349,2017-09-29,10.141869372781631,0.0009150727153017233,0.002414679080773951,0.0028573934378560996,192906086202.9278,90901000000.0,5.789147027097739e-06,2017-09-30,1
201794,2015-12-31,14.644193983758987,-0.006438920932254137,0.0016039258972423785,0.00027444267928080794,152546051624.4001,115489000000.0,0.0017453872046107868,2015-12-31,1
201794,2016-01-01,14.644193983758987,-0.006438920932254137,0.0016039258972423785,0.00027444267928080794,152546051624.4001,115489000000.0,0.0017453872046107868,2015-12-31,0
201794,2016-01-08,14.644193983758987,-0.006438920932254137,0.0016039258972423785,0.00027444267928080794,151180347108.50586,115489000000.0,0.002062627155525635,2015-12-31,0
201794,2016-01-15,14.644193983758987,-0.006438920932254137,0.0016039258972423785,0.00027444267928080794,150484286119.69058,115489000000.0,0.0022478758231467603,2015-12-31,0
201794,2016-01-22,14.644193983758987,-0.006438920932254137,0.0016039258972423785,0.00027444267928080794,151045332317.11887,115489000000.0,0.0020972258288686598,2015-12-31,0
201794,2016-01-29,14.644193983758987,-0.006438920932254137,0.0016039258972423785,0.00027444267928080794,151442647889.34802,115489000000.0,0.0019971628809963777,2015-12-31,0
201794,2016-02-05,14.644193983758987,-0.006438920932254137,0.0016039258972423785,0.00027444267928080794,149364899155.3709,115489000000.0,0.002584646126702864,2015-12-31,0
201794,2016-02-12,14.644193983758987,-0.006438920932254137,0.0016039258972423785,0.00027444267928080794,149320051082.83768,115489000000.0,0.002599230630927863,2015-12-31,0
201794,2016-02-19,14.644193983758987,-0.006438920932254137,0.0016039258972423785,0.00027444267928080794,150096847419.91513,115489000000.0,0.0023587285113822083,2015-12-31,0
201794,2016-02-26,14.644193983758987,-0.006438920932254137,0.0016039258972423785,0.00027444267928080794,150714460360.32965,115489000000.0,0.0021846989029607623,2015-12-31,0
201794,2016-03-04,14.644193983758987,-0.006438920932254137,0.0016039258972423785,0.00027444267928080794,151002427804.4297,115489000000.0,0.0021083515651250627,2015-12-31,0
201794,2016-03-11,14.644193983758987,-0.006438920932254137,0.0016039258972423785,0.00027444267928080794,152797446247.67468,115489000000.0,0.0016929652190223066,2015-12-31,0
201794,2016-03-18,14.644193983758987,-0.006438920932254137,0.0016039258972423785,0.00027444267928080794,152868006703.31693,115489000000.0,0.0016785594831995733,2015-12-31,0
201794,2016-03-25,14.644193983758987,-0.006438920932254137,0.0016039258972423785,0.00027444267928080794,152808578504.5621,115489000000.0,0.0016906835846946164,2015-12-31,0
201794,2016-03-31,14.427126568700347,-0.003070442166138248,0.0015907777745393622,-0.0002733454554371674,152705530655.951,115489000000.0,0.0030058008852661892,2016-03-31,1
201794,2016-04-01,14.427126568700347,-0.003070442166138248,0.0015907777745393622,-0.0002733454554371674,155475452017.72675,115489000000.0,0.002154931836893801,2016-03-31,0
201794,2016-04-08,14.427126568700347,-0.003070442166138248,0.0015907777745393622,-0.0002733454554371674,154323675924.8758,115489000000.0,0.002471945058232361,2016-03-31,0
201794,2016-04-15,14.427126568700347,-0.003070442166138248,0.0015907777745393622,-0.0002733454554371674,154804954981.01276,115489000000.0,0.0023337198594717357,2016-03-31,0
201794,2016-04-22,14.427126568700347,-0.003070442166138248,0.0015907777745393622,-0.0002733454554371674,149648741331.18576,109428000000.0,0.0016153478063410903,2016-03-31,0
201794,2016-04-29,14.427126568700347,-0.003070442166138248,0.0015907777745393622,-0.0002733454554371674,150236119987.50702,109428000000.0,0.001503889525580334,2016-03-31,0
201794,2016-05-06,14.427126568700347,-0.003070442166138248,0.0015907777745393622,-0.0002733454554371674,149674971019.22116,109428000000.0,0.0016101842425408624,2016-03-31,0
201794,2016-05-13,14.427126568700347,-0.003070442166138248,0.0015907777745393622,-0.0002733454554371674,150740597269.0434,109428000000.0,0.0014147946317227395,2016-03-31,0
201794,2016-05-20,14.427126568700347,-0.003070442166138248,0.0015907777745393622,-0.0002733454554371674,150583560179.24377,109428000000.0,0.0014419003313447703,2016-03-31,0
201794,2016-05-27,14.427126568700347,-0.003070442166138248,0.0015907777745393622,-0.0002733454554371674,151695849525.6451,109428000000.0,0.001261342888672478,2016-03-31,0
201794,2016-06-03,14.427126568700347,-0.003070442166138248,0.0015907777745393622,-0.0002733454554371674,150885330393.5476,109428000000.0,0.0013903005146040713,2016-03-31,0
201794,2016-06-10,14.427126568700347,-0.003070442166138248,0.0015907777745393622,-0.0002733454554371674,150529488860.57333,109428000000.0,0.001451363064513103,2016-03-31,0
201794,2016-06-17,14.427126568700347,-0.003070442166138248,0.0015907777745393622,-0.0002733454554371674,150937979876.69165,109428000000.0,0.0013815044578900624,2016-03-31,0
201794,2016-06-24,14.427126568700347,-0.003070442166138248,0.0015907777745393622,-0.0002733454554371674,146727300549.26602,109428000000.0,0.002320046560820844,2016-03-31,0
201794,2016-06-30,14.337282966548333,-0.0007541354954105151,0.001460746716603716,-7.725374213970506e-05,150603964885.93127,109428000000.0,0.0010469814933715578,2016-06-30,1
201794,2016-07-01,14.337282966548333,-0.0007541354954105151,0.001460746716603716,-7.725374213970506e-05,150566532293.64056,109428000000.0,0.0010517091463469264,2016-06-30,0
201794,2016-07-08,14.337282966548333,-0.0007541354954105151,0.001460746716603716,-7.725374213970506e-05,150122745212.6513,109428000000.0,0.0011095558366347614,2016-06-30,0
201794,2016-07-15,14.337282966548333,-0.0007541354954105151,0.001460746716603716,-7.725374213970506e-05,150732682986.1576,109428000000.0,0.0010308995745180573,2016-06-30,0
201794,2016-07-22,14.337282966548333,-0.0007541354954105151,0.001460746716603716,-7.725374213970506e-05,151072477405.99045,109428000000.0,0.000989717423526546,2016-06-30,0
201794,2016-07-29,14.337282966548333,-0.0007541354954105151,0.001460746716603716,-7.725374213970506e-05,151995778802.96307,109428000000.0,0.0008865490388601609,2016-06-30,0
201794,2016-08-05,14.337282966548333,-0.0007541354954105151,0.001460746716603716,-7.725374213970506e-05,151754157391.17776,109428000000.0,0.0009123717053066384,2016-06-30,0
201794,2016-08-12,14.337282966548333,-0.0007541354954105151,0.001460746716603716,-7.725374213970506e-05,151859087494.84717,109428000000.0,0.0009010588879989875,2016-06-30,0
201794,2016-08-19,14.337282966548333,-0.0007541354954105151,0.001460746716603716,-7.725374213970506e-05,149667046045.54053,109428000000.0,0.0011725615832830802,2016-06-30,0
201794,2016-08-26,14.337282966548333,-0.0007541354954105151,0.001460746716603716,-7.725374213970506e-05,150562419416.38794,109428000000.0,0.001052230002085225,2016-06-30,0
201794,2016-09-02,14.337282966548333,-0.0007541354954105151,0.001460746716603716,-7.725374213970506e-05,151170120533.49673,109428000000.0,0.0009782155501426902,2016-06-30,0
201794,2016-09-09,14.337282966548333,-0.0007541354954105151,0.001460746716603716,-7.725374213970506e-05,151303027447.25684,109428000000.0,0.0009627918191941322,2016-06-30,0
201794,2016-09-16,14.337282966548333,-0.0007541354954105151,0.001460746716603716,-7.725374213970506e-05,149586368062.63165,109428000000.0,0.0011841149668797269,2016-06-30,0
201794,2016-09-23,14.337282966548333,-0.0007541354954105151,0.001460746716603716,-7.725374213970506e-05,150552191834.63486,109428000000.0,0.0010535264373746013,2016-06-30,0
201794,2016-09-30,14.3319071586519,-0.0005609501689355998,0.0013704165890327286,5.579675249321775e-05,150562072546.3556,109428000000.0,0.0008293796940271683,2016-09-30,1
220940,2015-12-31,14.620386123828405,-0.001238376478781825,0.003660405826336495,0.0011457691614333886,97946440705.5061,56703000000.0,5.504082274432664e-05,2015-12-31,1
220940,2016-01-01,14.620386123828405,-0.001238376478781825,0.003660405826336495,0.0011457691614333886,97946440705.5061,56703000000.0,5.504082274432664e-05,2015-12-31,0
220940,2016-01-08,14.620386123828405,-0.001238376478781825,0.003660405826336495,0.0011457691614333886,97478392479.72906,56703000000.0,5.947803688888455e-05,2015-12-31,0
220940,2016-01-15,14.620386123828405,-0.001238376478781825,0.003660405826336495,0.0011457691614333886,97641231934.55698,56703000000.0,5.789248972192972e-05,2015-12-31,0
220940,2016-01-22,14.620386123828405,-0.001238376478781825,0.003660405826336495,0.0011457691614333886,98893892639.75494,56703000000.0,4.710308452626489e-05,2015-12-31,0
220940,2016-01-29,14.620386123828405,-0.001238376478781825,0.003660405826336495,0.0011457691614333886,100215490518.24356,56703000000.0,3.800634038112397e-05,2015-12-31,0
220940,2016-02-05,14.620386123828405,-0.001238376478781825,0.003660405826336495,0.0011457691614333886,97240304462.30249,56703000000.0,6.188015404787921e-05,2015-12-31,0
220940,2016-02-12,14.620386123828405,-0.001238376478781825,0.003660405826336495,0.0011457691614333886,96434065427.24625,56703000000.0,7.081331482745484e-05,2015-12-31,0
220940,2016-02-19,14.620386123828405,-0.001238376478781825,0.003660405826336495,0.0011457691614333886,99204959558.46547,56703000000.0,4.4770776962825e-05,2015-12-31,0
220940,2016-02-26,14.620386123828405,-0.001238376478781825,0.003660405826336495,0.0011457691614333886,100335737433.2853,58163000000.0,5.6230359355997435e-05,2015-12-31,0
220940,2016-03-04,14.620386123828405,-0.001238376478781825,0.003660405826336495,0.0011457691614333886,100577091732.2058,58163000000.0,5.408598291084219e-05,2015-12-31,0
220940,2016-03-11,14.620386123828405,-0.001238376478781825,0.003660405826336495,0.0011457691614333886,101987068833.1048,58163000000.0,4.318142923418752e-05,2015-12-31,0
220940,2016-03-18,14.620386123828405,-0.001238376478781825,0.003660405826336495,0.0011457691614333886,99579931610.73972,58163000000.0,6.355256497464326e-05,2015-12-31,0
220940,2016-03-25,14.620386123828405,-0.001238376478781825,0.003660405826336495,0.0011457691614333886,99273794865.35893,58163000000.0,6.680199290255247e-05,2015-12-31,0
220940,2016-03-31,13.07836764118362,0.00027967965661724323,0.0030666195252111697,0.0011404675370241483,99225748865.25894,58163000000.0,8.705442856813477e-05,2016-03-31,1
220940,2016-04-01,13.07836764118362,0.00027967965661724323,0.0030666195252111697,0.0011404675370241483,99224653592.49611,58163000000.0,8.706876659935978e-05,2016-03-31,0
220940,2016-04-08,13.07836764118362,0.00027967965661724323,0.0030666195252111697,0.0011404675370241483,96152581377.09705,58163000000.0,0.00013934202982496797,2016-03-31,0
220940,2016-04-15,13.07836764118362,0.00027967965661724323,0.0030666195252111697,0.0011404675370241483,98569922290.23563,58163000000.0,9.611219598466863e-05,2016-03-31,0
220940,2016-04-22,13.07836764118362,0.00027967965661724323,0.0030666195252111697,0.0011404675370241483,98053924064.67947,58163000000.0,0.00010395121303686404,2016-03-31,0
220940,2016-04-29,13.07836764118362,0.00027967965661724323,0.0030666195252111697,0.0011404675370241483,96820975832.51569,58163000000.0,0.00012560996814286733,2016-03-31,0
220940,2016-05-06,13.07836764118362,0.00027967965661724323,0.0030666195252111697,0.0011404675370241483,96110127315.31892,58163000000.0,0.00014026719274388494,2016-03-31,0
220940,2016-05-13,13.07836764118362,0.00027967965661724323,0.0030666195252111697,0.0011404675370241483,98458797983.26645,58163000000.0,9.77449975373005e-05,2016-03-31,0
220940,2016-05-20,13.07836764118362,0.00027967965661724323,0.0030666195252111697,0.0011404675370241483,98753167712.24966,58163000000.0,9.348343822903959e-05,2016-03-31,0
220940,2016-05-27,13.07836764118362,0.00027967965661724323,0.0030666195252111697,0.0011404675370241483,99449472200.67006,58163000000.0,8.417828453113262e-05,2016-03-31,0
220940,2016-06-03,13.07836764118362,0.00027967965661724323,0.0030666195252111697,0.0011404675370241483,99371026043.71642,58163000000.0,8.517495968766965e-05,2016-03-31,0
220940,2016-06-10,13.07836764118362,0.00027967965661724323,0.0030666195252111697,0.0011404675370241483,97700590053.00201,58163000000.0,0.00010971447403797328,2016-03-31,0
220940,2016-06-17,13.07836764118362,0.00027967965661724323,0.0030666195252111697,0.0011404675370241483,96515341532.25778,58163000000.0,0.00013169931476694047,2016-03-31,0
220940,2016-06-24,13.07836764118362,0.00027967965661724323,0.0030666195252111697,0.0011404675370241483,94884339153.75778,58163000000.0,0.00017004636145555904,2016-03-31,0
220940,2016-06-30,12.571341827472981,0.00017582236408100394,0.003229011889154699,0.0007892081418854837,97524878178.76036,58163000000.0,0.00021117168713345852,2016-06-30,1
220940,2016-07-01,12.571341827472981,0.00017582236408100394,0.003229011889154699,0.0007892081418854837,97340393215.23473,58163000000.0,0.00021702669682424852,2016-06-30,0
220940,2016-07-08,12.571341827472981,0.00017582236408100394,0.003229011889154699,0.0007892081418854837,96209261642.50174,58163000000.0,0.00025698117012414485,2016-06-30,0
220940,2016-07-15,12.571341827472981,0.00017582236408100394,0.003229011889154699,0.0007892081418854837,97475247756.24295,58163000000.0,0.00021272986947266242,2016-06-30,0
220940,2016-07-22,12.571341827472981,0.00017582236408100394,0.003229011889154699,0.0007892081418854837,97009109131.19229,58163000000.0,0.0002279849404262983,2016-06-30,0
220940,2016-07-29,12.571341827472981,0.00017582236408100394,0.003229011889154699,0.0007892081418854837,94951976977.30824,58163000000.0,0.00031091043871808835,2016-06-30,0
220940,2016-08-05,12.571341827472981,0.00017582236408100394,0.003229011889154699,0.0007892081418854837,95352249900.05577,58163000000.0,0.0002925237626328498,2016-06-30,0
220940,2016-08-12,12.571341827472981,0.00017582236408100394,0.003229011889154699,0.0007892081418854837,96112100537.1378,58163000000.0,0.00026076593927323296,2016-06-30,0
220940,2016-08-19,12.571341827472981,0.00017582236408100394,0.003229011889154699,0.0007892081418854837,94454163457.26863,58163000000.0,0.0003355357699508229,2016-06-30,0
220940,2016-08-26,12.571341827472981,0.00017582236408100394,0.003229011889154699,0.0007892081418854837,94866847235.29578,58163000000.0,0.0003149794392131228,2016-06-30,0
220940,2016-09-02,12.571341827472981,0.00017582236408100394,0.003229011889154699,0.0007892081418854837,94982834732.86914,58163000000.0,0.0003094495418321443,2016-06-30,0
220940,2016-09-09,12.571341827472981,0.00017582236408100394,0.003229011889154699,0.0007892081418854837,94765019790.2951,58163000000.0,0.0003199221461330613,2016-06-30,0
220940,2016-09-16,12.571341827472981,0.00017582236408100394,0.003229011889154699,0.0007892081418854837,94092911476.46765,58163000000.0,0.0003547203485152271,2016-06-30,0
220940,2016-09-23,12.571341827472981,0.00017582236408100394,0.003229011889154699,0.0007892081418854837,95106638282.17517,58163000000.0,0.00030366232915017143,2016-06-30,0
220940,2016-09-30,12.092887017941674,0.00016909330595327675,0.0031701596656256866,0.0006356535818037244,95638915927.9928,58163000000.0,0.0003680056471849892,2016-09-30,1
220940,2016-10-07,12.092887017941674,0.00016909330595327675,0.0031701596656256866,0.0006356535818037244,94771001482.50835,58163000000.0,0.00041835783589208077,2016-09-30,0
220940,2016-10-14,12.092887017941674,0.00016909330595327675,0.0031701596656256866,0.0006356535818037244,95578771041.57962,58163000000.0,0.0003712744676889849,2016-09-30,0
220940,2016-10-21,12.092887017941674,0.00016909330595327675,0.0031701596656256866,0.0006356535818037244,96049298456.86255,58163000000.0,0.000346516029403356,2016-09-30,0
220940,2016-10-28,12.092887017941674,0.00016909330595327675,0.0031701596656256866,0.0006356535818037244,97179018072.20007,58163000000.0,0.0002940681615595333,2016-09-30,0
220940,2016-11-04,12.092887017941674,0.00016909330595327675,0.0031701596656256866,0.0006356535818037244,95307122639.69174,58163000000.0,0.00038643480700573134,2016-09-30,0
220940,2016-11-11,12.092887017941674,0.00016909330595327675,0.0031701596656256866,0.0006356535818037244,94627910295.69235,58163000000.0,0.0004273527770970986,2016-09-30,0
220940,2016-11-18,12.092887017941674,0.00016909330595327675,0.0031701596656256866,0.0006356535818037244,94938365317.84216,58163000000.0,0.0004080962123116532,2016-09-30,0
220940,2016-11-25,12.092887017941674,0.00016909330595327675,0.0031701596656256866,0.0006356535818037244,95256790476.54243,58163000000.0,0.000389316644275255,2016-09-30,0
220940,2016-12-02,12.092887017941674,0.00016909330595327675,0.0031701596656256866,0.0006356535818037244,94273601086.51312,58163000000.0,0.0004505386292643793,2016-09-30,0
220940,2016-12-09,12.092887017941674,0.00016909330595327675,0.0031701596656256866,0.0006356535818037244,94539633338.32123,58163000000.0,0.0004330062381505452,2016-09-30,0
220940,2016-12-16,12.092887017941674,0.00016909330595327675,0.0031701596656256866,0.0006356535818037244,95868767448.74539,58163000000.0,0.0003557973937412561,2016-09-30,0
220940,2016-12-23,12.092887017941674,0.00016909330595327675,0.0031701596656256866,0.0006356535818037244,96663669333.25581,58163000000.0,0.0003168421049845393,2016-09-30,0
220940,2016-12-30,11.817206218294324,0.00011884345629189516,0.002663463436169441,2.437501823782518e-05,97041247816.8573,58163000000.0,0.0003554312960719489,2016-12-31,1
220940,2017-01-06,11.817206218294324,0.00011884345629189516,0.002663463436169441,2.437501823782518e-05,97942369929.12202,58163000000.0,0.00031227937466293484,2016-12-31,0
220940,2017-01-13,11.817206218294324,0.00011884345629189516,0.002663463436169441,2.437501823782518e-05,98489777057.31415,58163000000.0,0.00028886827988060455,2016-12-31,0
220940,2017-01-20,11.817206218294324,0.00011884345629189516,0.002663463436169441,2.437501823782518e-05,98127268950.68726,58163000000.0,0.000304149048018068,2016-12-31,0
220940,2017-01-27,11.817206218294324,0.00011884345629189516,0.002663463436169441,2.437501823782518e-05,96986065246.14755,58163000000.0,0.0003582766279124658,2016-12-31,0
220940,2017-02-03,11.817206218294324,0.00011884345629189516,0.002663463436169441,2.437501823782518e-05,96823127837.2659,58163000000.0,0.0003668234223153029,2016-12-31,0
220940,2017-02-10,11.817206218294324,0.00011884345629189516,0.002663463436169441,2.437501823782518e-05,96934424086.21832,58163000000.0,0.0003609617825112166,2016-12-31,0
220940,2017-02-17,11.817206218294324,0.00011884345629189516,0.002663463436169441,2.437501823782518e-05,96929901068.02377,58163000000.0,0.00036119800239100105,2016-12-31,0
220940,2017-02-24,11.817206218294324,0.00011884345629189516,0.002663463436169441,2.437501823782518e-05,97049409806.32266,58163000000.0,0.00035501253450546277,2016-12-31,0
220940,2017-03-03,11.817206218294324,0.00011884345629189516,0.002663463436169441,2.437501823782518e-05,100264035245.9796,61494000000.0,0.000491167797927167,2016-12-31,0
220940,2017-03-10,11.817206218294324,0.00011884345629189516,0.002663463436169441,2.437501823782518e-05,101330551451.3631,61494000000.0,0.0004232271755339704,2016-12-31,0
220940,2017-03-17,11.817206218294324,0.00011884345629189516,0.002663463436169441,2.437501823782518e-05,101537171349.14134,61494000000.0,0.00041128535585635464,2016-12-31,0
220940,2017-03-24,11.817206218294324,0.00011884345629189516,0.002663463436169441,2.437501823782518e-05,100957801167.41522,61494000000.0,0.0004457347262532131,2016-12-31,0
220940,2017-03-31,11.71171457197085,0.0006131822386707871,0.0024045734033801866,0.0003787835218222611,100696661694.95207,61494000000.0,0.00030031301031857,2017-03-31,1
220940,2017-04-07,11.71171457197085,0.0006131822386707871,0.0024045734033801866,0.0003787835218222611,100045928150.91144,61494000000.0,0.00032887082149168434,2017-03-31,0
220940,2017-04-14,11.71171457197085,0.0006131822386707871,0.0024045734033801866,0.0003787835218222611,99649323039.71979,61494000000.0,0.00034771711447380055,2017-03-31,0
220940,2017-04-21,11.71171457197085,0.0006131822386707871,0.0024045734033801866,0.0003787835218222611,99260553294.00867,61494000000.0,0.0003673372968754731,2017-03-31,0
220940,2017-04-28,11.71171457197085,0.0006131822386707871,0.0024045734033801866,0.0003787835218222611,99740364829.16426,61494000000.0,0.00034328922323205316,2017-03-31,0
220940,2017-05-05,11.71171457197085,0.0006131822386707871,0.0024045734033801866,0.0003787835218222611,101849488150.18982,61494000000.0,0.00025612392859577094,2017-03-31,0
220940,2017-05-12,11.71171457197085,0.0006131822386707871,0.0024045734033801866,0.0003787835218222611,102720536608.89069,61494000000.0,0.00022743476453668618,2017-03-31,0
220940,2017-05-19,11.71171457197085,0.0006131822386707871,0.0024045734033801866,0.0003787835218222611,102594655263.53552,61494000000.0,0.00023135544292124448,2017-03-31,0
220940,2017-05-26,11.71171457197085,0.0006131822386707871,0.0024045734033801866,0.0003787835218222611,103779928864.59949,61494000000.0,0.00019716284253149696,2017-03-31,0
220940,2017-06-02,11.71171457197085,0.0006131822386707871,0.0024045734033801866,0.0003787835218222611,103324416757.17679,61494000000.0,0.00020960513071698297,2017-03-31,0
220940,2017-06-09,11.71171457197085,0.0006131822386707871,0.0024045734033801866,0.0003787835218222611,102579106771.65594,61494000000.0,0.0002318447931421439,2017-03-31,0
220940,2017-06-16,11.71171457197085,0.0006131822386707871,0.0024045734033801866,0.0003787835218222611,101124974344.96608,61494000000.0,0.000282995124377656,2017-03-31,0
220940,2017-06-23,11.71171457197085,0.0006131822386707871,0.0024045734033801866,0.0003787835218222611,100138009685.3103,61494000000.0,0.000324656100139286,2017-03-31,0
220940,2017-06-30,11.678890548233674,0.0006472824592428925,0.002326149073664102,0.0004660970406503794,98844824334.62695,61494000000.0,0.00034619017104057896,2017-06-30,1
220940,2017-07-07,11.678890548233674,0.0006472824592428925,0.002326149073664102,0.0004660970406503794,99158796574.59338,61494000000.0,0.00033111821294470856,2017-06-30,0
220940,2017-07-14,11.678890548233674,0.0006472824592428925,0.002326149073664102,0.0004660970406503794,99947329582.8373,61494000000.0,0.0002963242522914743,2017-06-30,0
220940,2017-07-21,11.678890548233674,0.0006472824592428925,0.002326149073664102,0.0004660970406503794,99764459497.77133,61494000000.0,0.0003040231771343649,2017-06-30,0
220940,2017-07-28,11.678890548233674,0.0006472824592428925,0.002326149073664102,0.0004660970406503794,100032180129.74591,61494000000.0,0.0002928243283555477,2017-06-30,0
220940,2017-08-04,11.678890548233674,0.0006472824592428925,0.002326149073664102,0.0004660970406503794,100387661455.00955,61494000000.0,0.00027864302839005444,2017-06-30,0
220940,2017-08-11,11.678890548233674,0.0006472824592428925,0.002326149073664102,0.0004660970406503794,99356327634.20206,61494000000.0,0.0003220030540749659,2017-06-30,0
220940,2017-08-18,11.678890548233674,0.0006472824592428925,0.002326149073664102,0.0004660970406503794,99783081330.63315,61494000000.0,0.0003032293154475494,2017-06-30,0
220940,2017-08-25,11.678890548233674,0.0006472824592428925,0.002326149073664102,0.0004660970406503794,99596077763.10403,61494000000.0,0.0003113050379853291,2017-06-30,0
220940,2017-09-01,11.678890548233674,0.0006472824592428925,0.002326149073664102,0.0004660970406503794,99875328953.25708,61494000000.0,0.0002993298793259446,2017-06-30,0
220940,2017-09-08,11.678890548233674,0.0006472824592428925,0.002326149073664102,0.0004660970406503794,98712939892.26859,61494000000.0,0.0003527426287077505,2017-06-30,0
220940,2017-09-15,11.678890548233674,0.0006472824592428925,0.002326149073664102,0.0004660970406503794,98911755543.91039,61494000000.0,0.00034291561440129975,2017-06-30,0
220940,2017-09-22,11.678890548233674,0.0006472824592428925,0.002326149073664102,0.0004660970406503794,98615193819.22623,61494000000.0,0.00035768611305050094,2017-06-30,0
220940,2017-09-29,11.659589999038428,0.0008182234978417462,0.0019623927295259994,0.0007082041358162719,98825841310.39078,61494000000.0,0.0002090073786098968,2017-09-30,1
220940,2017-10-06,11.659589999038428,0.0008182234978417462,0.0019623927295259994,0.0007082041358162719,98749911915.41028,61494000000.0,0.00021128252725834977,2017-09-30,0
220940,2017-10-13,11.659589999038428,0.0008182234978417462,0.0019623927295259994,0.0007082041358162719,98762345392.91739,61494000000.0,0.00021090812898671713,2017-09-30,0
220940,2017-10-20,11.659589999038428,0.0008182234978417462,0.0019623927295259994,0.0007082041358162719,98281862373.23444,61494000000.0,0.0002259174708667813,2017-09-30,0
220940,2017-10-27,11.659589999038428,0.0008182234978417462,0.0019623927295259994,0.0007082041358162719,99093333519.63208,61494000000.0,0.00020120258709580962,2017-09-30,0
220940,2017-11-03,11.659589999038428,0.0008182234978417462,0.0019623927295259994,0.0007082041358162719,99998696087.7811,61494000000.0,0.00017705548558172258,2017-09-30,0
220940,2017-11-10,11.659589999038428,0.0008182234978417462,0.0019623927295259994,0.0007082041358162719,99927217466.22017,61494000000.0,0.00017884214133319866,2017-09-30,0
220940,2017-11-17,11.659589999038428,0.0008182234978417462,0.0019623927295259994,0.0007082041358162719,99507335569.22647,61494000000.0,0.000189742313277775,2017-09-30,0
220940,2017-11-24,11.659589999038428,0.0008182234978417462,0.0019623927295259994,0.0007082041358162719,99913746134.44418,61494000000.0,0.0001791810620285853,2017-09-30,0
220940,2017-12-01,11.659589999038428,0.0008182234978417462,0.0019623927295259994,0.0007082041358162719,100414237700.73166,61494000000.0,0.0001670465206289005,2017-09-30,0
220940,2017-12-08,11.659589999038428,0.0008182234978417462,0.0019623927295259994,0.0007082041358162719,100943728781.1265,61494000000.0,0.0001551764227333013,2017-09-30,0
220940,2017-12-15,11.659589999038428,0.0008182234978417462,0.0019623927295259994,0.0007082041358162719,100999934245.23918,61494000000.0,0.00015397141405778172,2017-09-30,0
220940,2017-12-22,11.659589999038428,0.0008182234978417462,0.0019623927295259994,0.0007082041358162719,100917106758.71991,61494000000.0,0.00015575076498255502,2017-09-30,0
220940,2017-12-29,11.659589999038428,0.0008182234978417462,0.0019623927295259994,0.0007082041358162719,100453745733.65732,61494000000.0,0.00016612750667163953,2017-09-30,0
220940,2019-03-29,11.660192840843331,-0.0003066981364923656,0.0008383700132782332,0.00020985705246956594,102231757387.13818,63343000000.0,6.85004276446244e-05,2019-03-31,1
221244,2015-12-31,13.955786565169142,-0.03240020063522035,0.009901742293038144,9.763711420182581e-05,25636660037.924793,6799000000.0,9.915398645610079e-08,2015-12-31,1
221244,2016-01-01,13.955786565169142,-0.03240020063522035,0.009901742293038144,9.763711420182581e-05,25636660037.924793,6799000000.0,9.915398645610079e-08,2015-12-31,0
221244,2016-01-08,13.955786565169142,-0.03240020063522035,0.009901742293038144,9.763711420182581e-05,24287760865.585117,6799000000.0,2.1134282278018114e-07,2015-12-31,0
221244,2016-01-15,13.955786565169142,-0.03240020063522035,0.009901742293038144,9.763711420182581e-05,24403802241.04503,6799000000.0,1.9771373371943768e-07,2015-12-31,0
221244,2016-01-22,13.955786565169142,-0.03240020063522035,0.009901742293038144,9.763711420182581e-05,25925725335.882935,6799000000.0,8.472876659126853e-08,2015-12-31,0
221244,2016-01-29,13.955786565169142,-0.03240020063522035,0.009901742293038144,9.763711420182581e-05,26701072194.700554,6799000000.0,5.60317860879878e-08,2015-12-31,0
221244,2016-02-05,13.955786565169142,-0.03240020063522035,0.009901742293038144,9.763711420182581e-05,25703687732.794743,6799000000.0,9.558996334377394e-08,2015-12-31,0
221244,2016-02-12,13.955786565169142,-0.03240020063522035,0.009901742293038144,9.763711420182581e-05,25272398669.895054,6799000000.0,1.2117386521749782e-07,2015-12-31,0
221244,2016-02-19,13.955786565169142,-0.03240020063522035,0.009901742293038144,9.763711420182581e-05,27615956756.293945,6799000000.0,3.490298788948631e-08,2015-12-31,0
221244,2016-02-26,13.955786565169142,-0.03240020063522035,0.009901742293038144,9.763711420182581e-05,27524831687.397457,6799000000.0,3.656295120281065e-08,2015-12-31,0
221244,2016-03-04,13.955786565169142,-0.03240020063522035,0.009901742293038144,9.763711420182581e-05,27217629275.468246,6799000000.0,4.281008623350773e-08,2015-12-31,0
221244,2016-03-11,13.955786565169142,-0.03240020063522035,0.009901742293038144,9.763711420182581e-05,28582391991.71336,7695000000.0,1.223975322880603e-07,2015-12-31,0
221244,2016-03-18,13.955786565169142,-0.03240020063522035,0.009901742293038144,9.763711420182581e-05,28695471821.38426,7695000000.0,1.1581026218008388e-07,2015-12-31,0
221244,2016-03-25,13.955786565169142,-0.03240020063522035,0.009901742293038144,9.763711420182581e-05,29166007814.215813,7695000000.0,9.220136464796774e-08,2015-12-31,0
221244,2016-03-31,6.943208553516213,-0.004172220650803094,0.005746280571309295,0.002513157543597676,29281729184.40217,7695000000.0,5.609068557257015e-06,2016-03-31,1
221244,2016-04-01,6.943208553516213,-0.004172220650803094,0.005746280571309295,0.002513157543597676,29166515376.85468,7695000000.0,5.783099143420069e-06,2016-03-31,0
221244,2016-04-08,6.943208553516213,-0.004172220650803094,0.005746280571309295,0.002513157543597676,29283420513.072285,7695000000.0,5.606558489395228e-06,2016-03-31,0
221244,2016-04-15,6.943208553516213,-0.004172220650803094,0.005746280571309295,0.002513157543597676,29566769313.201958,7695000000.0,5.203502569865535e-06,2016-03-31,0
221244,2016-04-22,6.943208553516213,-0.004172220650803094,0.005746280571309295,0.002513157543597676,30152645338.63672,7695000000.0,4.470188233958629e-06,2016-03-31,0
221244,2016-04-29,6.943208553516213,-0.004172220650803094,0.005746280571309295,0.002513157543597676,31292712604.806767,7695000000.0,3.3553016014843166e-06,2016-03-31,0
221244,2016-05-06,6.943208553516213,-0.004172220650803094,0.005746280571309295,0.002513157543597676,31607112462.373226,7695000000.0,3.106060447990997e-06,2016-03-31,0
221244,2016-05-13,6.943208553516213,-0.004172220650803094,0.005746280571309295,0.002513157543597676,30728987543.691025,7695000000.0,3.861285844014446e-06,2016-03-31,0
221244,2016-05-20,6.943208553516213,-0.004172220650803094,0.005746280571309295,0.002513157543597676,31398875226.862507,7695000000.0,3.268684442436743e-06,2016-03-31,0
221244,2016-05-27,6.943208553516213,-0.004172220650803094,0.005746280571309295,0.002513157543597676,31933381230.15907,7695000000.0,2.8693985367709573e-06,2016-03-31,0
221244,2016-06-03,6.943208553516213,-0.004172220650803094,0.005746280571309295,0.002513157543597676,32184638623.286938,7695000000.0,2.7010684598161585e-06,2016-03-31,0
221244,2016-06-10,6.943208553516213,-0.004172220650803094,0.005746280571309295,0.002513157543597676,32624706993.04405,7695000000.0,2.4325641775475164e-06,2016-03-31,0
221244,2016-06-17,6.943208553516213,-0.004172220650803094,0.005746280571309295,0.002513157543597676,32260136764.97816,7695000000.0,2.6527014254810863e-06,2016-03-31,0
221244,2016-06-24,6.943208553516213,-0.004172220650803094,0.005746280571309295,0.002513157543597676,32818731492.26184,7695000000.0,2.3239142024185825e-06,2016-03-31,0
221244,2016-06-30,6.297211530979132,-0.0012094940377265196,0.005391211849283202,0.004536188903653819,34618927775.976875,7695000000.0,1.5665398482351618e-06,2016-06-30,1
221244,2016-07-01,6.297211530979132,-0.0012094940377265196,0.005391211849283202,0.004536188903653819,34566851154.00315,7695000000.0,1.5831943033748723e-06,2016-06-30,0
221244,2016-07-08,6.297211530979132,-0.0012094940377265196,0.005391211849283202,0.004536188903653819,34296549372.650875,7695000000.0,1.6729773502050378e-06,2016-06-30,0
221244,2016-07-15,6.297211530979132,-0.0012094940377265196,0.005391211849283202,0.004536188903653819,35267970359.59363,7695000000.0,1.3749949174701897e-06,2016-06-30,0
221244,2016-07-22,6.297211530979132,-0.0012094940377265196,0.005391211849283202,0.004536188903653819,36406355757.7617,7695000000.0,1.100389101784755e-06,2016-06-30,0
221244,2016-07-29,6.297211530979132,-0.0012094940377265196,0.005391211849283202,0.004536188903653819,38446797243.20217,7695000000.0,7.512680650891655e-07,2016-06-30,0
221244,2016-08-05,6.297211530979132,-0.0012094940377265196,0.005391211849283202,0.004536188903653819,38394660481.93758,7695000000.0,7.584283357238296e-07,2016-06-30,0
221244,2016-08-12,6.297211530979132,-0.0012094940377265196,0.005391211849283202,0.004536188903653819,40204609967.07667,7695000000.0,5.49809726755278e-07,2016-06-30,0
221244,2016-08-19,6.297211530979132,-0.0012094940377265196,0.005391211849283202,0.004536188903653819,40496361349.1481,7695000000.0,5.227682304948697e-07,2016-06-30,0
221244,2016-08-26,6.297211530979132,-0.0012094940377265196,0.005391211849283202,0.004536188903653819,39868762404.560005,7695000000.0,5.829514949025511e-07,2016-06-30,0
221244,2016-09-02,6.297211530979132,-0.0012094940377265196,0.005391211849283202,0.004536188903653819,38175379430.15151,7695000000.0,7.894150975218421e-07,2016-06-30,0
221244,2016-09-09,6.297211530979132,-0.0012094940377265196,0.005391211849283202,0.004536188903653819,38091030074.869125,7695000000.0,8.017202972003382e-07,2016-06-30,0
221244,2016-09-16,6.297211530979132,-0.0012094940377265196,0.005391211849283202,0.004536188903653819,39106549650.24716,7695000000.0,6.670565104016049e-07,2016-06-30,0
221244,2016-09-23,6.297211530979132,-0.0012094940377265196,0.005391211849283202,0.004536188903653819,40196617825.60406,7695000000.0,5.505728094621456e-07,2016-06-30,0
221244,2016-09-30,6.117818411405517,5.034227685508631e-05,0.004078071549254088,0.0074420344430009815,40074642620.030205,7695000000.0,1.4329000961348133e-07,2016-09-30,1
221616,2015-12-31,14.594322801845198,0.002776093653366268,0.004187945287373926,0.002579961356840378,172557907682.50574,95294000000.0,1.1941897176480738e-05,2015-12-31,1
221616,2016-01-01,14.594322801845198,0.002776093653366268,0.004187945287373926,0.002579961356840378,172557907682.50574,95294000000.0,1.1941897176480738e-05,2015-12-31,0
221616,2016-01-08,14.594322801845198,0.002776093653366268,0.004187945287373926,0.002579961356840378,168287653527.24762,95294000000.0,1.7777745854865706e-05,2015-12-31,0
221616,2016-01-15,14.594322801845198,0.002776093653366268,0.004187945287373926,0.002579961356840378,166567498907.6397,95294000000.0,2.093069976482132e-05,2015-12-31,0
221616,2016-01-22,14.594322801845198,0.002776093653366268,0.004187945287373926,0.002579961356840378,168699473321.002,95294000000.0,1.7100673201443744e-05,2015-12-31,0
221616,2016-01-29,14.594322801845198,0.002776093653366268,0.004187945287373926,0.002579961356840378,169500081535.289,95294000000.0,1.5861784256793797e-05,2015-12-31,0
221616,2016-02-05,14.594322801845198,0.002776093653366268,0.004187945287373926,0.002579961356840378,164325681777.3576,95294000000.0,2.5962712581620378e-05,2015-12-31,0
221616,2016-02-12,14.594322801845198,0.002776093653366268,0.004187945287373926,0.002579961356840378,162876619777.48868,95294000000.0,2.989098961067318e-05,2015-12-31,0
221616,2016-02-19,14.594322801845198,0.002776093653366268,0.004187945287373926,0.002579961356840378,165944763865.8372,95294000000.0,2.221479568481878e-05,2015-12-31,0
221616,2016-02-26,14.594322801845198,0.002776093653366268,0.004187945287373926,0.002579961356840378,166487564345.69803,95294000000.0,2.109100710155539e-05,2015-12-31,0
221616,2016-03-04,14.594322801845198,0.002776093653366268,0.004187945287373926,0.002579961356840378,177505564151.78424,105770000000.0,3.9992099883381635e-05,2015-12-31,0
221616,2016-03-11,14.594322801845198,0.002776093653366268,0.004187945287373926,0.002579961356840378,179171837675.10645,105770000000.0,3.446497459618717e-05,2015-12-31,0
221616,2016-03-18,14.594322801845198,0.002776093653366268,0.004187945287373926,0.002579961356840378,179132912258.05505,105770000000.0,3.458436743683602e-05,2015-12-31,0
221616,2016-03-25,14.594322801845198,0.002776093653366268,0.004187945287373926,0.002579961356840378,177586928972.83945,105770000000.0,3.9701354424492255e-05,2015-12-31,0
221616,2016-03-31,13.278300261000657,0.00101596723753639,0.0040702390050086305,0.0025068319404063406,178954859634.24774,105770000000.0,6.668137277171342e-05,2016-03-31,1
221616,2016-04-01,13.278300261000657,0.00101596723753639,0.0040702390050086305,0.0025068319404063406,177432672752.62177,105770000000.0,7.560403835341828e-05,2016-03-31,0
221616,2016-04-08,13.278300261000657,0.00101596723753639,0.0040702390050086305,0.0025068319404063406,175891650682.9641,105770000000.0,8.595454473604448e-05,2016-03-31,0
221616,2016-04-15,13.278300261000657,0.00101596723753639,0.0040702390050086305,0.0025068319404063406,178529908525.5202,105770000000.0,6.905274394705677e-05,2016-03-31,0
221616,2016-04-22,13.278300261000657,0.00101596723753639,0.0040702390050086305,0.0025068319404063406,179060645346.21912,105770000000.0,6.610472853774028e-05,2016-03-31,0
221616,2016-04-29,13.278300261000657,0.00101596723753639,0.0040702390050086305,0.0025068319404063406,176732073881.5322,105770000000.0,8.013364721110884e-05,2016-03-31,0
221616,2016-05-06,13.278300261000657,0.00101596723753639,0.0040702390050086305,0.0025068319404063406,175404056333.05603,105770000000.0,8.953821005485958e-05,2016-03-31,0
221616,2016-05-13,13.278300261000657,0.00101596723753639,0.0040702390050086305,0.0025068319404063406,179719290194.40497,105770000000.0,6.263258401489037e-05,2016-03-31,0
221616,2016-05-20,13.278300261000657,0.00101596723753639,0.0040702390050086305,0.0025068319404063406,179609565492.2935,105770000000.0,6.319716499646029e-05,2016-03-31,0
221616,2016-05-27,13.278300261000657,0.00101596723753639,0.0040702390050086305,0.0025068319404063406,179577309264.16742,105770000000.0,6.336417333910472e-05,2016-03-31,0
221616,2016-06-03,13.278300261000657,0.00101596723753639,0.0040702390050086305,0.0025068319404063406,178428367450.5688,105770000000.0,6.96326604771955e-05,2016-03-31,0
221616,2016-06-10,13.278300261000657,0.00101596723753639,0.0040702390050086305,0.0025068319404063406,174223100337.5951,105770000000.0,9.889890835754284e-05,2016-03-31,0
221616,2016-06-17,13.278300261000657,0.00101596723753639,0.0040702390050086305,0.0025068319404063406,171918157642.99902,105770000000.0,0.00012033059700564412,2016-03-31,0
221616,2016-06-24,13.278300261000657,0.00101596723753639,0.0040702390050086305,0.0025068319404063406,171192369894.9836,105770000000.0,0.00012807078439436086,2016-03-31,0
221616,2016-06-30,12.547224789016774,0.0012066493433079385,0.004112599443124108,0.0021250339540129777,177921821418.49152,105770000000.0,0.0001425500992781562,2016-06-30,1
221616,2016-07-01,12.547224789016774,0.0012066493433079385,0.004112599443124108,0.0021250339540129777,177761255863.2097,105770000000.0,0.00014436427699131602,2016-06-30,0
221616,2016-07-08,12.547224789016774,0.0012066493433079385,0.004112599443124108,0.0021250339540129777,175773269909.42975,105770000000.0,0.00016900583373290662,2016-06-30,0
221616,2016-07-15,12.547224789016774,0.0012066493433079385,0.004112599443124108,0.0021250339540129777,178746772645.30756,105770000000.0,0.00013360813344980347,2016-06-30,0
221616,2016-07-22,12.547224789016774,0.0012066493433079385,0.004112599443124108,0.0021250339540129777,177996522797.85843,105770000000.0,0.00014171444941391212,2016-06-30,0
221616,2016-07-29,12.547224789016774,0.0012066493433079385,0.004112599443124108,0.0021250339540129777,177653777884.97327,105770000000.0,0.00014559250965012362,2016-06-30,0
221616,2016-08-05,12.547224789016774,0.0012066493433079385,0.004112599443124108,0.0021250339540129777,179012378858.47412,105770000000.0,0.00013085913262832422,2016-06-30,0
221616,2016-08-12,12.547224789016774,0.0012066493433079385,0.004112599443124108,0.0021250339540129777,179576761319.69324,105770000000.0,0.0001252178101658371,2016-06-30,0
221616,2016-08-19,12.547224789016774,0.0012066493433079385,0.004112599443124108,0.0021250339540129777,177549868791.9864,105770000000.0,0.0001467906558472192,2016-06-30,0
221616,2016-08-26,12.547224789016774,0.0012066493433079385,0.004112599443124108,0.0021250339540129777,176942553478.38864,105770000000.0,0.00015400911289121082,2016-06-30,0
221616,2016-09-02,12.547224789016774,0.0012066493433079385,0.004112599443124108,0.0021250339540129777,176936599811.8749,105770000000.0,0.00015408174046995475,2016-06-30,0
221616,2016-09-09,12.547224789016774,0.0012066493433079385,0.004112599443124108,0.0021250339540129777,175571186732.90515,105770000000.0,0.00017175333560520166,2016-06-30,0
221616,2016-09-16,12.547224789016774,0.0012066493433079385,0.004112599443124108,0.0021250339540129777,173968941421.13916,105770000000.0,0.00019531675407886292,2016-06-30,0
221616,2016-09-23,12.547224789016774,0.0012066493433079385,0.004112599443124108,0.0021250339540129777,177927009140.91315,105770000000.0,0.00014249189560167321,2016-06-30,0
221616,2016-09-30,11.927242453269049,0.0015206517745020142,0.00384024274292263,0.0022738133093001636,176315566632.30865,105770000000.0,0.0001634864822985317,2016-09-30,1
221616,2016-10-07,11.927242453269049,0.0015206517745020142,0.00384024274292263,0.0022738133093001636,173714512439.5891,105770000000.0,0.0001998445030205016,2016-09-30,0
221616,2016-10-14,11.927242453269049,0.0015206517745020142,0.00384024274292263,0.0022738133093001636,173661291884.56726,105770000000.0,0.00020067419666610064,2016-09-30,0
221616,2016-10-21,11.927242453269049,0.0015206517745020142,0.00384024274292263,0.0022738133093001636,174488874133.5327,105770000000.0,0.00018818284375649074,2016-09-30,0
221616,2016-10-28,11.927242453269049,0.0015206517745020142,0.00384024274292263,0.0022738133093001636,176311403045.56528,105770000000.0,0.00016353861714369646,2016-09-30,0
221616,2016-11-04,11.927242453269049,0.0015206517745020142,0.00384024274292263,0.0022738133093001636,173675217199.84198,105770000000.0,0.00020045674578935161,2016-09-30,0
221616,2016-11-11,11.927242453269049,0.0015206517745020142,0.00384024274292263,0.0022738133093001636,173767122379.8625,105770000000.0,0.00019902797228056252,2016-09-30,0
221616,2016-11-18,11.927242453269049,0.0015206517745020142,0.00384024274292263,0.0022738133093001636,173962469978.2641,105770000000.0,0.00019602749903419245,2016-09-30,0
221616,2016-11-25,11.927242453269049,0.0015206517745020142,0.00384024274292263,0.0022738133093001636,175716491209.08792,105770000000.0,0.0001711759257430541,2016-09-30,0
221616,2016-12-02,11.927242453269049,0.0015206517745020142,0.00384024274292263,0.0022738133093001636,175507906504.55518,105770000000.0,0.00017394425948907794,2016-09-30,0
221616,2016-12-09,11.927242453269049,0.0015206517745020142,0.00384024274292263,0.0022738133093001636,180208241405.3723,105770000000.0,0.00012177622591752482,2016-09-30,0
221616,2016-12-16,11.927242453269049,0.0015206517745020142,0.00384024274292263,0.0022738133093001636,181445994352.29688,105770000000.0,0.00011105054684915602,2016-09-30,0
221616,2016-12-23,11.927242453269049,0.0015206517745020142,0.00384024274292263,0.0022738133093001636,182049931160.92105,105770000000.0,0.00010619190694187592,2016-09-30,0
221616,2016-12-30,11.63266258474356,0.0015479510064471916,0.003432331574561998,0.002180939843494463,183134219155.24115,105770000000.0,9.171611724502678e-05,2016-12-31,1
221616,2017-01-06,11.63266258474356,0.0015479510064471916,0.003432331574561998,0.002180939843494463,183967659090.24323,105770000000.0,8.634916456879958e-05,2016-12-31,0
221616,2017-01-13,11.63266258474356,0.0015479510064471916,0.003432331574561998,0.002180939843494463,183083660626.0871,105770000000.0,9.205312866661172e-05,2016-12-31,0
221616,2017-01-20,11.63266258474356,0.0015479510064471916,0.003432331574561998,0.002180939843494463,183356486590.6656,105770000000.0,9.025032209809125e-05,2016-12-31,0
221616,2017-01-27,11.63266258474356,0.0015479510064471916,0.003432331574561998,0.002180939843494463,182937924490.83527,105770000000.0,9.303210852401768e-05,2016-12-31,0
221616,2017-02-03,11.63266258474356,0.0015479510064471916,0.003432331574561998,0.002180939843494463,181392494824.5088,105770000000.0,0.00010413728405497291,2016-12-31,0
221616,2017-02-10,11.63266258474356,0.0015479510064471916,0.003432331574561998,0.002180939843494463,181190933993.91388,105770000000.0,0.00010568857061222291,2016-12-31,0
221616,2017-02-17,11.63266258474356,0.0015479510064471916,0.003432331574561998,0.002180939843494463,180810161053.4748,105770000000.0,0.00010868796308323232,2016-12-31,0
221616,2017-02-24,11.63266258474356,0.0015479510064471916,0.003432331574561998,0.002180939843494463,183572389562.4381,105770000000.0,8.885079192644282e-05,2016-12-31,0
221616,2017-03-03,11.63266258474356,0.0015479510064471916,0.003432331574561998,0.002180939843494463,182310069853.37152,105770000000.0,9.738070227903737e-05,2016-12-31,0
221616,2017-03-10,11.63266258474356,0.0015479510064471916,0.003432331574561998,0.002180939843494463,185844484529.7776,109640000000.0,0.00012166386074476042,2016-12-31,0
221616,2017-03-17,11.63266258474356,0.0015479510064471916,0.003432331574561998,0.002180939843494463,185902953102.91553,109640000000.0,0.00012115525014581141,2016-12-31,0
221616,2017-03-24,11.63266258474356,0.0015479510064471916,0.003432331574561998,0.002180939843494463,186029304843.74692,109640000000.0,0.0001200639899060364,2016-12-31,0
221616,2017-03-31,11.50587136587406,0.001263555038518934,0.0029078087278097222,0.0007745097295260654,187276372777.54053,109640000000.0,0.0002103573324402387,2017-03-31,1
221616,2017-04-07,11.50587136587406,0.001263555038518934,0.0029078087278097222,0.0007745097295260654,186203420381.02838,109640000000.0,0.00022729415531762897,2017-03-31,0
221616,2017-04-14,11.50587136587406,0.001263555038518934,0.0029078087278097222,0.0007745097295260654,185646806284.71832,109640000000.0,0.00023665990629315019,2017-03-31,0
221616,2017-04-21,11.50587136587406,0.001263555038518934,0.0029078087278097222,0.0007745097295260654,185033021413.8379,109640000000.0,0.0002474766433392627,2017-03-31,0
221616,2017-04-28,11.50587136587406,0.001263555038518934,0.0029078087278097222,0.0007745097295260654,185782452935.31433,109640000000.0,0.0002343394313093034,2017-03-31,0
221616,2017-05-05,11.50587136587406,0.001263555038518934,0.0029078087278097222,0.0007745097295260654,188133936290.6104,109640000000.0,0.00019780648429682215,2017-03-31,0
221616,2017-05-12,11.50587136587406,0.001263555038518934,0.0029078087278097222,0.0007745097295260654,192448328861.3932,109640000000.0,0.00014586695880357384,2017-03-31,0
221616,2017-05-19,11.50587136587406,0.001263555038518934,0.0029078087278097222,0.0007745097295260654,193652648830.25085,109640000000.0,0.0001341679209891876,2017-03-31,0
221616,2017-05-26,11.50587136587406,0.001263555038518934,0.0029078087278097222,0.0007745097295260654,194193582363.47745,109640000000.0,0.0001292486233840514,2017-03-31,0
221616,2017-06-02,11.50587136587406,0.001263555038518934,0.0029078087278097222,0.0007745097295260654,191756363322.88147,109640000000.0,0.00015308708861521694,2017-03-31,0
221616,2017-06-09,11.50587136587406,0.001263555038518934,0.0029078087278097222,0.0007745097295260654,190562872287.31873,109640000000.0,0.00016646996607108165,2017-03-31,0
221616,2017-06-16,11.50587136587406,0.001263555038518934,0.0029078087278097222,0.0007745097295260654,188473144993.01978,109640000000.0,0.00019306875463333153,2017-03-31,0
221616,2017-06-23,11.50587136587406,0.001263555038518934,0.0029078087278097222,0.0007745097295260654,188304232470.16492,109640000000.0,0.0001954123492649157,2017-03-31,0
221616,2017-06-30,11.404412650452352,0.0013615827719800923,0.0025853493587805762,0.0010251953400326932,185208008100.3048,109640000000.0,0.0001660726875078614,2017-06-30,1
221616,2017-07-07,11.404412650452352,0.0013615827719800923,0.0025853493587805762,0.0010251953400326932,184508170010.74167,109640000000.0,0.00017475457181201506,2017-06-30,0
221616,2017-07-14,11.404412650452352,0.0013615827719800923,0.0025853493587805762,0.0010251953400326932,185824281661.44504,109640000000.0,0.0001588155799048202,2017-06-30,0
221616,2017-07-21,11.404412650452352,0.0013615827719800923,0.0025853493587805762,0.0010251953400326932,184568439229.8294,109640000000.0,0.00017398778274628997,2017-06-30,0
221616,2017-07-28,11.404412650452352,0.0013615827719800923,0.0025853493587805762,0.0010251953400326932,184523882333.04657,109640000000.0,0.00017455431413876754,2017-06-30,0
221616,2017-08-04,11.404412650452352,0.0013615827719800923,0.0025853493587805762,0.0010251953400326932,185422000259.05536,109640000000.0,0.00016351263719175806,2017-06-30,0
221616,2017-08-11,11.404412650452352,0.0013615827719800923,0.0025853493587805762,0.0010251953400326932,184242490588.3828,109640000000.0,0.0001781788861445261,2017-06-30,0
221616,2017-08-18,11.404412650452352,0.0013615827719800923,0.0025853493587805762,0.0010251953400326932,184292145997.74683,109640000000.0,0.00017753337088916702,2017-06-30,0
221616,2017-08-25,11.404412650452352,0.0013615827719800923,0.0025853493587805762,0.0010251953400326932,183314527627.5022,109640000000.0,0.00019072483136041784,2017-06-30,0
221616,2017-09-01,11.404412650452352,0.0013615827719800923,0.0025853493587805762,0.0010251953400326932,182433560166.48853,109640000000.0,0.00020353001434794888,2017-06-30,0
221616,2017-09-08,11.404412650452352,0.0013615827719800923,0.0025853493587805762,0.0010251953400326932,182066877178.56128,109640000000.0,0.00020913334735445856,2017-06-30,0
221616,2017-09-15,11.404412650452352,0.0013615827719800923,0.0025853493587805762,0.0010251953400326932,181899185829.8887,109640000000.0,0.00021175166442095945,2017-06-30,0
221616,2017-09-22,11.404412650452352,0.0013615827719800923,0.0025853493587805762,0.0010251953400326932,184082310663.5372,109640000000.0,0.00018027869228381352,2017-06-30,0
221616,2017-09-29,11.373556924749991,0.0020848152060950697,0.0021671222207504718,0.001151320861301617,185625938844.06573,109640000000.0,0.0001035882040932747,2017-09-30,1
221616,2017-10-06,11.373556924749991,0.0020848152060950697,0.0021671222207504718,0.001151320861301617,185180598064.98126,109640000000.0,0.00010700322959150526,2017-09-30,0
221616,2017-10-13,11.373556924749991,0.0020848152060950697,0.0021671222207504718,0.001151320861301617,184059922412.89093,109640000000.0,0.00011615250290807607,2017-09-30,0
221616,2017-10-20,11.373556924749991,0.0020848152060950697,0.0021671222207504718,0.001151320861301617,183842674220.28577,109640000000.0,0.00011802298820554741,2017-09-30,0
221616,2017-10-27,11.373556924749991,0.0020848152060950697,0.0021671222207504718,0.001151320861301617,184795146593.8946,109640000000.0,0.00011005822049717138,2017-09-30,0
221616,2017-11-03,11.373556924749991,0.0020848152060950697,0.0021671222207504718,0.001151320861301617,184987286826.9754,109640000000.0,0.00010852364538573608,2017-09-30,0
221616,2017-11-10,11.373556924749991,0.0020848152060950697,0.0021671222207504718,0.001151320861301617,182288188668.61932,109640000000.0,0.00013240527605903676,2017-09-30,0
221616,2017-11-17,11.373556924749991,0.0020848152060950697,0.0021671222207504718,0.001151320861301617,181727118517.947,109640000000.0,0.00013805699701979017,2017-09-30,0
221616,2017-11-24,11.373556924749991,0.0020848152060950697,0.0021671222207504718,0.001151320861301617,180978576296.03705,109640000000.0,0.00014601070673425745,2017-09-30,0
221616,2017-12-01,11.373556924749991,0.0020848152060950697,0.0021671222207504718,0.001151320861301617,181802967232.40506,109640000000.0,0.00013727781379661077,2017-09-30,0
221616,2017-12-08,11.373556924749991,0.0020848152060950697,0.0021671222207504718,0.001151320861301617,184440895900.7074,109640000000.0,0.00011294992363653007,2017-09-30,0
221616,2017-12-15,11.373556924749991,0.0020848152060950697,0.0021671222207504718,0.001151320861301617,182279788777.97058,109640000000.0,0.00013248800451491096,2017-09-30,0
221616,2017-12-22,11.373556924749991,0.0020848152060950697,0.0021671222207504718,0.001151320861301617,181941279303.78076,109640000000.0,0.00013586927159887265,2017-09-30,0
221616,2017-12-29,11.373556924749991,0.0020848152060950697,0.0021671222207504718,0.001151320861301617,180897777153.8555,109640000000.0,0.00014689869427995779,2017-09-30,0
221616,2019-03-29,11.377109117487528,-0.0051117984346874465,0.0017320398817197,-0.0007128432771225714,173007806949.38626,101938000000.0,0.00024683965760710077,2019-03-31,1
221616,2019-04-05,11.377109117487528,-0.0051117984346874465,0.0017320398817197,-0.0007128432771225714,173890841667.06824,101938000000.0,0.00022994637462001014,2019-03-31,0
221616,2019-04-12,11.377109117487528,-0.0051117984346874465,0.0017320398817197,-0.0007128432771225714,173139268461.92233,101938000000.0,0.00024424085083355466,2019-03-31,0
221616,2019-04-19,11.377109117487528,-0.0051117984346874465,0.0017320398817197,-0.0007128432771225714,173424825030.16782,101938000000.0,0.00023869833202017828,2019-03-31,0
221616,2019-04-26,11.377109117487528,-0.0051117984346874465,0.0017320398817197,-0.0007128432771225714,173779593092.447,101938000000.0,0.00023200329090476728,2019-03-31,0
221616,2019-05-03,11.377109117487528,-0.0051117984346874465,0.0017320398817197,-0.0007128432771225714,173581758822.95816,101938000000.0,0.00023571102443702857,2019-03-31,0
221616,2019-05-10,11.377109117487528,-0.0051117984346874465,0.0017320398817197,-0.0007128432771225714,173583259615.71826,101938000000.0,0.00023568265432924245,2019-03-31,0
221616,2019-05-17,11.377109117487528,-0.0051117984346874465,0.0017320398817197,-0.0007128432771225714,174992123986.35516,101938000000.0,0.0002106268010263513,2019-03-31,0
221616,2019-05-24,11.377109117487528,-0.0051117984346874465,0.0017320398817197,-0.0007128432771225714,174319036156.3683,101938000000.0,0.00022221348218316378,2019-03-31,0
221616,2019-05-31,11.377109117487528,-0.0051117984346874465,0.0017320398817197,-0.0007128432771225714,174539878843.10056,101938000000.0,0.0002183367747562755,2019-03-31,0
221616,2019-06-07,11.377109117487528,-0.0051117984346874465,0.0017320398817197,-0.0007128432771225714,175851499274.13525,101938000000.0,0.00019678352742958898,2019-03-31,0
221616,2019-06-14,11.377109117487528,-0.0051117984346874465,0.0017320398817197,-0.0007128432771225714,175872546879.7256,101938000000.0,0.00019645721170399633,2019-03-31,0
221616,2019-06-21,11.377109117487528,-0.0051117984346874465,0.0017320398817197,-0.0007128432771225714,176016330616.93658,101938000000.0,0.00019424379693715679,2019-03-31,0
221616,2019-06-28,11.37108010545566,-0.003636732436559705,0.0016063163765783787,-0.0005089485931434013,175075817754.06122,101938000000.0,0.00015795006808798048,2019-06-30,1
222379,2015-12-31,14.410601912187719,0.013903096444347259,0.0075589975686281554,-0.00014839225380707278,31983241160.811417,11991600000.0,2.9449005155909108e-06,2015-12-31,1
222379,2016-01-01,14.410601912187719,0.013903096444347259,0.0075589975686281554,-0.00014839225380707278,31983241160.811417,11991600000.0,2.9449005155909108e-06,2015-12-31,0
222379,2016-01-08,14.410601912187719,0.013903096444347259,0.0075589975686281554,-0.00014839225380707278,30093879253.196243,11991600000.0,7.2278748439472185e-06,2015-12-31,0
222379,2016-01-15,14.410601912187719,0.013903096444347259,0.0075589975686281554,-0.00014839225380707278,29864622798.689705,11991600000.0,8.08884492833062e-06,2015-12-31,0
222379,2016-01-22,14.410601912187719,0.013903096444347259,0.0075589975686281554,-0.00014839225380707278,31387772157.86699,11991600000.0,3.886516609314039e-06,2015-12-31,0
222379,2016-01-29,14.410601912187719,0.013903096444347259,0.0075589975686281554,-0.00014839225380707278,31623566481.80488,11991600000.0,3.480095518963735e-06,2015-12-31,0
222379,2016-02-05,14.410601912187719,0.013903096444347259,0.0075589975686281554,-0.00014839225380707278,31605643569.294975,11991600000.0,3.5093396913433733e-06,2015-12-31,0
222379,2016-02-12,14.410601912187719,0.013903096444347259,0.0075589975686281554,-0.00014839225380707278,30447136254.24481,11991600000.0,6.08664898413825e-06,2015-12-31,0
222379,2016-02-19,14.410601912187719,0.013903096444347259,0.0075589975686281554,-0.00014839225380707278,32171282614.637413,11991600000.0,2.70062757660312e-06,2015-12-31,0
222379,2016-02-26,14.410601912187719,0.013903096444347259,0.0075589975686281554,-0.00014839225380707278,32494905280.378536,11991600000.0,2.329338017356719e-06,2015-12-31,0
222379,2016-03-04,14.410601912187719,0.013903096444347259,0.0075589975686281554,-0.00014839225380707278,32716482687.561577,11991600000.0,2.1067145979875193e-06,2015-12-31,0
222379,2016-03-11,14.410601912187719,0.013903096444347259,0.0075589975686281554,-0.00014839225380707278,33033477293.445133,11991600000.0,1.8267589726767527e-06,2015-12-31,0
222379,2016-03-18,14.410601912187719,0.013903096444347259,0.0075589975686281554,-0.00014839225380707278,32895295874.58581,12227700000.0,2.5927972763061764e-06,2015-12-31,0
222379,2016-03-25,14.410601912187719,0.013903096444347259,0.0075589975686281554,-0.00014839225380707278,31689009864.11271,12227700000.0,4.500690719369963e-06,2015-12-31,0
222379,2016-03-31,8.390134374741626,0.0024611002284168947,0.005056878982966594,0.00011458101213868506,32125710325.73708,12227700000.0,6.411908098469264e-05,2016-03-31,1
222379,2016-04-01,8.390134374741626,0.0024611002284168947,0.005056878982966594,0.00011458101213868506,31702444336.10209,12227700000.0,7.273593792371108e-05,2016-03-31,0
222379,2016-04-08,8.390134374741626,0.0024611002284168947,0.005056878982966594,0.00011458101213868506,31364408024.723442,12227700000.0,8.054746723043768e-05,2016-03-31,0
222379,2016-04-15,8.390134374741626,0.0024611002284168947,0.005056878982966594,0.00011458101213868506,31826768732.694027,12227700000.0,7.007819137887473e-05,2016-03-31,0
222379,2016-04-22,8.390134374741626,0.0024611002284168947,0.005056878982966594,0.00011458101213868506,31422787255.12865,12227700000.0,7.91341847796234e-05,2016-03-31,0
222379,2016-04-29,8.390134374741626,0.0024611002284168947,0.005056878982966594,0.00011458101213868506,31188914756.58759,12227700000.0,8.496793943329338e-05,2016-03-31,0
222379,2016-05-06,8.390134374741626,0.0024611002284168947,0.005056878982966594,0.00011458101213868506,30552118800.635365,12227700000.0,0.0001034302047757076,2016-03-31,0
222379,2016-05-13,8.390134374741626,0.0024611002284168947,0.005056878982966594,0.00011458101213868506,30332056499.617344,12227700000.0,0.0001108163660040477,2016-03-31,0
222379,2016-05-20,8.390134374741626,0.0024611002284168947,0.005056878982966594,0.00011458101213868506,30471592837.55339,12227700000.0,0.00010606744437078581,2016-03-31,0
222379,2016-05-27,8.390134374741626,0.0024611002284168947,0.005056878982966594,0.00011458101213868506,30795201668.075256,12227700000.0,9.590171369539193e-05,2016-03-31,0
222379,2016-06-03,8.390134374741626,0.0024611002284168947,0.005056878982966594,0.00011458101213868506,30991249200.26649,12227700000.0,9.027319494072895e-05,2016-03-31,0
222379,2016-06-10,8.390134374741626,0.0024611002284168947,0.005056878982966594,0.00011458101213868506,31421734075.575825,12227700000.0,7.915943504405343e-05,2016-03-31,0
222379,2016-06-17,8.390134374741626,0.0024611002284168947,0.005056878982966594,0.00011458101213868506,30811755250.55486,12227700000.0,9.541166386345371e-05,2016-03-31,0
222379,2016-06-24,8.390134374741626,0.0024611002284168947,0.005056878982966594,0.00011458101213868506,30256441499.531834,12227700000.0,0.00011348836083453597,2016-03-31,0
222379,2016-06-30,7.131306292635659,0.0010340260526860154,0.004143319538227061,-0.0002688272792216351,30674652330.804142,12227700000.0,0.00019399045986923455,2016-06-30,1
222379,2016-07-01,7.131306292635659,0.0010340260526860154,0.004143319538227061,-0.0002688272792216351,31022281854.07281,12227700000.0,0.00017641863235906975,2016-06-30,0
222379,2016-07-08,7.131306292635659,0.0010340260526860154,0.004143319538227061,-0.0002688272792216351,30886043020.012726,12227700000.0,0.00018308084206794997,2016-06-30,0
222379,2016-07-15,7.131306292635659,0.0010340260526860154,0.004143319538227061,-0.0002688272792216351,31647753786.13379,12227700000.0,0.00014915647432670737,2016-06-30,0
222379,2016-07-22,7.131306292635659,0.0010340260526860154,0.004143319538227061,-0.0002688272792216351,31872128249.232204,12227700000.0,0.00014056687578855074,2016-06-30,0
222379,2016-07-29,7.131306292635659,0.0010340260526860154,0.004143319538227061,-0.0002688272792216351,33760931594.01415,12227700000.0,8.68476148161171e-05,2016-06-30,0
222379,2016-08-05,7.131306292635659,0.0010340260526860154,0.004143319538227061,-0.0002688272792216351,34089523654.953316,12227700000.0,8.011411984686927e-05,2016-06-30,0
222379,2016-08-12,7.131306292635659,0.0010340260526860154,0.004143319538227061,-0.0002688272792216351,34632889387.58564,12227700000.0,7.023700525116539e-05,2016-06-30,0
222379,2016-08-19,7.131306292635659,0.0010340260526860154,0.004143319538227061,-0.0002688272792216351,34353245446.304783,12227700000.0,7.513627064315981e-05,2016-06-30,0
222379,2016-08-26,7.131306292635659,0.0010340260526860154,0.004143319538227061,-0.0002688272792216351,33841893030.140682,12227700000.0,8.513089437083464e-05,2016-06-30,0
222379,2016-09-02,7.131306292635659,0.0010340260526860154,0.004143319538227061,-0.0002688272792216351,34513188555.64883,12227700000.0,7.228839613840677e-05,2016-06-30,0
222379,2016-09-09,7.131306292635659,0.0010340260526860154,0.004143319538227061,-0.0002688272792216351,34467937445.50689,12227700000.0,7.308151264974708e-05,2016-06-30,0
222379,2016-09-16,7.131306292635659,0.0010340260526860154,0.004143319538227061,-0.0002688272792216351,34368218710.15794,12227700000.0,7.486433786917087e-05,2016-06-30,0
222379,2016-09-23,7.131306292635659,0.0010340260526860154,0.004143319538227061,-0.0002688272792216351,35325034516.34439,12227700000.0,5.959330171202069e-05,2016-06-30,0
222379,2016-09-30,6.567801020092342,0.0007157862488610283,0.003935944108478847,0.0012420549905215559,34989728616.38375,12227700000.0,5.250354041333932e-05,2016-09-30,1
222379,2016-10-07,6.567801020092342,0.0007157862488610283,0.003935944108478847,0.0012420549905215559,35793684493.5691,12227700000.0,4.4094533553030616e-05,2016-09-30,0
222379,2016-10-14,6.567801020092342,0.0007157862488610283,0.003935944108478847,0.0012420549905215559,36620068213.29355,12227700000.0,3.701694624029181e-05,2016-09-30,0
222379,2016-10-21,6.567801020092342,0.0007157862488610283,0.003935944108478847,0.0012420549905215559,36286482849.197624,12227700000.0,3.970482400670949e-05,2016-09-30,0
222379,2016-10-28,6.567801020092342,0.0007157862488610283,0.003935944108478847,0.0012420549905215559,38079480103.05724,12227700000.0,2.7460558674460743e-05,2016-09-30,0
222379,2016-11-04,6.567801020092342,0.0007157862488610283,0.003935944108478847,0.0012420549905215559,36899492578.719025,12227700000.0,3.492485823365105e-05,2016-09-30,0
222379,2016-11-11,6.567801020092342,0.0007157862488610283,0.003935944108478847,0.0012420549905215559,37019269165.30786,12227700000.0,3.4069728240988903e-05,2016-09-30,0
222379,2016-11-18,6.567801020092342,0.0007157862488610283,0.003935944108478847,0.0012420549905215559,37468516999.586075,12227700000.0,3.106897811291603e-05,2016-09-30,0
222379,2016-11-25,6.567801020092342,0.0007157862488610283,0.003935944108478847,0.0012420549905215559,37631794107.39656,12227700000.0,3.0054152966943352e-05,2016-09-30,0
222379,2016-12-02,6.567801020092342,0.0007157862488610283,0.003935944108478847,0.0012420549905215559,37827743921.230286,12227700000.0,2.8885932552745205e-05,2016-09-30,0
222379,2016-12-09,6.567801020092342,0.0007157862488610283,0.003935944108478847,0.0012420549905215559,39166310324.88943,12227700000.0,2.2162554266555533e-05,2016-09-30,0
222379,2016-12-16,6.567801020092342,0.0007157862488610283,0.003935944108478847,0.0012420549905215559,39084040778.797775,12227700000.0,2.2519926211169233e-05,2016-09-30,0
222379,2016-12-23,6.567801020092342,0.0007157862488610283,0.003935944108478847,0.0012420549905215559,39107920064.9785,12227700000.0,2.241552220974501e-05,2016-09-30,0
222379,2016-12-30,6.453782818680019,0.0005319979348772936,0.003961644886213355,0.0021065643393886092,39264060092.82835,12227700000.0,1.7872705557821302e-05,2016-12-31,1
222379,2017-01-06,6.453782818680019,0.0005319979348772936,0.003961644886213355,0.0021065643393886092,39210780750.00531,12227700000.0,1.8054664379984374e-05,2016-12-31,0
222379,2017-01-13,6.453782818680019,0.0005319979348772936,0.003961644886213355,0.0021065643393886092,41209230722.89108,12227700000.0,1.2470401803324214e-05,2016-12-31,0
222379,2017-01-20,6.453782818680019,0.0005319979348772936,0.003961644886213355,0.0021065643393886092,41221865456.56834,12227700000.0,1.2442037739803096e-05,2016-12-31,0
222379,2017-01-27,6.453782818680019,0.0005319979348772936,0.003961644886213355,0.0021065643393886092,40879387774.17288,12227700000.0,1.3237760629836816e-05,2016-12-31,0
222379,2017-02-03,6.453782818680019,0.0005319979348772936,0.003961644886213355,0.0021065643393886092,40501201659.371994,12227700000.0,1.418503479486077e-05,2016-12-31,0
222379,2017-02-10,6.453782818680019,0.0005319979348772936,0.003961644886213355,0.0021065643393886092,41405127681.92099,12227700000.0,1.2038828646812743e-05,2016-12-31,0
222379,2017-02-17,6.453782818680019,0.0005319979348772936,0.003961644886213355,0.0021065643393886092,40775854280.707596,12175100000.0,1.3064250702426943e-05,2016-12-31,0
222379,2017-02-24,6.453782818680019,0.0005319979348772936,0.003961644886213355,0.0021065643393886092,41285753479.06172,12175100000.0,1.1912236165267362e-05,2016-12-31,0
222379,2017-03-03,6.453782818680019,0.0005319979348772936,0.003961644886213355,0.0021065643393886092,41652945024.53284,12175100000.0,1.1154585365082717e-05,2016-12-31,0
222379,2017-03-10,6.453782818680019,0.0005319979348772936,0.003961644886213355,0.0021065643393886092,42012287427.36151,12175100000.0,1.0466129490437325e-05,2016-12-31,0
222379,2017-03-17,6.453782818680019,0.0005319979348772936,0.003961644886213355,0.0021065643393886092,42605623117.626396,12175100000.0,9.433179400605473e-06,2016-12-31,0
222379,2017-03-24,6.453782818680019,0.0005319979348772936,0.003961644886213355,0.0021065643393886092,42270553676.14072,12175100000.0,1.000135199017554e-05,2016-12-31,0
222379,2017-03-31,6.417346071277111,0.0005974162549328906,0.0038529754627695556,0.002190739591374384,42882385896.59828,12175100000.0,8.591385330018898e-06,2017-03-31,1
222379,2017-04-07,6.417346071277111,0.0005974162549328906,0.0038529754627695556,0.002190739591374384,43995423962.757614,12175100000.0,7.114826006904759e-06,2017-03-31,0
222379,2017-04-14,6.417346071277111,0.0005974162549328906,0.0038529754627695556,0.002190739591374384,43941707411.04225,12175100000.0,7.179021088529947e-06,2017-03-31,0
222379,2017-04-21,6.417346071277111,0.0005974162549328906,0.0038529754627695556,0.002190739591374384,43521746197.158875,12175100000.0,7.704450269355426e-06,2017-03-31,0
222379,2017-04-28,6.417346071277111,0.0005974162549328906,0.0038529754627695556,0.002190739591374384,48201640694.46241,12175100000.0,3.644479206242237e-06,2017-03-31,0
222379,2017-05-05,6.417346071277111,0.0005974162549328906,0.0038529754627695556,0.002190739591374384,49309152399.42922,12175100000.0,3.087824583278614e-06,2017-03-31,0
222379,2017-05-12,6.417346071277111,0.0005974162549328906,0.0038529754627695556,0.002190739591374384,49051572666.39887,12175100000.0,3.20803125660076e-06,2017-03-31,0
222379,2017-05-19,6.417346071277111,0.0005974162549328906,0.0038529754627695556,0.002190739591374384,48925117375.88108,12175100000.0,3.269003378355283e-06,2017-03-31,0
222379,2017-05-26,6.417346071277111,0.0005974162549328906,0.0038529754627695556,0.002190739591374384,49490000228.96321,12175100000.0,3.0065109726271575e-06,2017-03-31,0
222379,2017-06-02,6.417346071277111,0.0005974162549328906,0.0038529754627695556,0.002190739591374384,50132323555.2282,12175100000.0,2.7369167948589005e-06,2017-03-31,0
222379,2017-06-09,6.417346071277111,0.0005974162549328906,0.0038529754627695556,0.002190739591374384,49608166535.36494,12175100000.0,2.9547068843014635e-06,2017-03-31,0
222379,2017-06-16,6.417346071277111,0.0005974162549328906,0.0038529754627695556,0.002190739591374384,50075575926.86659,12175100000.0,2.7595846823538886e-06,2017-03-31,0
222379,2017-06-23,6.417346071277111,0.0005974162549328906,0.0038529754627695556,0.002190739591374384,51070006044.22778,12175100000.0,2.391609222116737e-06,2017-03-31,0
222379,2017-06-30,6.3934082471782645,0.0007003522234776653,0.004368364210817878,0.004153119637928191,49911311517.06246,12175100000.0,1.8356090253623021e-06,2017-06-30,1
222379,2017-07-07,6.3934082471782645,0.0007003522234776653,0.004368364210817878,0.004153119637928191,50171781048.5286,12175100000.0,1.7681207584910176e-06,2017-06-30,0
222379,2017-07-14,6.3934082471782645,0.0007003522234776653,0.004368364210817878,0.004153119637928191,50913903969.76414,12175100000.0,1.5909134116993821e-06,2017-06-30,0
222379,2017-07-21,6.3934082471782645,0.0007003522234776653,0.004368364210817878,0.004153119637928191,50977703699.78237,12175100000.0,1.5766547452999783e-06,2017-06-30,0
222379,2017-07-28,6.3934082471782645,0.0007003522234776653,0.004368364210817878,0.004153119637928191,49317470160.096565,12175100000.0,2.000823145355178e-06,2017-06-30,0
222379,2017-08-04,6.3934082471782645,0.0007003522234776653,0.004368364210817878,0.004153119637928191,50758969764.43178,12175100000.0,1.626159881599375e-06,2017-06-30,0
222379,2017-08-11,6.3934082471782645,0.0007003522234776653,0.004368364210817878,0.004153119637928191,50198232185.09465,12175100000.0,1.7614278419175066e-06,2017-06-30,0
222379,2017-08-18,6.3934082471782645,0.0007003522234776653,0.004368364210817878,0.004153119637928191,51101355962.97862,12175100000.0,1.549434920845886e-06,2017-06-30,0
222379,2017-08-25,6.3934082471782645,0.0007003522234776653,0.004368364210817878,0.004153119637928191,51779425325.06559,12175100000.0,1.4094183403244454e-06,2017-06-30,0
222379,2017-09-01,6.3934082471782645,0.0007003522234776653,0.004368364210817878,0.004153119637928191,52650741806.456635,12175100000.0,1.2502925169847485e-06,2017-06-30,0
222379,2017-09-08,6.3934082471782645,0.0007003522234776653,0.004368364210817878,0.004153119637928191,53071687874.88135,12175100000.0,1.1808666890149537e-06,2017-06-30,0
222379,2017-09-15,6.3934082471782645,0.0007003522234776653,0.004368364210817878,0.004153119637928191,53975496055.709114,12175100000.0,1.0462236529241448e-06,2017-06-30,0
222379,2017-09-22,6.3934082471782645,0.0007003522234776653,0.004368364210817878,0.004153119637928191,54564545062.08355,12175100000.0,9.679565239898137e-07,2017-06-30,0
222379,2017-09-29,6.378841479588925,0.001026659820498317,0.0038336303819367272,0.0057028365747735805,54829304569.98093,12175100000.0,4.043002822687024e-07,2017-09-30,1
23667,2015-12-31,14.420247855089873,-0.013990250739397655,0.006423518517207507,0.0010405128000613593,25580369614.39615,9294000000.0,3.655289721758898e-07,2015-12-31,1
23667,2016-01-01,14.420247855089873,-0.013990250739397655,0.006423518517207507,0.0010405128000613593,25580369614.39615,9294000000.0,3.655289721758898e-07,2015-12-31,0
23667,2016-01-08,14.420247855089873,-0.013990250739397655,0.006423518517207507,0.0010405128000613593,25504709387.442673,9294000000.0,3.8219344801354593e-07,2015-12-31,0
23667,2016-01-15,14.420247855089873,-0.013990250739397655,0.006423518517207507,0.0010405128000613593,25115195304.516098,9294000000.0,4.818075584368139e-07,2015-12-31,0
23667,2016-01-22,14.420247855089873,-0.013990250739397655,0.006423518517207507,0.0010405128000613593,25904937468.342857,9294000000.0,3.023481335944449e-07,2015-12-31,0
23667,2016-01-29,14.420247855089873,-0.013990250739397655,0.006423518517207507,0.0010405128000613593,26711812107.788773,9294000000.0,1.90549161861599e-07,2015-12-31,0
23667,2016-02-05,14.420247855089873,-0.013990250739397655,0.006423518517207507,0.0010405128000613593,25469384530.69836,9294000000.0,3.902495908527841e-07,2015-12-31,0
23667,2016-02-12,14.420247855089873,-0.013990250739397655,0.006423518517207507,0.0010405128000613593,25342501434.172367,9294000000.0,4.207127677926092e-07,2015-12-31,0
23667,2016-02-19,14.420247855089873,-0.013990250739397655,0.006423518517207507,0.0010405128000613593,25893648100.38309,9294000000.0,3.0433827695559386e-07,2015-12-31,0
23667,2016-02-26,14.420247855089873,-0.013990250739397655,0.006423518517207507,0.0010405128000613593,26128543928.12419,9294000000.0,2.6565974710681567e-07,2015-12-31,0
23667,2016-03-04,14.420247855089873,-0.013990250739397655,0.006423518517207507,0.0010405128000613593,26245828291.40597,9294000000.0,2.483415118321146e-07,2015-12-31,0
23667,2016-03-11,14.420247855089873,-0.013990250739397655,0.006423518517207507,0.0010405128000613593,27197299197.377693,10259000000.0,6.426480486559361e-07,2015-12-31,0
23667,2016-03-18,14.420247855089873,-0.013990250739397655,0.006423518517207507,0.0010405128000613593,26983288898.96943,10259000000.0,7.237657346046554e-07,2015-12-31,0
23667,2016-03-25,14.420247855089873,-0.013990250739397655,0.006423518517207507,0.0010405128000613593,27053943407.096058,10259000000.0,6.958402145529974e-07,2015-12-31,0
23667,2016-03-31,10.4347498023446,-0.004082247396363206,0.004856306430173736,0.0016333578050423474,26804501339.58672,10259000000.0,4.922973822521833e-06,2016-03-31,1
23667,2016-04-01,10.4347498023446,-0.004082247396363206,0.004856306430173736,0.0016333578050423474,26754245763.441154,10259000000.0,5.030078719036099e-06,2016-03-31,0
23667,2016-04-08,10.4347498023446,-0.004082247396363206,0.004856306430173736,0.0016333578050423474,27065411895.914406,10259000000.0,4.4054948472957204e-06,2016-03-31,0
23667,2016-04-15,10.4347498023446,-0.004082247396363206,0.004856306430173736,0.0016333578050423474,26970668133.130188,10259000000.0,4.586194402165047e-06,2016-03-31,0
23667,2016-04-22,10.4347498023446,-0.004082247396363206,0.004856306430173736,0.0016333578050423474,26236514039.748146,10259000000.0,6.294513941488853e-06,2016-03-31,0
23667,2016-04-29,10.4347498023446,-0.004082247396363206,0.004856306430173736,0.0016333578050423474,26165377747.652405,10259000000.0,6.493838062027135e-06,2016-03-31,0
23667,2016-05-06,10.4347498023446,-0.004082247396363206,0.004856306430173736,0.0016333578050423474,26141113916.95198,10259000000.0,6.563393404218161e-06,2016-03-31,0
23667,2016-05-13,10.4347498023446,-0.004082247396363206,0.004856306430173736,0.0016333578050423474,26709264988.31077,10259000000.0,5.12810215070365e-06,2016-03-31,0
23667,2016-05-20,10.4347498023446,-0.004082247396363206,0.004856306430173736,0.0016333578050423474,26367699802.961983,10259000000.0,5.9442232288803685e-06,2016-03-31,0
23667,2016-05-27,10.4347498023446,-0.004082247396363206,0.004856306430173736,0.0016333578050423474,26944756772.82499,10259000000.0,4.63701200880615e-06,2016-03-31,0
23667,2016-06-03,10.4347498023446,-0.004082247396363206,0.004856306430173736,0.0016333578050423474,27349691676.506737,10259000000.0,3.908377030630336e-06,2016-03-31,0
23667,2016-06-10,10.4347498023446,-0.004082247396363206,0.004856306430173736,0.0016333578050423474,26762411030.447746,10259000000.0,5.012505115645631e-06,2016-03-31,0
23667,2016-06-17,10.4347498023446,-0.004082247396363206,0.004856306430173736,0.0016333578050423474,26155395904.121437,10259000000.0,6.522354350108293e-06,2016-03-31,0
23667,2016-06-24,10.4347498023446,-0.004082247396363206,0.004856306430173736,0.0016333578050423474,26494707061.017624,10259000000.0,5.625279819807795e-06,2016-03-31,0
23667,2016-06-30,9.415622473575203,-0.0023062872218918336,0.004102034997158948,0.002385554335488399,26929830413.886032,10259000000.0,4.752960880067359e-06,2016-06-30,1
23667,2016-07-01,9.415622473575203,-0.0023062872218918336,0.004102034997158948,0.002385554335488399,27217992347.917885,10259000000.0,4.249684247463605e-06,2016-06-30,0
23667,2016-07-08,9.415622473575203,-0.0023062872218918336,0.004102034997158948,0.002385554335488399,27883557784.3557,10259000000.0,3.297354119930334e-06,2016-06-30,0
23667,2016-07-15,9.415622473575203,-0.0023062872218918336,0.004102034997158948,0.002385554335488399,27981770376.096924,10259000000.0,3.177930206141821e-06,2016-06-30,0
23667,2016-07-22,9.415622473575203,-0.0023062872218918336,0.004102034997158948,0.002385554335488399,27360895784.123238,10259000000.0,4.022127882322256e-06,2016-06-30,0
23667,2016-07-29,9.415622473575203,-0.0023062872218918336,0.004102034997158948,0.002385554335488399,37693173321.64639,10259000000.0,1.436832010308877e-07,2016-06-30,0
23667,2016-08-05,9.415622473575203,-0.0023062872218918336,0.004102034997158948,0.002385554335488399,37616518770.66745,10259000000.0,1.4672981629243035e-07,2016-06-30,0
23667,2016-08-12,9.415622473575203,-0.0023062872218918336,0.004102034997158948,0.002385554335488399,38302316430.45977,10259000000.0,1.2180857857861263e-07,2016-06-30,0
23667,2016-08-19,9.415622473575203,-0.0023062872218918336,0.004102034997158948,0.002385554335488399,37916393661.20217,10259000000.0,1.3520131287853375e-07,2016-06-30,0
23667,2016-08-26,9.415622473575203,-0.0023062872218918336,0.004102034997158948,0.002385554335488399,38057402029.04055,10259000000.0,1.301284377288458e-07,2016-06-30,0
23667,2016-09-02,9.415622473575203,-0.0023062872218918336,0.004102034997158948,0.002385554335488399,38622861599.44307,10259000000.0,1.1179235584910874e-07,2016-06-30,0
23667,2016-09-09,9.415622473575203,-0.0023062872218918336,0.004102034997158948,0.002385554335488399,37065206925.9559,10259000000.0,1.708584182301063e-07,2016-06-30,0
23667,2016-09-16,9.415622473575203,-0.0023062872218918336,0.004102034997158948,0.002385554335488399,37130366230.47444,10259000000.0,1.6779084544891072e-07,2016-06-30,0
23667,2016-09-23,9.415622473575203,-0.0023062872218918336,0.004102034997158948,0.002385554335488399,37171663417.50343,10259000000.0,1.6587810007376716e-07,2016-06-30,0
23667,2016-09-30,9.074814479092366,0.002177588376491115,0.012933161628250128,0.005844195575804546,36330748958.52751,10259000000.0,3.3813829513835124e-06,2016-09-30,1
23667,2016-10-07,9.074814479092366,0.002177588376491115,0.012933161628250128,0.005844195575804546,35960920951.040276,10259000000.0,3.7151485132378286e-06,2016-09-30,0
23667,2016-10-14,9.074814479092366,0.002177588376491115,0.012933161628250128,0.005844195575804546,36549689945.282326,10259000000.0,3.1994840453824575e-06,2016-09-30,0
23667,2016-10-21,9.074814479092366,0.002177588376491115,0.012933161628250128,0.005844195575804546,37005433944.533005,10259000000.0,2.8545150919860393e-06,2016-09-30,0
23667,2016-10-28,9.074814479092366,0.002177588376491115,0.012933161628250128,0.005844195575804546,36697781749.755005,10259000000.0,3.082583467142274e-06,2016-09-30,0
23667,2016-11-04,9.074814479092366,0.002177588376491115,0.012933161628250128,0.005844195575804546,35897581212.15094,10259000000.0,3.7758817188662776e-06,2016-09-30,0
23667,2016-11-11,9.074814479092366,0.002177588376491115,0.012933161628250128,0.005844195575804546,36230558998.941025,10259000000.0,3.468406847598389e-06,2016-09-30,0
23667,2016-11-18,9.074814479092366,0.002177588376491115,0.012933161628250128,0.005844195575804546,35167888144.427956,10259000000.0,4.5605493107824765e-06,2016-09-30,0
23667,2016-11-25,9.074814479092366,0.002177588376491115,0.012933161628250128,0.005844195575804546,35428700768.44403,10259000000.0,4.261111045040426e-06,2016-09-30,0
23667,2016-12-02,9.074814479092366,0.002177588376491115,0.012933161628250128,0.005844195575804546,33596633817.330887,10259000000.0,6.938345143294007e-06,2016-09-30,0
23667,2016-12-09,9.074814479092366,0.002177588376491115,0.012933161628250128,0.005844195575804546,34660111645.41768,10259000000.0,5.2124885789763845e-06,2016-09-30,0
23667,2016-12-16,9.074814479092366,0.002177588376491115,0.012933161628250128,0.005844195575804546,35403103828.57905,10259000000.0,4.289516007974188e-06,2016-09-30,0
23667,2016-12-23,9.074814479092366,0.002177588376491115,0.012933161628250128,0.005844195575804546,35522562645.06835,10259000000.0,4.15871578845238e-06,2016-09-30,0
23667,2016-12-30,7.183616002266837,0.00675683864045799,0.010498498872047568,0.004843385032571384,36008020011.1798,10259000000.0,1.9275878540381643e-05,2016-12-31,1
23667,2017-01-06,7.183616002266837,0.00675683864045799,0.010498498872047568,0.004843385032571384,35468664026.53261,10259000000.0,2.1637896005368316e-05,2016-12-31,0
23667,2017-01-13,7.183616002266837,0.00675683864045799,0.010498498872047568,0.004843385032571384,35567476565.094925,10259000000.0,2.1181718914099715e-05,2016-12-31,0
23667,2017-01-20,7.183616002266837,0.00675683864045799,0.010498498872047568,0.004843385032571384,36234863666.68855,10259000000.0,1.837065487566644e-05,2016-12-31,0
23667,2017-01-27,7.183616002266837,0.00675683864045799,0.010498498872047568,0.004843385032571384,35991248854.2132,10259000000.0,1.9344781012986478e-05,2016-12-31,0
23667,2017-02-03,7.183616002266837,0.00675683864045799,0.010498498872047568,0.004843385032571384,36008797013.40261,10259000000.0,1.927269304231041e-05,2016-12-31,0
23667,2017-02-10,7.183616002266837,0.00675683864045799,0.010498498872047568,0.004843385032571384,36285138213.60556,10259000000.0,1.8176600393416753e-05,2016-12-31,0
23667,2017-02-17,7.183616002266837,0.00675683864045799,0.010498498872047568,0.004843385032571384,36455600413.030426,10259000000.0,1.753567842543384e-05,2016-12-31,0
23667,2017-02-24,7.183616002266837,0.00675683864045799,0.010498498872047568,0.004843385032571384,36266349630.92319,10259000000.0,1.8248849871756627e-05,2016-12-31,0
23667,2017-03-03,7.183616002266837,0.00675683864045799,0.010498498872047568,0.004843385032571384,36614211948.297424,10259000000.0,1.696217893579593e-05,2016-12-31,0
23667,2017-03-10,7.183616002266837,0.00675683864045799,0.010498498872047568,0.004843385032571384,46531177035.640976,19999000000.0,0.0004464029472191342,2016-12-31,0
23667,2017-03-17,7.183616002266837,0.00675683864045799,0.010498498872047568,0.004843385032571384,46296288412.127815,19999000000.0,0.00046391706559718377,2016-12-31,0
23667,2017-03-24,7.183616002266837,0.00675683864045799,0.010498498872047568,0.004843385032571384,45529249091.83493,19999000000.0,0.0005267297022358028,2016-12-31,0
23667,2017-03-31,6.201383388966584,0.002507207231382529,0.012116273280718341,0.005482235921471796,45850991327.65218,19999000000.0,0.0012239269316957854,2017-03-31,1
23667,2017-04-07,6.201383388966584,0.002507207231382529,0.012116273280718341,0.005482235921471796,44941755735.365845,19999000000.0,0.001394426197540043,2017-03-31,0
23667,2017-04-14,6.201383388966584,0.002507207231382529,0.012116273280718341,0.005482235921471796,45010927506.96631,19999000000.0,0.001380540721491233,2017-03-31,0
23667,2017-04-21,6.201383388966584,0.002507207231382529,0.012116273280718341,0.005482235921471796,43935726733.80342,19999000000.0,0.001615545229982968,2017-03-31,0
23667,2017-04-28,6.201383388966584,0.002507207231382529,0.012116273280718341,0.005482235921471796,44523202604.37118,19999000000.0,0.0014819309858180752,2017-03-31,0
23667,2017-05-05,6.201383388966584,0.002507207231382529,0.012116273280718341,0.005482235921471796,45260198732.80385,19999000000.0,0.0013317967642228587,2017-03-31,0
23667,2017-05-12,6.201383388966584,0.002507207231382529,0.012116273280718341,0.005482235921471796,45717181424.50629,19999000000.0,0.0012474553314883487,2017-03-31,0
23667,2017-05-19,6.201383388966584,0.002507207231382529,0.012116273280718341,0.005482235921471796,45994811872.38468,19999000000.0,0.0011992021889486366,2017-03-31,0
23667,2017-05-26,6.201383388966584,0.002507207231382529,0.012116273280718341,0.005482235921471796,45480717307.30339,19999000000.0,0.0012903097197330836,2017-03-31,0
23667,2017-06-02,6.201383388966584,0.002507207231382529,0.012116273280718341,0.005482235921471796,45398603773.61091,19999000000.0,0.0013055830061016703,2017-03-31,0
23667,2017-06-09,6.201383388966584,0.002507207231382529,0.012116273280718341,0.005482235921471796,44853893572.52255,19999000000.0,0.0014122942766470036,2017-03-31,0
23667,2017-06-16,6.201383388966584,0.002507207231382529,0.012116273280718341,0.005482235921471796,41538075316.73376,19999000000.0,0.0023241746133642275,2017-03-31,0
23667,2017-06-23,6.201383388966584,0.002507207231382529,0.012116273280718341,0.005482235921471796,42032561752.679665,19999000000.0,0.0021529011083803143,2017-03-31,0
23667,2017-06-30,5.2287037979535995,0.002662324466003375,0.009912037036372704,0.005565651753540619,41578789237.331154,19999000000.0,0.0025783798745772227,2017-06-30,1
23667,2017-07-07,5.2287037979535995,0.002662324466003375,0.009912037036372704,0.005565651753540619,41427657211.63356,19999000000.0,0.002634255134847587,2017-06-30,0
23667,2017-07-14,5.2287037979535995,0.002662324466003375,0.009912037036372704,0.005565651753540619,42169967287.38264,19999000000.0,0.0023727212715978045,2017-06-30,0
23667,2017-07-21,5.2287037979535995,0.002662324466003375,0.009912037036372704,0.005565651753540619,42100580415.01575,19999000000.0,0.0023958387743035136,2017-06-30,0
23667,2017-07-28,5.2287037979535995,0.002662324466003375,0.009912037036372704,0.005565651753540619,42453493713.714584,19999000000.0,0.0022809302025956057,2017-06-30,0
23667,2017-08-04,5.2287037979535995,0.002662324466003375,0.009912037036372704,0.005565651753540619,42437420474.95775,19999000000.0,0.002286021502611675,2017-06-30,0
23667,2017-08-11,5.2287037979535995,0.002662324466003375,0.009912037036372704,0.005565651753540619,41670624726.54442,19999000000.0,0.002545104110468446,2017-06-30,0
23667,2017-08-18,5.2287037979535995,0.002662324466003375,0.009912037036372704,0.005565651753540619,41536461226.70792,19999000000.0,0.0025938881386334905,2017-06-30,0
23667,2017-08-25,5.2287037979535995,0.002662324466003375,0.009912037036372704,0.005565651753540619,39945316974.4513,19999000000.0,0.0032644681295170767,2017-06-30,0
23667,2017-09-01,5.2287037979535995,0.002662324466003375,0.009912037036372704,0.005565651753540619,39464814316.459625,19999000000.0,0.0035054548065009687,2017-06-30,0
23667,2017-09-08,5.2287037979535995,0.002662324466003375,0.009912037036372704,0.005565651753540619,39337217465.53233,19999000000.0,0.003572898990098147,2017-06-30,0
23667,2017-09-15,5.2287037979535995,0.002662324466003375,0.009912037036372704,0.005565651753540619,39808827371.44428,19999000000.0,0.003330897879642936,2017-06-30,0
23667,2017-09-22,5.2287037979535995,0.002662324466003375,0.009912037036372704,0.005565651753540619,39901556975.79567,19999000000.0,0.0032855962668953843,2017-06-30,0
23667,2017-09-29,4.767594155405097,0.0016599766213307072,0.009068222562349487,0.004998219032632068,40419779106.546936,19999000000.0,0.004036889289431419,2017-09-30,1
23667,2017-10-06,4.767594155405097,0.0016599766213307072,0.009068222562349487,0.004998219032632068,40435932345.0074,19999000000.0,0.004027923124031253,2017-09-30,0
23667,2017-10-13,4.767594155405097,0.0016599766213307072,0.009068222562349487,0.004998219032632068,40341798010.71222,19999000000.0,0.0040805081677063836,2017-09-30,0
23667,2017-10-20,4.767594155405097,0.0016599766213307072,0.009068222562349487,0.004998219032632068,41065184483.87909,19999000000.0,0.003696312866310749,2017-09-30,0
23667,2017-10-27,4.767594155405097,0.0016599766213307072,0.009068222562349487,0.004998219032632068,40870959625.52324,19999000000.0,0.0037950938397628585,2017-09-30,0
23667,2017-11-03,4.767594155405097,0.0016599766213307072,0.009068222562349487,0.004998219032632068,41005802170.69159,19999000000.0,0.0037261873258185906,2017-09-30,0
23667,2017-11-10,4.767594155405097,0.0016599766213307072,0.009068222562349487,0.004998219032632068,42016404910.163925,19999000000.0,0.003254371186497264,2017-09-30,0
23667,2017-11-17,4.767594155405097,0.0016599766213307072,0.009068222562349487,0.004998219032632068,41943470876.882904,19999000000.0,0.0032859534207592836,2017-09-30,0
23667,2017-11-24,4.767594155405097,0.0016599766213307072,0.009068222562349487,0.004998219032632068,41954365598.714966,19999000000.0,0.0032812127289876315,2017-09-30,0
23667,2017-12-01,4.767594155405097,0.0016599766213307072,0.009068222562349487,0.004998219032632068,43212758366.12113,19999000000.0,0.002784322775045801,2017-09-30,0
23667,2017-12-08,4.767594155405097,0.0016599766213307072,0.009068222562349487,0.004998219032632068,43264021713.21289,19999000000.0,0.0027660503854117693,2017-09-30,0
23667,2017-12-15,4.767594155405097,0.0016599766213307072,0.009068222562349487,0.004998219032632068,42906492258.22011,19999000000.0,0.0028965208631004883,2017-09-30,0
23667,2017-12-22,4.767594155405097,0.0016599766213307072,0.009068222562349487,0.004998219032632068,42846984862.543015,19999000000.0,0.0029189386115955115,2017-09-30,0
23667,2017-12-29,4.432633307131091,0.0011048744491746368,0.008281510992096567,0.004993568739112964,43007351899.57339,19999000000.0,0.003028278035270293,2017-12-31,1
23667,2018-01-05,4.432633307131091,0.0011048744491746368,0.008281510992096567,0.004993568739112964,43168048639.92201,19999000000.0,0.002968819644111786,2017-12-31,0
23667,2018-01-12,4.432633307131091,0.0011048744491746368,0.008281510992096567,0.004993568739112964,43031964161.38535,19999000000.0,0.0030190793097169552,2017-12-31,0
23667,2018-01-19,4.432633307131091,0.0011048744491746368,0.008281510992096567,0.004993568739112964,43599374010.69006,19999000000.0,0.0028160257331002196,2017-12-31,0
23667,2018-01-26,4.432633307131091,0.0011048744491746368,0.008281510992096567,0.004993568739112964,43117715017.600815,19999000000.0,0.0029872912777911386,2017-12-31,0
23667,2018-02-02,4.432633307131091,0.0011048744491746368,0.008281510992096567,0.004993568739112964,42384746752.65542,19999000000.0,0.0032725709668426257,2017-12-31,0
23667,2018-02-09,4.432633307131091,0.0011048744491746368,0.008281510992096567,0.004993568739112964,41994358981.26996,19999000000.0,0.0034378416262743454,2017-12-31,0
23667,2018-02-16,4.432633307131091,0.0011048744491746368,0.008281510992096567,0.004993568739112964,42309943093.79607,19999000000.0,0.0033034875696512614,2017-12-31,0
23667,2018-02-23,4.432633307131091,0.0011048744491746368,0.008281510992096567,0.004993568739112964,42102276364.85582,19999000000.0,0.003391172450317444,2017-12-31,0
23667,2018-03-02,4.432633307131091,0.0011048744491746368,0.008281510992096567,0.004993568739112964,43050638438.74226,19999000000.0,0.0030121222573800902,2017-12-31,0
23667,2018-03-09,4.432633307131091,0.0011048744491746368,0.008281510992096567,0.004993568739112964,42831784862.475624,19999000000.0,0.0030948807502763596,2017-12-31,0
23667,2018-03-16,4.432633307131091,0.0011048744491746368,0.008281510992096567,0.004993568739112964,41947920280.87825,18701000000.0,0.0024208155655926935,2017-12-31,0
23667,2018-03-23,4.432633307131091,0.0011048744491746368,0.008281510992096567,0.004993568739112964,42138728705.7156,18701000000.0,0.0023632627449312726,2017-12-31,0
23667,2018-03-30,4.224767016909211,0.000849844691487949,0.007729878863590061,0.0045213499883532465,42822997878.44687,18701000000.0,0.0025359506623808615,2018-03-31,1
23667,2018-04-06,4.224767016909211,0.000849844691487949,0.007729878863590061,0.0045213499883532465,43380933137.194595,18701000000.0,0.002372430160287184,2018-03-31,0
23667,2018-04-13,4.224767016909211,0.000849844691487949,0.007729878863590061,0.0045213499883532465,42302673327.99442,18701000000.0,0.0027009039900765795,2018-03-31,0
23667,2018-04-20,4.224767016909211,0.000849844691487949,0.007729878863590061,0.0045213499883532465,43089838873.86136,18701000000.0,0.002456096342936854,2018-03-31,0
23667,2018-04-27,4.224767016909211,0.000849844691487949,0.007729878863590061,0.0045213499883532465,43868304640.349525,18701000000.0,0.0022399415793674937,2018-03-31,0
23667,2018-05-04,4.224767016909211,0.000849844691487949,0.007729878863590061,0.0045213499883532465,42674750699.68988,18701000000.0,0.002581673769656492,2018-03-31,0
23667,2018-05-11,4.224767016909211,0.000849844691487949,0.007729878863590061,0.0045213499883532465,43293416653.18581,18701000000.0,0.0023972160379386424,2018-03-31,0
23667,2018-05-18,4.224767016909211,0.000849844691487949,0.007729878863590061,0.0045213499883532465,43088092780.45575,18701000000.0,0.002456608891087556,2018-03-31,0
23667,2018-05-25,4.224767016909211,0.000849844691487949,0.007729878863590061,0.0045213499883532465,43644514906.32792,18701000000.0,0.002299633365603459,2018-03-31,0
23667,2018-06-01,4.224767016909211,0.000849844691487949,0.007729878863590061,0.0045213499883532465,43375031003.947105,18701000000.0,0.0023740919335324615,2018-03-31,0
23667,2018-06-08,4.224767016909211,0.000849844691487949,0.007729878863590061,0.0045213499883532465,43672844751.04347,18701000000.0,0.0022919712649274032,2018-03-31,0
23667,2018-06-15,4.224767016909211,0.000849844691487949,0.007729878863590061,0.0045213499883532465,44513767017.494354,18701000000.0,0.0020779968366765053,2018-03-31,0
23667,2018-06-22,4.224767016909211,0.000849844691487949,0.007729878863590061,0.0045213499883532465,44326184159.88541,18701000000.0,0.0021235544045327633,2018-03-31,0
23667,2018-06-29,4.066224575352456,0.0006639938037531399,0.0073919216750467,0.004704119495491298,44399677242.859505,18701000000.0,0.0021033285423683427,2018-06-30,1
23667,2018-07-06,4.066224575352456,0.0006639938037531399,0.0073919216750467,0.004704119495491298,44673467429.05688,18701000000.0,0.002039641789585848,2018-06-30,0
23667,2018-07-13,4.066224575352456,0.0006639938037531399,0.0073919216750467,0.004704119495491298,45188240075.722466,18701000000.0,0.0019261469581744804,2018-06-30,0
23667,2018-07-20,4.066224575352456,0.0006639938037531399,0.0073919216750467,0.004704119495491298,45649264196.003876,18701000000.0,0.0018309810027505539,2018-06-30,0
23667,2018-07-27,4.066224575352456,0.0006639938037531399,0.0073919216750467,0.004704119495491298,45762847093.8276,18701000000.0,0.0018084219546108966,2018-06-30,0
23667,2018-08-03,4.066224575352456,0.0006639938037531399,0.0073919216750467,0.004704119495491298,45809259983.61131,18701000000.0,0.001799301424739906,2018-06-30,0
23667,2018-08-10,4.066224575352456,0.0006639938037531399,0.0073919216750467,0.004704119495491298,44607704010.54309,18701000000.0,0.0020547219879854836,2018-06-30,0
23667,2018-08-17,4.066224575352456,0.0006639938037531399,0.0073919216750467,0.004704119495491298,44901001490.05513,18701000000.0,0.0019884970576644254,2018-06-30,0
23667,2018-08-24,4.066224575352456,0.0006639938037531399,0.0073919216750467,0.004704119495491298,45195033932.43073,18701000000.0,0.0019247013356166174,2018-06-30,0
23667,2018-08-31,4.066224575352456,0.0006639938037531399,0.0073919216750467,0.004704119495491298,44960023988.716156,18701000000.0,0.001975486509130433,2018-06-30,0
23667,2018-09-07,4.066224575352456,0.0006639938037531399,0.0073919216750467,0.004704119495491298,44822815912.011566,18701000000.0,0.002005893144229674,2018-06-30,0
23667,2018-09-14,4.066224575352456,0.0006639938037531399,0.0073919216750467,0.004704119495491298,43130441592.57938,18701000000.0,0.0024322958108845784,2018-06-30,0
23667,2018-09-21,4.066224575352456,0.0006639938037531399,0.0073919216750467,0.004704119495491298,42904809386.36514,18701000000.0,0.0024971764457001697,2018-06-30,0
23667,2018-09-28,3.958789028006626,0.0018672122404590696,0.0033085290928211784,0.0018337071973976158,43443680299.68356,18701000000.0,0.0013661348600994474,2018-09-30,1
23671,2015-12-31,13.160516186203395,-0.06629556489003109,0.011904179543096827,-0.0008476295690345194,38776214624.62781,12394000000.0,1.215225527793771e-05,2015-12-31,1
23671,2016-01-01,13.160516186203395,-0.06629556489003109,0.011904179543096827,-0.0008476295690345194,38776214624.62781,12394000000.0,1.215225527793771e-05,2015-12-31,0
23671,2016-01-08,13.160516186203395,-0.06629556489003109,0.011904179543096827,-0.0008476295690345194,49389202805.95331,12394000000.0,5.563259126033289e-07,2015-12-31,0
23671,2016-01-15,13.160516186203395,-0.06629556489003109,0.011904179543096827,-0.0008476295690345194,48380502794.035904,12394000000.0,7.25640605048406e-07,2015-12-31,0
23671,2016-01-22,13.160516186203395,-0.06629556489003109,0.011904179543096827,-0.0008476295690345194,48981544160.11141,12394000000.0,6.190122984101168e-07,2015-12-31,0
23671,2016-01-29,13.160516186203395,-0.06629556489003109,0.011904179543096827,-0.0008476295690345194,48411699304.102646,12394000000.0,7.196471173677554e-07,2015-12-31,0
23671,2016-02-05,13.160516186203395,-0.06629556489003109,0.011904179543096827,-0.0008476295690345194,42064965481.60469,12394000000.0,4.341656726570506e-06,2015-12-31,0
23671,2016-02-12,13.160516186203395,-0.06629556489003109,0.011904179543096827,-0.0008476295690345194,40923989704.57312,12394000000.0,6.1536182612927125e-06,2015-12-31,0
23671,2016-02-19,13.160516186203395,-0.06629556489003109,0.011904179543096827,-0.0008476295690345194,43609920073.12175,12394000000.0,2.74340899844659e-06,2015-12-31,0
23671,2016-02-26,13.160516186203395,-0.06629556489003109,0.011904179543096827,-0.0008476295690345194,44765504248.10843,12394000000.0,1.9646562483484517e-06,2015-12-31,0
23671,2016-03-04,13.160516186203395,-0.06629556489003109,0.011904179543096827,-0.0008476295690345194,44794981068.4402,12394000000.0,1.948194501704706e-06,2015-12-31,0
23671,2016-03-11,13.160516186203395,-0.06629556489003109,0.011904179543096827,-0.0008476295690345194,43518529630.400826,12394000000.0,2.8177723563082552e-06,2015-12-31,0
23671,2016-03-18,13.160516186203395,-0.06629556489003109,0.011904179543096827,-0.0008476295690345194,43932512466.09028,12394000000.0,2.4972678710541947e-06,2015-12-31,0
23671,2016-03-25,13.160516186203395,-0.06629556489003109,0.011904179543096827,-0.0008476295690345194,42459323587.53067,12394000000.0,3.8561214214823725e-06,2015-12-31,0
23671,2016-03-31,4.84752876216812,0.0006701081801212248,0.008139877446056801,0.00032646900390942895,42633652849.22299,12394000000.0,0.000586197497433722,2016-03-31,1
23671,2016-04-01,4.84752876216812,0.0006701081801212248,0.008139877446056801,0.00032646900390942895,41998065469.27753,12394000000.0,0.000638090946001085,2016-03-31,0
23671,2016-04-08,4.84752876216812,0.0006701081801212248,0.008139877446056801,0.00032646900390942895,41038557566.78303,10402000000.0,0.00027123099643677984,2016-03-31,0
23671,2016-04-15,4.84752876216812,0.0006701081801212248,0.008139877446056801,0.00032646900390942895,41935055096.27727,10402000000.0,0.00024033466218511624,2016-03-31,0
23671,2016-04-22,4.84752876216812,0.0006701081801212248,0.008139877446056801,0.00032646900390942895,41530834500.07451,10402000000.0,0.0002537172938566824,2016-03-31,0
23671,2016-04-29,4.84752876216812,0.0006701081801212248,0.008139877446056801,0.00032646900390942895,40202149505.11603,10402000000.0,0.00030440148069698356,2016-03-31,0
23671,2016-05-06,4.84752876216812,0.0006701081801212248,0.008139877446056801,0.00032646900390942895,39024634715.307465,10402000000.0,0.00035965780753379985,2016-03-31,0
23671,2016-05-13,4.84752876216812,0.0006701081801212248,0.008139877446056801,0.00032646900390942895,37486346062.71008,10402000000.0,0.0004509121320551364,2016-03-31,0
23671,2016-05-20,4.84752876216812,0.0006701081801212248,0.008139877446056801,0.00032646900390942895,37580244772.66574,10402000000.0,0.0004446069846097399,2016-03-31,0
23671,2016-05-27,4.84752876216812,0.0006701081801212248,0.008139877446056801,0.00032646900390942895,39985714462.279816,10402000000.0,0.0003137563232991866,2016-03-31,0
23671,2016-06-03,4.84752876216812,0.0006701081801212248,0.008139877446056801,0.00032646900390942895,39781749301.50989,10402000000.0,0.00032288648450869384,2016-03-31,0
23671,2016-06-10,4.84752876216812,0.0006701081801212248,0.008139877446056801,0.00032646900390942895,39543470883.28594,10402000000.0,0.0003339556450868402,2016-03-31,0
23671,2016-06-17,4.84752876216812,0.0006701081801212248,0.008139877446056801,0.00032646900390942895,38810339112.83471,10402000000.0,0.00037095546702962836,2016-03-31,0
23671,2016-06-24,4.84752876216812,0.0006701081801212248,0.008139877446056801,0.00032646900390942895,39850394602.87156,10402000000.0,0.00031977886728157674,2016-03-31,0
23671,2016-06-30,3.5846066009050745,0.00022391528243546045,0.006132753197703333,0.00016769618863469296,40260148879.21866,10402000000.0,0.0007267843454227587,2016-06-30,1
23671,2016-07-01,3.5846066009050745,0.00022391528243546045,0.006132753197703333,0.00016769618863469296,40114567902.15823,10402000000.0,0.0007386405477564941,2016-06-30,0
23671,2016-07-08,3.5846066009050745,0.00022391528243546045,0.006132753197703333,0.00016769618863469296,39299862827.710495,10402000000.0,0.0008096409599382477,2016-06-30,0
23671,2016-07-15,3.5846066009050745,0.00022391528243546045,0.006132753197703333,0.00016769618863469296,41632138494.39336,10402000000.0,0.0006259379407140924,2016-06-30,0
23671,2016-07-22,3.5846066009050745,0.00022391528243546045,0.006132753197703333,0.00016769618863469296,41367048268.755005,10402000000.0,0.00064399024093773,2016-06-30,0
23671,2016-07-29,3.5846066009050745,0.00022391528243546045,0.006132753197703333,0.00016769618863469296,40463329148.213196,10402000000.0,0.0007106317674950824,2016-06-30,0
23671,2016-08-05,3.5846066009050745,0.00022391528243546045,0.006132753197703333,0.00016769618863469296,39156530349.51073,10402000000.0,0.0008230006618999797,2016-06-30,0
23671,2016-08-12,3.5846066009050745,0.00022391528243546045,0.006132753197703333,0.00016769618863469296,40376473378.73676,10402000000.0,0.0007174812498249299,2016-06-30,0
23671,2016-08-19,3.5846066009050745,0.00022391528243546045,0.006132753197703333,0.00016769618863469296,39762182900.793205,10402000000.0,0.0007683548941618554,2016-06-30,0
23671,2016-08-26,3.5846066009050745,0.00022391528243546045,0.006132753197703333,0.00016769618863469296,40054028155.65222,10402000000.0,0.0007436420104341433,2016-06-30,0
23671,2016-09-02,3.5846066009050745,0.00022391528243546045,0.006132753197703333,0.00016769618863469296,40493409682.25396,10402000000.0,0.0007082786593628227,2016-06-30,0
23671,2016-09-09,3.5846066009050745,0.00022391528243546045,0.006132753197703333,0.00016769618863469296,40201295870.47772,10402000000.0,0.0007315485367985904,2016-06-30,0
23671,2016-09-16,3.5846066009050745,0.00022391528243546045,0.006132753197703333,0.00016769618863469296,38714308977.24805,10402000000.0,0.0008659917939450436,2016-06-30,0
23671,2016-09-23,3.5846066009050745,0.00022391528243546045,0.006132753197703333,0.00016769618863469296,39855163602.92358,10402000000.0,0.0007603716162977363,2016-06-30,0
23671,2016-09-30,3.1913143860157946,0.00014737019319820173,0.005566827736418936,-0.0006510927069731276,40589427757.76538,10402000000.0,0.0011282206263948347,2016-09-30,1
23671,2016-10-07,3.1913143860157946,0.00014737019319820173,0.005566827736418936,-0.0006510927069731276,38922258500.19771,10402000000.0,0.0013412602704092908,2016-09-30,0
23671,2016-10-14,3.1913143860157946,0.00014737019319820173,0.005566827736418936,-0.0006510927069731276,36832448249.712296,10402000000.0,0.0016867146356604366,2016-09-30,0
23671,2016-10-21,3.1913143860157946,0.00014737019319820173,0.005566827736418936,-0.0006510927069731276,36739974608.22585,10402000000.0,0.0017044902552449564,2016-09-30,0
23671,2016-10-28,3.1913143860157946,0.00014737019319820173,0.005566827736418936,-0.0006510927069731276,34697340461.327354,10402000000.0,0.0021660742710480963,2016-09-30,0
23671,2016-11-04,3.1913143860157946,0.00014737019319820173,0.005566827736418936,-0.0006510927069731276,32994085513.94424,10402000000.0,0.0026794580382171855,2016-09-30,0
23671,2016-11-11,3.1913143860157946,0.00014737019319820173,0.005566827736418936,-0.0006510927069731276,33869283718.802788,10402000000.0,0.0023983132438798703,2016-09-30,0
23671,2016-11-18,3.1913143860157946,0.00014737019319820173,0.005566827736418936,-0.0006510927069731276,33298196109.333496,10402000000.0,0.0025772221406027613,2016-09-30,0
23671,2016-11-25,3.1913143860157946,0.00014737019319820173,0.005566827736418936,-0.0006510927069731276,34318229820.16473,10402000000.0,0.002268665242545346,2016-09-30,0
23671,2016-12-02,3.1913143860157946,0.00014737019319820173,0.005566827736418936,-0.0006510927069731276,33467200784.3903,10402000000.0,0.002522553436251059,2016-09-30,0
23671,2016-12-09,3.1913143860157946,0.00014737019319820173,0.005566827736418936,-0.0006510927069731276,35754889712.85016,10402000000.0,0.0019095451356436568,2016-09-30,0
23671,2016-12-16,3.1913143860157946,0.00014737019319820173,0.005566827736418936,-0.0006510927069731276,37645570793.979385,10402000000.0,0.001540156125570712,2016-09-30,0
23671,2016-12-23,3.1913143860157946,0.00014737019319820173,0.005566827736418936,-0.0006510927069731276,37673114703.74618,10402000000.0,0.0015354818270906085,2016-09-30,0
23671,2016-12-30,2.993179343464185,0.00013417283900695945,0.0056727541914973105,-0.0014735423631692664,37263145735.15738,10402000000.0,0.002440617489058479,2016-12-31,1
23671,2017-01-06,2.993179343464185,0.00013417283900695945,0.0056727541914973105,-0.0014735423631692664,37185388964.33374,10402000000.0,0.002461034247974067,2016-12-31,0
23671,2017-01-13,2.993179343464185,0.00013417283900695945,0.0056727541914973105,-0.0014735423631692664,36733506669.9382,10402000000.0,0.0025841570068321326,2016-12-31,0
23671,2017-01-20,2.993179343464185,0.00013417283900695945,0.0056727541914973105,-0.0014735423631692664,36471354798.31099,10402000000.0,0.0026592434959055327,2016-12-31,0
23671,2017-01-27,2.993179343464185,0.00013417283900695945,0.0056727541914973105,-0.0014735423631692664,35717672480.218414,10402000000.0,0.0028914117639622667,2016-12-31,0
23671,2017-02-03,2.993179343464185,0.00013417283900695945,0.0056727541914973105,-0.0014735423631692664,36359263419.88022,10402000000.0,0.0026922087676318957,2016-12-31,0
23671,2017-02-10,2.993179343464185,0.00013417283900695945,0.0056727541914973105,-0.0014735423631692664,37083809492.505394,10402000000.0,0.002488039736019949,2016-12-31,0
23671,2017-02-17,2.993179343464185,0.00013417283900695945,0.0056727541914973105,-0.0014735423631692664,37904805591.82941,10402000000.0,0.0022802090351995673,2016-12-31,0
23671,2017-02-24,2.993179343464185,0.00013417283900695945,0.0056727541914973105,-0.0014735423631692664,38602940030.586754,10402000000.0,0.0021208113116149615,2016-12-31,0
23671,2017-03-03,2.993179343464185,0.00013417283900695945,0.0056727541914973105,-0.0014735423631692664,39543825071.04147,10402000000.0,0.0019280196488280174,2016-12-31,0
23671,2017-03-10,2.993179343464185,0.00013417283900695945,0.0056727541914973105,-0.0014735423631692664,39618779140.73287,10402000000.0,0.0019136525690536487,2016-12-31,0
23671,2017-03-17,2.993179343464185,0.00013417283900695945,0.0056727541914973105,-0.0014735423631692664,40109298046.268555,10402000000.0,0.0018229642302849602,2016-12-31,0
23671,2017-03-24,2.993179343464185,0.00013417283900695945,0.0056727541914973105,-0.0014735423631692664,39420718440.67665,10402000000.0,0.001951920308077299,2016-12-31,0
23671,2017-03-31,2.8033275718955286,0.0004941776672678164,0.007032789490106485,0.0031726689016273895,53459919408.67124,23926000000.0,0.010189596897213351,2017-03-31,1
23671,2017-04-07,2.8033275718955286,0.0004941776672678164,0.007032789490106485,0.0031726689016273895,53020613107.1664,23926000000.0,0.010521907898006971,2017-03-31,0
23671,2017-04-14,2.8033275718955286,0.0004941776672678164,0.007032789490106485,0.0031726689016273895,53003378845.95532,23926000000.0,0.010535230697543063,2017-03-31,0
23671,2017-04-21,2.8033275718955286,0.0004941776672678164,0.007032789490106485,0.0031726689016273895,52320030429.67194,23926000000.0,0.011081690380100161,2017-03-31,0
23671,2017-04-28,2.8033275718955286,0.0004941776672678164,0.007032789490106485,0.0031726689016273895,54749541316.294846,23926000000.0,0.009289878880313487,2017-03-31,0
23671,2017-05-05,2.8033275718955286,0.0004941776672678164,0.007032789490106485,0.0031726689016273895,56726437891.203186,23926000000.0,0.008101752485216166,2017-03-31,0
23671,2017-05-12,2.8033275718955286,0.0004941776672678164,0.007032789490106485,0.0031726689016273895,57020781350.03298,23926000000.0,0.007942152686218224,2017-03-31,0
23671,2017-05-19,2.8033275718955286,0.0004941776672678164,0.007032789490106485,0.0031726689016273895,56570323474.62248,23926000000.0,0.008188101315677977,2017-03-31,0
23671,2017-05-26,2.8033275718955286,0.0004941776672678164,0.007032789490106485,0.0031726689016273895,57568230137.23717,23926000000.0,0.007656060648726327,2017-03-31,0
23671,2017-06-02,2.8033275718955286,0.0004941776672678164,0.007032789490106485,0.0031726689016273895,58132524688.0974,23926000000.0,0.00737507830447402,2017-03-31,0
23671,2017-06-09,2.8033275718955286,0.0004941776672678164,0.007032789490106485,0.0031726689016273895,58015608569.40904,23926000000.0,0.007432175599058873,2017-03-31,0
23671,2017-06-16,2.8033275718955286,0.0004941776672678164,0.007032789490106485,0.0031726689016273895,57478288926.39071,23926000000.0,0.007702129199468001,2017-03-31,0
23671,2017-06-23,2.8033275718955286,0.0004941776672678164,0.007032789490106485,0.0031726689016273895,57705494269.266014,23926000000.0,0.0075864436222813645,2017-03-31,0
23671,2017-06-30,2.769660393035215,0.0006764651069292456,0.006468307712121047,0.004495880575067463,55335471480.25022,23926000000.0,0.006160742169785072,2017-06-30,1
23671,2017-07-07,2.769660393035215,0.0006764651069292456,0.006468307712121047,0.004495880575067463,56039363470.12233,23926000000.0,0.005871037618590464,2017-06-30,0
23671,2017-07-14,2.769660393035215,0.0006764651069292456,0.006468307712121047,0.004495880575067463,56162748531.159454,23926000000.0,0.005822105086342932,2017-06-30,0
23671,2017-07-21,2.769660393035215,0.0006764651069292456,0.006468307712121047,0.004495880575067463,55171880109.29328,23926000000.0,0.006230739780457927,2017-06-30,0
23671,2017-07-28,2.769660393035215,0.0006764651069292456,0.006468307712121047,0.004495880575067463,55551904789.02304,23926000000.0,0.006069708372891641,2017-06-30,0
23671,2017-08-04,2.769660393035215,0.0006764651069292456,0.006468307712121047,0.004495880575067463,56547863474.84291,23926000000.0,0.005672768795363111,2017-06-30,0
23671,2017-08-11,2.769660393035215,0.0006764651069292456,0.006468307712121047,0.004495880575067463,54916075770.41636,23926000000.0,0.006342295631873307,2017-06-30,0
23671,2017-08-18,2.769660393035215,0.0006764651069292456,0.006468307712121047,0.004495880575067463,54799795660.34569,23926000000.0,0.0063938700792482,2017-06-30,0
23671,2017-08-25,2.769660393035215,0.0006764651069292456,0.006468307712121047,0.004495880575067463,54629571208.66212,23926000000.0,0.006470365732846917,2017-06-30,0
23671,2017-09-01,2.769660393035215,0.0006764651069292456,0.006468307712121047,0.004495880575067463,54658966846.85144,23926000000.0,0.0064570706154253605,2017-06-30,0
23671,2017-09-08,2.769660393035215,0.0006764651069292456,0.006468307712121047,0.004495880575067463,53272388212.296585,23926000000.0,0.007125300172177598,2017-06-30,0
23671,2017-09-15,2.769660393035215,0.0006764651069292456,0.006468307712121047,0.004495880575067463,54452379509.60574,23926000000.0,0.00655127031500355,2017-06-30,0
23671,2017-09-22,2.769660393035215,0.0006764651069292456,0.006468307712121047,0.004495880575067463,53580567625.946754,23926000000.0,0.006969224861286526,2017-06-30,0
23671,2017-09-29,2.7696212530078546,0.0005303171123303951,0.006388026427152146,0.004175636614579916,53754817916.94575,23926000000.0,0.007195836149919749,2017-09-30,1
23671,2017-10-06,2.7696212530078546,0.0005303171123303951,0.006388026427152146,0.004175636614579916,53620727934.80175,23926000000.0,0.007265406990578088,2017-09-30,0
23671,2017-10-13,2.7696212530078546,0.0005303171123303951,0.006388026427152146,0.004175636614579916,53338771300.39986,23926000000.0,0.007414594484764886,2017-09-30,0
23671,2017-10-20,2.7696212530078546,0.0005303171123303951,0.006388026427152146,0.004175636614579916,54243224616.770035,23926000000.0,0.0069496861866738206,2017-09-30,0
23671,2017-10-27,2.7696212530078546,0.0005303171123303951,0.006388026427152146,0.004175636614579916,48771119214.02398,23926000000.0,0.010505036771453051,2017-09-30,0
23671,2017-11-03,2.7696212530078546,0.0005303171123303951,0.006388026427152146,0.004175636614579916,49355424421.70427,23926000000.0,0.010025587849730707,2017-09-30,0
23671,2017-11-10,2.7696212530078546,0.0005303171123303951,0.006388026427152146,0.004175636614579916,48664440844.33365,23926000000.0,0.010595789082308196,2017-09-30,0
23671,2017-11-17,2.7696212530078546,0.0005303171123303951,0.006388026427152146,0.004175636614579916,48509670376.84384,23926000000.0,0.010729285753823231,2017-09-30,0
23671,2017-11-24,2.7696212530078546,0.0005303171123303951,0.006388026427152146,0.004175636614579916,48986204818.26889,23926000000.0,0.01032513056518451,2017-09-30,0
23671,2017-12-01,2.7696212530078546,0.0005303171123303951,0.006388026427152146,0.004175636614579916,48242117822.4557,23926000000.0,0.010965297172359613,2017-09-30,0
23671,2017-12-08,2.7696212530078546,0.0005303171123303951,0.006388026427152146,0.004175636614579916,47095284910.440704,23926000000.0,0.01205751697470464,2017-09-30,0
23671,2017-12-15,2.7696212530078546,0.0005303171123303951,0.006388026427152146,0.004175636614579916,47014702171.56674,23926000000.0,0.012139513024646678,2017-09-30,0
23671,2017-12-22,2.7696212530078546,0.0005303171123303951,0.006388026427152146,0.004175636614579916,47668867281.28612,23926000000.0,0.01149430027944638,2017-09-30,0
23671,2017-12-29,2.7691073861896793,0.0004753226068875196,0.006561276220768755,0.001815890322645318,46841837050.79376,23926000000.0,0.02097353983152606,2017-12-31,1
23671,2018-01-05,2.7691073861896793,0.0004753226068875196,0.006561276220768755,0.001815890322645318,47807771261.80336,23926000000.0,0.01931042318455205,2017-12-31,0
23671,2018-01-12,2.7691073861896793,0.0004753226068875196,0.006561276220768755,0.001815890322645318,47420533698.355576,23926000000.0,0.019955736719621964,2017-12-31,0
23671,2018-01-19,2.7691073861896793,0.0004753226068875196,0.006561276220768755,0.001815890322645318,47290836121.929245,23926000000.0,0.020178148779144273,2017-12-31,0
23671,2018-01-26,2.7691073861896793,0.0004753226068875196,0.006561276220768755,0.001815890322645318,46706301018.70628,23926000000.0,0.02122164953007318,2017-12-31,0
23671,2018-02-02,2.7691073861896793,0.0004753226068875196,0.006561276220768755,0.001815890322645318,49775157322.259514,23926000000.0,0.016420709704382346,2017-12-31,0
23671,2018-02-09,2.7691073861896793,0.0004753226068875196,0.006561276220768755,0.001815890322645318,48757720501.30397,23926000000.0,0.017838753039741792,2017-12-31,0
23671,2018-02-16,2.7691073861896793,0.0004753226068875196,0.006561276220768755,0.001815890322645318,50316325493.15353,23926000000.0,0.015726165668082777,2017-12-31,0
23671,2018-02-23,2.7691073861896793,0.0004753226068875196,0.006561276220768755,0.001815890322645318,50470526203.11152,23926000000.0,0.015535308159155114,2017-12-31,0
23671,2018-03-02,2.7691073861896793,0.0004753226068875196,0.006561276220768755,0.001815890322645318,50277348763.42665,23926000000.0,0.015774892224977688,2017-12-31,0
23671,2018-03-09,2.7691073861896793,0.0004753226068875196,0.006561276220768755,0.001815890322645318,51077722299.78609,23926000000.0,0.014812517192487728,2017-12-31,0
23671,2018-03-16,2.7691073861896793,0.0004753226068875196,0.006561276220768755,0.001815890322645318,50437898902.24366,23926000000.0,0.015575438301404681,2017-12-31,0
23671,2018-03-23,2.7691073861896793,0.0004753226068875196,0.006561276220768755,0.001815890322645318,49493460673.995476,23926000000.0,0.01679812746863118,2017-12-31,0
23671,2018-03-30,2.721578031416752,0.000995246991920989,0.004347442952479284,0.0017207866699216828,50236944910.80025,24806000000.0,0.010637287049452923,2018-03-31,1
23671,2018-04-06,2.721578031416752,0.000995246991920989,0.004347442952479284,0.0017207866699216828,50018797603.67522,24806000000.0,0.010832150471309906,2018-03-31,0
23671,2018-04-13,2.721578031416752,0.000995246991920989,0.004347442952479284,0.0017207866699216828,50366601964.48221,24806000000.0,0.010523657292370817,2018-03-31,0
23671,2018-04-20,2.721578031416752,0.000995246991920989,0.004347442952479284,0.0017207866699216828,52355763156.22155,24806000000.0,0.008964949241005143,2018-03-31,0
23671,2018-04-27,2.721578031416752,0.000995246991920989,0.004347442952479284,0.0017207866699216828,52836701374.3696,24806000000.0,0.00863450647406415,2018-03-31,0
23671,2018-05-04,2.721578031416752,0.000995246991920989,0.004347442952479284,0.0017207866699216828,53621329831.29623,24806000000.0,0.008129069199286413,2018-03-31,0
23671,2018-05-11,2.721578031416752,0.000995246991920989,0.004347442952479284,0.0017207866699216828,55074588579.548004,24806000000.0,0.007291441557333763,2018-03-31,0
23671,2018-05-18,2.721578031416752,0.000995246991920989,0.004347442952479284,0.0017207866699216828,54701785321.95993,24806000000.0,0.007495027848595069,2018-03-31,0
23671,2018-05-25,2.721578031416752,0.000995246991920989,0.004347442952479284,0.0017207866699216828,54126489809.386505,24806000000.0,0.007824163001660174,2018-03-31,0
23671,2018-06-01,2.721578031416752,0.000995246991920989,0.004347442952479284,0.0017207866699216828,53058597629.96471,24806000000.0,0.00848745876221051,2018-03-31,0
23671,2018-06-08,2.721578031416752,0.000995246991920989,0.004347442952479284,0.0017207866699216828,52751272221.37936,24806000000.0,0.008692015107388661,2018-03-31,0
23671,2018-06-15,2.721578031416752,0.000995246991920989,0.004347442952479284,0.0017207866699216828,54384185594.82704,24806000000.0,0.0076744217311408534,2018-03-31,0
23671,2018-06-22,2.721578031416752,0.000995246991920989,0.004347442952479284,0.0017207866699216828,53535720889.1196,24806000000.0,0.008182286569313739,2018-03-31,0
23671,2018-06-29,2.721578031416752,0.000995246991920989,0.004347442952479284,0.0017207866699216828,52745565083.55168,24806000000.0,0.008695874985472692,2018-03-31,0
241456,2015-12-31,14.565802876819586,0.005034846573364345,0.005592606643928619,0.00096434734354372,58984960090.67401,27399000000.0,8.252244260814627e-06,2015-12-31,1
241456,2016-01-01,14.565802876819586,0.005034846573364345,0.005592606643928619,0.00096434734354372,58984960090.67401,27399000000.0,8.252244260814627e-06,2015-12-31,0
241456,2016-01-08,14.565802876819586,0.005034846573364345,0.005592606643928619,0.00096434734354372,56697420156.095764,27399000000.0,1.516929284307023e-05,2015-12-31,0
241456,2016-01-15,14.565802876819586,0.005034846573364345,0.005592606643928619,0.00096434734354372,55067818029.7982,27399000000.0,2.3757840070113546e-05,2015-12-31,0
241456,2016-01-22,14.565802876819586,0.005034846573364345,0.005592606643928619,0.00096434734354372,55932586349.2608,27399000000.0,1.8694663368320477e-05,2015-12-31,0
241456,2016-01-29,14.565802876819586,0.005034846573364345,0.005592606643928619,0.00096434734354372,54603582407.24694,27399000000.0,2.7061213970867883e-05,2015-12-31,0
241456,2016-02-05,14.565802876819586,0.005034846573364345,0.005592606643928619,0.00096434734354372,52980816668.00002,27399000000.0,4.302626180751873e-05,2015-12-31,0
241456,2016-02-12,14.565802876819586,0.005034846573364345,0.005592606643928619,0.00096434734354372,51629739705.15134,27399000000.0,6.397463625434689e-05,2015-12-31,0
241456,2016-02-19,14.565802876819586,0.005034846573364345,0.005592606643928619,0.00096434734354372,53092465166.82681,27399000000.0,4.165695371755265e-05,2015-12-31,0
241456,2016-02-26,14.565802876819586,0.005034846573364345,0.005592606643928619,0.00096434734354372,54254392918.58533,27399000000.0,2.9866607511244003e-05,2015-12-31,0
241456,2016-03-04,14.565802876819586,0.005034846573364345,0.005592606643928619,0.00096434734354372,55025883347.96332,27399000000.0,2.4037821186675267e-05,2015-12-31,0
241456,2016-03-11,14.565802876819586,0.005034846573364345,0.005592606643928619,0.00096434734354372,55213137067.01826,26575000000.0,1.4262032212060657e-05,2015-12-31,0
241456,2016-03-18,14.565802876819586,0.005034846573364345,0.005592606643928619,0.00096434734354372,56251559091.187965,26575000000.0,1.0706322373176102e-05,2015-12-31,0
241456,2016-03-25,14.565802876819586,0.005034846573364345,0.005592606643928619,0.00096434734354372,56117464007.30231,26575000000.0,1.1106939503944988e-05,2015-12-31,0
241456,2016-03-31,11.192550657185455,-0.0015827174459930994,0.003956769548393417,-0.0005168104471745887,56319821690.42404,26575000000.0,7.60812621817802e-05,2016-03-31,1
241456,2016-04-01,11.192550657185455,-0.0015827174459930994,0.003956769548393417,-0.0005168104471745887,55779645863.45795,26575000000.0,8.59415893640197e-05,2016-03-31,0
241456,2016-04-08,11.192550657185455,-0.0015827174459930994,0.003956769548393417,-0.0005168104471745887,55870880131.14644,26575000000.0,8.418314298325767e-05,2016-03-31,0
241456,2016-04-15,11.192550657185455,-0.0015827174459930994,0.003956769548393417,-0.0005168104471745887,57305061667.70165,26575000000.0,6.111656001797075e-05,2016-03-31,0
241456,2016-04-22,11.192550657185455,-0.0015827174459930994,0.003956769548393417,-0.0005168104471745887,58366465325.2001,26575000000.0,4.849135361029786e-05,2016-03-31,0
241456,2016-04-29,11.192550657185455,-0.0015827174459930994,0.003956769548393417,-0.0005168104471745887,57808042790.244644,26575000000.0,5.473754662047646e-05,2016-03-31,0
241456,2016-05-06,11.192550657185455,-0.0015827174459930994,0.003956769548393417,-0.0005168104471745887,57488650847.51759,26575000000.0,5.8699173893938455e-05,2016-03-31,0
241456,2016-05-13,11.192550657185455,-0.0015827174459930994,0.003956769548393417,-0.0005168104471745887,59285539934.740295,26575000000.0,3.983290606349988e-05,2016-03-31,0
241456,2016-05-20,11.192550657185455,-0.0015827174459930994,0.003956769548393417,-0.0005168104471745887,58092344768.489365,26575000000.0,5.145483393163449e-05,2016-03-31,0
241456,2016-05-27,11.192550657185455,-0.0015827174459930994,0.003956769548393417,-0.0005168104471745887,59072081359.569664,26575000000.0,4.168237095926488e-05,2016-03-31,0
241456,2016-06-03,11.192550657185455,-0.0015827174459930994,0.003956769548393417,-0.0005168104471745887,58290538928.76892,26575000000.0,4.929315845529314e-05,2016-03-31,0
241456,2016-06-10,11.192550657185455,-0.0015827174459930994,0.003956769548393417,-0.0005168104471745887,58141411855.78867,26575000000.0,5.091023774059292e-05,2016-03-31,0
241456,2016-06-17,11.192550657185455,-0.0015827174459930994,0.003956769548393417,-0.0005168104471745887,57340311607.71036,26575000000.0,6.064414901948081e-05,2016-03-31,0
241456,2016-06-24,11.192550657185455,-0.0015827174459930994,0.003956769548393417,-0.0005168104471745887,56523982934.291626,26575000000.0,7.268062307101206e-05,2016-03-31,0
241456,2016-06-30,9.799716591146419,-0.0005249203004279101,0.003590502315433722,-0.00012190546234178861,57279126478.88753,26575000000.0,8.914064179664222e-05,2016-06-30,1
241456,2016-07-01,9.799716591146419,-0.0005249203004279101,0.003590502315433722,-0.00012190546234178861,57552781478.44766,26575000000.0,8.446585180826349e-05,2016-06-30,0
241456,2016-07-08,9.799716591146419,-0.0005249203004279101,0.003590502315433722,-0.00012190546234178861,56794546050.88109,26575000000.0,9.813229895411346e-05,2016-06-30,0
241456,2016-07-15,9.799716591146419,-0.0005249203004279101,0.003590502315433722,-0.00012190546234178861,58020537705.08162,26575000000.0,7.708690884386812e-05,2016-06-30,0
241456,2016-07-22,9.799716591146419,-0.0005249203004279101,0.003590502315433722,-0.00012190546234178861,58099066223.69653,26575000000.0,7.591905055593879e-05,2016-06-30,0
241456,2016-07-29,9.799716591146419,-0.0005249203004279101,0.003590502315433722,-0.00012190546234178861,59113731287.47058,26575000000.0,6.245659262324154e-05,2016-06-30,0
241456,2016-08-05,9.799716591146419,-0.0005249203004279101,0.003590502315433722,-0.00012190546234178861,60242169942.84331,26575000000.0,5.048821707342008e-05,2016-06-30,0
241456,2016-08-12,9.799716591146419,-0.0005249203004279101,0.003590502315433722,-0.00012190546234178861,61243484240.278336,26575000000.0,4.195763872990307e-05,2016-06-30,0
241456,2016-08-19,9.799716591146419,-0.0005249203004279101,0.003590502315433722,-0.00012190546234178861,60711960399.22325,26575000000.0,4.626947293749524e-05,2016-06-30,0
241456,2016-08-26,9.799716591146419,-0.0005249203004279101,0.003590502315433722,-0.00012190546234178861,61233615826.598335,26575000000.0,4.203354872974698e-05,2016-06-30,0
241456,2016-09-02,9.799716591146419,-0.0005249203004279101,0.003590502315433722,-0.00012190546234178861,61686714237.635574,26575000000.0,3.8698753231938e-05,2016-06-30,0
241456,2016-09-09,9.799716591146419,-0.0005249203004279101,0.003590502315433722,-0.00012190546234178861,60592946632.85738,26575000000.0,4.7300287987429976e-05,2016-06-30,0
241456,2016-09-16,9.799716591146419,-0.0005249203004279101,0.003590502315433722,-0.00012190546234178861,59686216978.051025,26575000000.0,5.603555634086098e-05,2016-06-30,0
241456,2016-09-23,9.799716591146419,-0.0005249203004279101,0.003590502315433722,-0.00012190546234178861,60888183780.37886,26575000000.0,4.4788209679811456e-05,2016-06-30,0
241456,2016-09-30,9.188313389370572,-0.0007945248549986932,0.0033319955741535155,0.0008486607741208407,60506314465.32606,26575000000.0,3.623707281969703e-05,2016-09-30,1
241456,2016-10-07,9.188313389370572,-0.0007945248549986932,0.0033319955741535155,0.0008486607741208407,59595210730.72005,26575000000.0,4.25651447063123e-05,2016-09-30,0
241456,2016-10-14,9.188313389370572,-0.0007945248549986932,0.0033319955741535155,0.0008486607741208407,60242412987.637405,26575000000.0,3.7955773395847586e-05,2016-09-30,0
241456,2016-10-21,9.188313389370572,-0.0007945248549986932,0.0033319955741535155,0.0008486607741208407,60650978001.37308,26575000000.0,3.533157326051246e-05,2016-09-30,0
241456,2016-10-28,9.188313389370572,-0.0007945248549986932,0.0033319955741535155,0.0008486607741208407,61093265544.34134,26575000000.0,3.271473746274201e-05,2016-09-30,0
241456,2016-11-04,9.188313389370572,-0.0007945248549986932,0.0033319955741535155,0.0008486607741208407,60573355256.44144,26575000000.0,3.581428983941716e-05,2016-09-30,0
241456,2016-11-11,9.188313389370572,-0.0007945248549986932,0.0033319955741535155,0.0008486607741208407,61537084176.93237,26575000000.0,3.0302549680433886e-05,2016-09-30,0
241456,2016-11-18,9.188313389370572,-0.0007945248549986932,0.0033319955741535155,0.0008486607741208407,62090965345.667465,26575000000.0,2.7563838959428425e-05,2016-09-30,0
241456,2016-11-25,9.188313389370572,-0.0007945248549986932,0.0033319955741535155,0.0008486607741208407,62339249129.43626,26575000000.0,2.6425985515914927e-05,2016-09-30,0
241456,2016-12-02,9.188313389370572,-0.0007945248549986932,0.0033319955741535155,0.0008486607741208407,61830363902.59197,26575000000.0,2.8816723017307795e-05,2016-09-30,0
241456,2016-12-09,9.188313389370572,-0.0007945248549986932,0.0033319955741535155,0.0008486607741208407,63370573235.07351,26575000000.0,2.222497443807597e-05,2016-09-30,0
241456,2016-12-16,9.188313389370572,-0.0007945248549986932,0.0033319955741535155,0.0008486607741208407,64528344446.168655,26575000000.0,1.836695224686605e-05,2016-09-30,0
241456,2016-12-23,9.188313389370572,-0.0007945248549986932,0.0033319955741535155,0.0008486607741208407,64654286689.394325,26575000000.0,1.7994063251702847e-05,2016-09-30,0
241456,2016-12-30,9.029115437040907,-0.0007552633191572966,0.0030327996126131795,0.0010100604984029924,64674827247.11104,26575000000.0,1.5206475210163973e-05,2016-12-31,1
241456,2017-01-06,9.029115437040907,-0.0007552633191572966,0.0030327996126131795,0.0010100604984029924,66322717626.038185,26575000000.0,1.1715980425083342e-05,2016-12-31,0
241456,2017-01-13,9.029115437040907,-0.0007552633191572966,0.0030327996126131795,0.0010100604984029924,66106387198.059814,26575000000.0,1.2118985424953414e-05,2016-12-31,0
241456,2017-01-20,9.029115437040907,-0.0007552633191572966,0.0030327996126131795,0.0010100604984029924,65875519279.33451,26575000000.0,1.2566082904677594e-05,2016-12-31,0
241456,2017-01-26,9.029115437040907,-0.0007552633191572966,0.0030327996126131795,0.0010100604984029924,66367615264.17323,26575000000.0,1.1634212869345393e-05,2016-12-31,0
241456,2017-02-03,9.029115437040907,-0.0007552633191572966,0.0030327996126131795,0.0010100604984029924,65677000142.50336,26575000000.0,1.2965166430026917e-05,2016-12-31,0
241456,2017-02-10,9.029115437040907,-0.0007552633191572966,0.0030327996126131795,0.0010100604984029924,65778511055.457985,26575000000.0,1.275937290120575e-05,2016-12-31,0
241456,2017-02-17,9.029115437040907,-0.0007552633191572966,0.0030327996126131795,0.0010100604984029924,66371838000.583305,26575000000.0,1.1626554993325961e-05,2016-12-31,0
241456,2017-02-24,9.029115437040907,-0.0007552633191572966,0.0030327996126131795,0.0010100604984029924,66755928579.4948,26575000000.0,1.0952803146842234e-05,2016-12-31,0
241456,2017-03-03,9.029115437040907,-0.0007552633191572966,0.0030327996126131795,0.0010100604984029924,66868382781.77818,26575000000.0,1.0763810311815218e-05,2016-12-31,0
241456,2017-03-10,9.029115437040907,-0.0007552633191572966,0.0030327996126131795,0.0010100604984029924,65814845381.968,26945000000.0,1.4641820620244167e-05,2016-12-31,0
241456,2017-03-17,9.029115437040907,-0.0007552633191572966,0.0030327996126131795,0.0010100604984029924,66892502862.04112,26945000000.0,1.237325388755596e-05,2016-12-31,0
241456,2017-03-24,9.029115437040907,-0.0007552633191572966,0.0030327996126131795,0.0010100604984029924,66176450874.759544,26945000000.0,1.3832962807973631e-05,2016-12-31,0
241456,2017-03-31,8.985131371282002,-0.0005044013684618827,0.0030276661403281432,0.0006329215776263937,66986321611.13545,26945000000.0,1.5448130418177904e-05,2017-03-31,1
241456,2017-04-07,8.985131371282002,-0.0005044013684618827,0.0030276661403281432,0.0006329215776263937,66321873352.342354,26945000000.0,1.712540990262965e-05,2017-03-31,0
241456,2017-04-14,8.985131371282002,-0.0005044013684618827,0.0030276661403281432,0.0006329215776263937,65757921800.74832,26945000000.0,1.8708121779496153e-05,2017-03-31,0
241456,2017-04-21,8.985131371282002,-0.0005044013684618827,0.0030276661403281432,0.0006329215776263937,65279195237.58598,26945000000.0,2.017939339948484e-05,2017-03-31,0
241456,2017-04-28,8.985131371282002,-0.0005044013684618827,0.0030276661403281432,0.0006329215776263937,68103526600.54074,26945000000.0,1.3023040388658395e-05,2017-03-31,0
241456,2017-05-05,8.985131371282002,-0.0005044013684618827,0.0030276661403281432,0.0006329215776263937,68200715425.415764,26945000000.0,1.2832900032853711e-05,2017-03-31,0
241456,2017-05-12,8.985131371282002,-0.0005044013684618827,0.0030276661403281432,0.0006329215776263937,66968841271.804214,26945000000.0,1.5489851425938796e-05,2017-03-31,0
241456,2017-05-19,8.985131371282002,-0.0005044013684618827,0.0030276661403281432,0.0006329215776263937,66302984665.67305,26945000000.0,1.7175953244044244e-05,2017-03-31,0
241456,2017-05-26,8.985131371282002,-0.0005044013684618827,0.0030276661403281432,0.0006329215776263937,65472039264.49823,26945000000.0,1.9571838784207072e-05,2017-03-31,0
241456,2017-06-02,8.985131371282002,-0.0005044013684618827,0.0030276661403281432,0.0006329215776263937,66756570008.86644,26945000000.0,1.600657553204684e-05,2017-03-31,0
241456,2017-06-09,8.985131371282002,-0.0005044013684618827,0.0030276661403281432,0.0006329215776263937,65876464381.63291,26945000000.0,1.836243626821251e-05,2017-03-31,0
241456,2017-06-16,8.985131371282002,-0.0005044013684618827,0.0030276661403281432,0.0006329215776263937,66439359155.21452,26945000000.0,1.681471125899057e-05,2017-03-31,0
241456,2017-06-23,8.985131371282002,-0.0005044013684618827,0.0030276661403281432,0.0006329215776263937,66565829526.49483,26945000000.0,1.6487214861868162e-05,2017-03-31,0
241456,2017-06-30,8.926300245109111,-0.0001380835619094497,0.0027507607078152063,0.001195169632374053,66953094864.16161,26945000000.0,9.858841416624475e-06,2017-06-30,1
241456,2017-07-07,8.926300245109111,-0.0001380835619094497,0.0027507607078152063,0.001195169632374053,66968765449.88453,26945000000.0,9.835187174607243e-06,2017-06-30,0
241456,2017-07-14,8.926300245109111,-0.0001380835619094497,0.0027507607078152063,0.001195169632374053,68590406877.37919,26945000000.0,7.696067162011858e-06,2017-06-30,0
241456,2017-07-21,8.926300245109111,-0.0001380835619094497,0.0027507607078152063,0.001195169632374053,67268999927.04913,26945000000.0,9.393928564841593e-06,2017-06-30,0
241456,2017-07-28,8.926300245109111,-0.0001380835619094497,0.0027507607078152063,0.001195169632374053,66887454733.651215,26945000000.0,9.958610784052921e-06,2017-06-30,0
241456,2017-08-04,8.926300245109111,-0.0001380835619094497,0.0027507607078152063,0.001195169632374053,68645403621.515144,26945000000.0,7.633184535656649e-06,2017-06-30,0
241456,2017-08-11,8.926300245109111,-0.0001380835619094497,0.0027507607078152063,0.001195169632374053,68696616934.51459,26945000000.0,7.575139625161588e-06,2017-06-30,0
241456,2017-08-18,8.926300245109111,-0.0001380835619094497,0.0027507607078152063,0.001195169632374053,69595212196.66156,26945000000.0,6.63231856243311e-06,2017-06-30,0
241456,2017-08-25,8.926300245109111,-0.0001380835619094497,0.0027507607078152063,0.001195169632374053,69297279616.1014,26945000000.0,6.929666504144308e-06,2017-06-30,0
241456,2017-09-01,8.926300245109111,-0.0001380835619094497,0.0027507607078152063,0.001195169632374053,69788779886.09251,26945000000.0,6.446721080098307e-06,2017-06-30,0
241456,2017-09-08,8.926300245109111,-0.0001380835619094497,0.0027507607078152063,0.001195169632374053,69889151807.93544,26945000000.0,6.352754091399614e-06,2017-06-30,0
241456,2017-09-15,8.926300245109111,-0.0001380835619094497,0.0027507607078152063,0.001195169632374053,70981606977.20193,26945000000.0,5.422563487839034e-06,2017-06-30,0
241456,2017-09-22,8.926300245109111,-0.0001380835619094497,0.0027507607078152063,0.001195169632374053,72326773974.59474,26945000000.0,4.478479840081747e-06,2017-06-30,0
241456,2017-09-29,8.918341189295123,-0.0005478193335149404,0.002583164752205911,0.002278954795408058,72859830486.13548,26945000000.0,2.0774165485215526e-06,2017-09-30,1
241456,2017-10-06,8.918341189295123,-0.0005478193335149404,0.002583164752205911,0.002278954795408058,72327765935.77151,26945000000.0,2.2373801548613645e-06,2017-09-30,0
241456,2017-10-13,8.918341189295123,-0.0005478193335149404,0.002583164752205911,0.002278954795408058,73522340917.6589,26945000000.0,1.895688486879322e-06,2017-09-30,0
241456,2017-10-20,8.918341189295123,-0.0005478193335149404,0.002583164752205911,0.002278954795408058,73539812530.45264,26945000000.0,1.8911406341545081e-06,2017-09-30,0
241456,2017-10-27,8.918341189295123,-0.0005478193335149404,0.002583164752205911,0.002278954795408058,74613711113.62807,26945000000.0,1.63350716598814e-06,2017-09-30,0
241456,2017-11-03,8.918341189295123,-0.0005478193335149404,0.002583164752205911,0.002278954795408058,75967333221.15392,26945000000.0,1.362572182331167e-06,2017-09-30,0
241456,2017-11-10,8.918341189295123,-0.0005478193335149404,0.002583164752205911,0.002278954795408058,74739375791.94931,26945000000.0,1.6059935742442686e-06,2017-09-30,0
241456,2017-11-17,8.918341189295123,-0.0005478193335149404,0.002583164752205911,0.002278954795408058,74572216034.32512,26945000000.0,1.6427066757161119e-06,2017-09-30,0
241456,2017-11-24,8.918341189295123,-0.0005478193335149404,0.002583164752205911,0.002278954795408058,75164315273.98792,26945000000.0,1.5166915547477296e-06,2017-09-30,0
241456,2017-12-01,8.918341189295123,-0.0005478193335149404,0.002583164752205911,0.002278954795408058,74803895597.00848,26945000000.0,1.592067125641678e-06,2017-09-30,0
241456,2017-12-08,8.918341189295123,-0.0005478193335149404,0.002583164752205911,0.002278954795408058,76210133115.50235,26945000000.0,1.3194526995617542e-06,2017-09-30,0
241456,2017-12-15,8.918341189295123,-0.0005478193335149404,0.002583164752205911,0.002278954795408058,76144699323.90979,26945000000.0,1.3309224854016382e-06,2017-09-30,0
241456,2017-12-22,8.918341189295123,-0.0005478193335149404,0.002583164752205911,0.002278954795408058,76301627481.44261,26945000000.0,1.3035980105706718e-06,2017-09-30,0
241456,2017-12-29,8.918341189295123,-0.0005478193335149404,0.002583164752205911,0.002278954795408058,75386751504.39818,26945000000.0,1.4721506254581961e-06,2017-09-30,0
241456,2019-06-28,8.913861438051802,0.003892551681816978,0.005869865684015979,0.0007700333623202644,72515749876.24164,36597000000.0,0.0007560606173486603,2019-06-30,1
241456,2019-07-05,8.913861438051802,0.003892551681816978,0.005869865684015979,0.0007700333623202644,73371824970.63663,36597000000.0,0.0006723238867987448,2019-06-30,0
241456,2019-07-12,8.913861438051802,0.003892551681816978,0.005869865684015979,0.0007700333623202644,73081697057.7154,36597000000.0,0.0006994977434707206,2019-06-30,0
241456,2019-07-19,8.913861438051802,0.003892551681816978,0.005869865684015979,0.0007700333623202644,73265972969.5929,36597000000.0,0.0006821008520535638,2019-06-30,0
241456,2019-07-26,8.913861438051802,0.003892551681816978,0.005869865684015979,0.0007700333623202644,74256541590.1704,36597000000.0,0.0005963965435398398,2019-06-30,0
241456,2019-08-02,8.913861438051802,0.003892551681816978,0.005869865684015979,0.0007700333623202644,71860675388.2404,36597000000.0,0.0008279141612102771,2019-06-30,0
241456,2019-08-09,8.913861438051802,0.003892551681816978,0.005869865684015979,0.0007700333623202644,72286653576.712,36597000000.0,0.0007803762801460399,2019-06-30,0
241456,2019-08-16,8.913861438051802,0.003892551681816978,0.005869865684015979,0.0007700333623202644,72182435259.25311,36597000000.0,0.0007917220637331037,2019-06-30,0
241456,2019-08-23,8.913861438051802,0.003892551681816978,0.005869865684015979,0.0007700333623202644,72556177830.39828,36597000000.0,0.0007518570610100553,2019-06-30,0
241456,2019-08-30,8.913861438051802,0.003892551681816978,0.005869865684015979,0.0007700333623202644,73820576504.16562,36597000000.0,0.000632557947413288,2019-06-30,0
241456,2019-09-06,8.913861438051802,0.003892551681816978,0.005869865684015979,0.0007700333623202644,74529084188.83685,36597000000.0,0.0005749521545640459,2019-06-30,0
241456,2019-09-13,8.913861438051802,0.003892551681816978,0.005869865684015979,0.0007700333623202644,75245380683.66336,36597000000.0,0.0005225396863976969,2019-06-30,0
241456,2019-09-20,8.913861438051802,0.003892551681816978,0.005869865684015979,0.0007700333623202644,74109032670.08693,36597000000.0,0.0006083699106422363,2019-06-30,0
241456,2019-09-27,8.913861438051802,0.003892551681816978,0.005869865684015979,0.0007700333623202644,74129866838.92667,36597000000.0,0.0006066628214204692,2019-06-30,0
241456,2019-09-30,8.056041314645274,0.007567769442629296,0.005230365685268591,0.0003046874015805076,74694508272.05981,36597000000.0,0.0008539606192140741,2019-09-30,1
241456,2019-10-04,8.056041314645274,0.007567769442629296,0.005230365685268591,0.0003046874015805076,72513175339.27335,36597000000.0,0.0011267454376488236,2019-09-30,0
241456,2019-10-11,8.056041314645274,0.007567769442629296,0.005230365685268591,0.0003046874015805076,73529542692.18982,36597000000.0,0.0009891265411871005,2019-09-30,0
241456,2019-10-18,8.056041314645274,0.007567769442629296,0.005230365685268591,0.0003046874015805076,74802907005.55276,36597000000.0,0.0008424708244740654,2019-09-30,0
241456,2019-10-25,8.056041314645274,0.007567769442629296,0.005230365685268591,0.0003046874015805076,76361697742.0929,36597000000.0,0.0006949651895440001,2019-09-30,0
241456,2019-11-01,8.056041314645274,0.007567769442629296,0.005230365685268591,0.0003046874015805076,76534020548.77621,36597000000.0,0.0006805117793685108,2019-09-30,0
241456,2019-11-08,8.056041314645274,0.007567769442629296,0.005230365685268591,0.0003046874015805076,77243532622.10211,36597000000.0,0.0006244361282094164,2019-09-30,0
241456,2019-11-15,8.056041314645274,0.007567769442629296,0.005230365685268591,0.0003046874015805076,79211205101.85175,36597000000.0,0.0004941120785444544,2019-09-30,0
241456,2019-11-22,8.056041314645274,0.007567769442629296,0.005230365685268591,0.0003046874015805076,78673221717.52129,36597000000.0,0.0005264379057782224,2019-09-30,0
241456,2019-11-29,8.056041314645274,0.007567769442629296,0.005230365685268591,0.0003046874015805076,78591504161.20801,36597000000.0,0.0005315515774934948,2019-09-30,0
241456,2019-12-06,8.056041314645274,0.007567769442629296,0.005230365685268591,0.0003046874015805076,78895347973.20438,36597000000.0,0.0005128131877197427,2019-09-30,0
241456,2019-12-13,8.056041314645274,0.007567769442629296,0.005230365685268591,0.0003046874015805076,79562420318.1172,36597000000.0,0.000474206268245679,2019-09-30,0
241456,2019-12-20,8.056041314645274,0.007567769442629296,0.005230365685268591,0.0003046874015805076,79398217055.36938,36597000000.0,0.00048339912281080035,2019-09-30,0
241456,2019-12-27,8.056041314645274,0.007567769442629296,0.005230365685268591,0.0003046874015805076,79305212449.00583,36597000000.0,0.000488694109317264,2019-09-30,0
241456,2019-12-31,7.436925528283136,0.006064484129337058,0.0048300808151994995,0.00019342900878197478,78810887734.3028,36597000000.0,0.0006625517663569698,2019-12-31,1
241456,2020-01-03,7.436925528283136,0.006064484129337058,0.0048300808151994995,0.00019342900878197478,78540537029.55328,36597000000.0,0.0006828458499080981,2019-12-31,0
241456,2020-01-10,7.436925528283136,0.006064484129337058,0.0048300808151994995,0.00019342900878197478,78842507567.94583,36597000000.0,0.0006602229187713876,2019-12-31,0
241456,2020-01-17,7.436925528283136,0.006064484129337058,0.0048300808151994995,0.00019342900878197478,78841222404.89828,36597000000.0,0.0006603173928930635,2019-12-31,0
241456,2020-01-24,7.436925528283136,0.006064484129337058,0.0048300808151994995,0.00019342900878197478,77799562811.54938,36597000000.0,0.0007421541554674597,2019-12-31,0
241456,2020-01-31,7.436925528283136,0.006064484129337058,0.0048300808151994995,0.00019342900878197478,75803193828.98601,36597000000.0,0.0009330270496730894,2019-12-31,0
241456,2020-02-07,7.436925528283136,0.006064484129337058,0.0048300808151994995,0.00019342900878197478,77169777443.49248,36597000000.0,0.0007971519144120458,2019-12-31,0
241456,2020-02-14,7.436925528283136,0.006064484129337058,0.0048300808151994995,0.00019342900878197478,77869725767.85657,36597000000.0,0.0007362962950587553,2019-12-31,0
241456,2020-02-21,7.436925528283136,0.006064484129337058,0.0048300808151994995,0.00019342900878197478,76105840418.15784,36597000000.0,0.0009008212362114985,2019-12-31,0
241456,2020-02-28,7.436925528283136,0.006064484129337058,0.0048300808151994995,0.00019342900878197478,70335682645.26724,36597000000.0,0.0018107494587459394,2019-12-31,0
241456,2020-03-06,7.436925528283136,0.006064484129337058,0.0048300808151994995,0.00019342900878197478,67476160384.20985,36597000000.0,0.0026220192411770885,2019-12-31,0
241456,2020-03-13,7.436925528283136,0.006064484129337058,0.0048300808151994995,0.00019342900878197478,63695029784.9565,36597000000.0,0.004399068446681127,2019-12-31,0
241456,2020-03-20,7.436925528283136,0.006064484129337058,0.0048300808151994995,0.00019342900878197478,63602765688.22792,37777000000.0,0.0059341629629356156,2019-12-31,0
241456,2020-03-27,7.436925528283136,0.006064484129337058,0.0048300808151994995,0.00019342900878197478,65926891684.05063,37777000000.0,0.004293214792329289,2019-12-31,0
241456,2020-03-31,6.992336385092384,0.0027386223890465953,0.005256544628121118,-0.00024184438007214982,68614893245.325714,37777000000.0,0.005277064708873778,2020-03-31,1
241456,2020-04-03,6.992336385092384,0.0027386223890465953,0.005256544628121118,-0.00024184438007214982,68053939925.97572,37777000000.0,0.005655964718046936,2020-03-31,0
241456,2020-04-10,6.992336385092384,0.0027386223890465953,0.005256544628121118,-0.00024184438007214982,69690310640.68617,37777000000.0,0.004628143144847915,2020-03-31,0
241456,2020-04-17,6.992336385092384,0.0027386223890465953,0.005256544628121118,-0.00024184438007214982,70339255380.40857,37777000000.0,0.004280404868777424,2020-03-31,0
241456,2020-04-24,6.992336385092384,0.0027386223890465953,0.005256544628121118,-0.00024184438007214982,70233126946.4836,37777000000.0,0.004335197129074629,2020-03-31,0
241456,2020-05-01,6.992336385092384,0.0027386223890465953,0.005256544628121118,-0.00024184438007214982,71514750467.52272,37777000000.0,0.0037231179680785468,2020-03-31,0
241456,2020-05-08,6.992336385092384,0.0027386223890465953,0.005256544628121118,-0.00024184438007214982,71070030442.82947,37777000000.0,0.003923694458429841,2020-03-31,0
241456,2020-05-15,6.992336385092384,0.0027386223890465953,0.005256544628121118,-0.00024184438007214982,71213205379.07559,37777000000.0,0.003857815800612716,2020-03-31,0
241456,2020-05-22,6.992336385092384,0.0027386223890465953,0.005256544628121118,-0.00024184438007214982,72008904212.86374,37777000000.0,0.003513725621301861,2020-03-31,0
241456,2020-05-29,6.992336385092384,0.0027386223890465953,0.005256544628121118,-0.00024184438007214982,72533164145.02527,37777000000.0,0.0033060127219929707,2020-03-31,0
241456,2020-06-05,6.992336385092384,0.0027386223890465953,0.005256544628121118,-0.00024184438007214982,77107071041.23996,37777000000.0,0.001981631831142696,2020-03-31,0
241456,2020-06-12,6.992336385092384,0.0027386223890465953,0.005256544628121118,-0.00024184438007214982,75291272080.23984,37777000000.0,0.0024181066999411594,2020-03-31,0
241456,2020-06-19,6.992336385092384,0.0027386223890465953,0.005256544628121118,-0.00024184438007214982,76393033657.87032,37777000000.0,0.0021416459764644117,2020-03-31,0
241456,2020-06-26,6.992336385092384,0.0027386223890465953,0.005256544628121118,-0.00024184438007214982,76771153772.06863,37777000000.0,0.0020551590398545654,2020-03-31,0
241456,2020-06-30,6.407194334543578,0.0022741657783758914,0.004765541910993402,0.002544207981186202,78187928904.51685,37777000000.0,0.0006451771306134058,2020-06-30,1
241456,2020-07-03,6.407194334543578,0.0022741657783758914,0.004765541910993402,0.002544207981186202,78878460657.45956,37777000000.0,0.0006029675834034909,2020-06-30,0
241456,2020-07-10,6.407194334543578,0.0022741657783758914,0.004765541910993402,0.002544207981186202,79980186192.57974,37777000000.0,0.0005420098194818132,2020-06-30,0
241456,2020-07-17,6.407194334543578,0.0022741657783758914,0.004765541910993402,0.002544207981186202,81407697433.2097,37777000000.0,0.0004732500171555625,2020-06-30,0
241456,2020-07-24,6.407194334543578,0.0022741657783758914,0.004765541910993402,0.002544207981186202,80887749538.65536,37777000000.0,0.0004970663867239227,2020-06-30,0
241456,2020-07-31,6.407194334543578,0.0022741657783758914,0.004765541910993402,0.002544207981186202,80302658635.35147,37777000000.0,0.0005255269934483207,2020-06-30,0
241456,2020-08-07,6.407194334543578,0.0022741657783758914,0.004765541910993402,0.002544207981186202,83040469524.68689,37777000000.0,0.0004065468932063448,2020-06-30,0
241456,2020-08-14,6.407194334543578,0.0022741657783758914,0.004765541910993402,0.002544207981186202,84477062900.95203,37777000000.0,0.00035665707327635175,2020-06-30,0
241456,2020-08-21,6.407194334543578,0.0022741657783758914,0.004765541910993402,0.002544207981186202,85224763667.56134,37777000000.0,0.0003334909022145463,2020-06-30,0
241456,2020-08-28,6.407194334543578,0.0022741657783758914,0.004765541910993402,0.002544207981186202,85210063542.81454,37777000000.0,0.00033392940316202764,2020-06-30,0
241456,2020-09-04,6.407194334543578,0.0022741657783758914,0.004765541910993402,0.002544207981186202,84522395514.79239,37777000000.0,0.00035520106688639115,2020-06-30,0
241456,2020-09-11,6.407194334543578,0.0022741657783758914,0.004765541910993402,0.002544207981186202,85692095007.63849,37777000000.0,0.00031988874110182373,2020-06-30,0
241456,2020-09-18,6.407194334543578,0.0022741657783758914,0.004765541910993402,0.002544207981186202,86630399456.06999,37777000000.0,0.00029445463379745303,2020-06-30,0
241456,2020-09-25,6.407194334543578,0.0022741657783758914,0.004765541910993402,0.002544207981186202,85130171832.69318,37777000000.0,0.00033632414561632394,2020-06-30,0
241456,2020-09-30,6.287913587385871,0.0017750972596471894,0.004698917436351463,0.0030868286760883734,86220547894.29239,37777000000.0,0.00026405809869249175,2020-09-30,1
241456,2020-10-02,6.287913587385871,0.0017750972596471894,0.004698917436351463,0.0030868286760883734,86634034011.81476,37777000000.0,0.0002547896256476034,2020-09-30,0
241456,2020-10-09,6.287913587385871,0.0017750972596471894,0.004698917436351463,0.0030868286760883734,89181610526.5785,37777000000.0,0.0002052861803592282,2020-09-30,0
241456,2020-10-16,6.287913587385871,0.0017750972596471894,0.004698917436351463,0.0030868286760883734,89188761153.80055,37777000000.0,0.00020516373127448673,2020-09-30,0
241456,2020-10-23,6.287913587385871,0.0017750972596471894,0.004698917436351463,0.0030868286760883734,88370561594.55759,37777000000.0,0.00021973617790502963,2020-09-30,0
241456,2020-10-30,6.287913587385871,0.0017750972596471894,0.004698917436351463,0.0030868286760883734,85196048517.13289,37777000000.0,0.0002887413346810004,2020-09-30,0
241456,2020-11-06,6.287913587385871,0.0017750972596471894,0.004698917436351463,0.0030868286760883734,89370785015.91586,37777000000.0,0.00020207479942855613,2020-09-30,0
241456,2020-11-13,6.287913587385871,0.0017750972596471894,0.004698917436351463,0.0030868286760883734,86211338834.15666,37777000000.0,0.00026426889254018603,2020-09-30,0
241456,2020-11-20,6.287913587385871,0.0017750972596471894,0.004698917436351463,0.0030868286760883734,87464147305.65913,37777000000.0,0.0002372883268857247,2020-09-30,0
241456,2020-11-27,6.287913587385871,0.0017750972596471894,0.004698917436351463,0.0030868286760883734,88334600222.56567,37777000000.0,0.00022040346188227338,2020-09-30,0
241456,2020-12-04,6.287913587385871,0.0017750972596471894,0.004698917436351463,0.0030868286760883734,87184726848.15761,37777000000.0,0.00024302033686574918,2020-09-30,0
241456,2020-12-11,6.287913587385871,0.0017750972596471894,0.004698917436351463,0.0030868286760883734,86492211116.06442,37777000000.0,0.00025792586084397834,2020-09-30,0
241456,2020-12-18,6.287913587385871,0.0017750972596471894,0.004698917436351463,0.0030868286760883734,89072125950.8199,37777000000.0,0.00020717155056516355,2020-09-30,0
241456,2020-12-25,6.287913587385871,0.0017750972596471894,0.004698917436351463,0.0030868286760883734,87621257120.95337,37777000000.0,0.00023413370984319136,2020-09-30,0
241456,2020-12-31,6.210441487288637,0.0015960709903638543,0.004794558782164213,0.004362987266339386,88247333412.62419,37777000000.0,0.00015220986418151285,2020-12-31,1
241456,2021-01-01,6.210441487288637,0.0015960709903638543,0.004794558782164213,0.004362987266339386,88247333412.62419,37777000000.0,0.00015220986418151285,2020-12-31,0
241456,2021-01-08,6.210441487288637,0.0015960709903638543,0.004794558782164213,0.004362987266339386,89476379557.82053,37777000000.0,0.000137577309754663,2020-12-31,0
241456,2021-01-15,6.210441487288637,0.0015960709903638543,0.004794558782164213,0.004362987266339386,90945813308.07326,37777000000.0,0.00012216026406992853,2020-12-31,0
241456,2021-01-22,6.210441487288637,0.0015960709903638543,0.004794558782164213,0.004362987266339386,91092131738.1329,37777000000.0,0.0001207370596852628,2020-12-31,0
241456,2021-01-29,6.210441487288637,0.0015960709903638543,0.004794558782164213,0.004362987266339386,88607861332.82068,37777000000.0,0.00014773954556258944,2020-12-31,0
241456,2021-02-05,6.210441487288637,0.0015960709903638543,0.004794558782164213,0.004362987266339386,90347504074.11307,37777000000.0,0.00012818437301523,2020-12-31,0
241456,2021-02-12,6.210441487288637,0.0015960709903638543,0.004794558782164213,0.004362987266339386,91353017590.30637,37777000000.0,0.00011824656638683213,2020-12-31,0
241456,2021-02-19,6.210441487288637,0.0015960709903638543,0.004794558782164213,0.004362987266339386,90579722628.41284,37777000000.0,0.00012580654451159153,2020-12-31,0
241456,2021-02-26,6.210441487288637,0.0015960709903638543,0.004794558782164213,0.004362987266339386,88900274263.21994,37777000000.0,0.00014422457811088784,2020-12-31,0
241456,2021-03-05,6.210441487288637,0.0015960709903638543,0.004794558782164213,0.004362987266339386,88485637666.924,37777000000.0,0.00014923789227656785,2020-12-31,0
241456,2021-03-12,6.210441487288637,0.0015960709903638543,0.004794558782164213,0.004362987266339386,93861138242.77118,37777000000.0,9.709279452183514e-05,2020-12-31,0
241456,2021-03-19,6.210441487288637,0.0015960709903638543,0.004794558782164213,0.004362987266339386,97033014223.64877,41229000000.0,0.00014412490849947474,2020-12-31,0
241456,2021-03-26,6.210441487288637,0.0015960709903638543,0.004794558782164213,0.004362987266339386,97969874464.74913,41229000000.0,0.00013435712915733087,2020-12-31,0
241456,2021-03-31,6.174827326493144,-0.0009017213087954948,0.0027578318011753696,0.0028738359293935243,99404701984.29893,41229000000.0,7.529337514613678e-05,2021-03-31,1
61616,2015-12-31,14.573199672577553,0.005514493851485659,0.003658403680758402,-0.000413797772620953,134483732745.40068,83998000000.0,0.0007156850770930454,2015-12-31,1
61616,2016-01-01,14.573199672577553,0.005514493851485659,0.003658403680758402,-0.000413797772620953,134483732745.40068,83998000000.0,0.0007156850770930454,2015-12-31,0
61616,2016-01-08,14.573199672577553,0.005514493851485659,0.003658403680758402,-0.000413797772620953,130518712412.29167,83998000000.0,0.0011660984295386494,2015-12-31,0
61616,2016-01-15,14.573199672577553,0.005514493851485659,0.003658403680758402,-0.000413797772620953,129959751459.17644,83998000000.0,0.001250702795519654,2015-12-31,0
61616,2016-01-22,14.573199672577553,0.005514493851485659,0.003658403680758402,-0.000413797772620953,131497492980.23837,83998000000.0,0.001032258980109761,2015-12-31,0
61616,2016-01-29,14.573199672577553,0.005514493851485659,0.003658403680758402,-0.000413797772620953,132639496086.00778,83998000000.0,0.0008964408878759975,2015-12-31,0
61616,2016-02-05,14.573199672577553,0.005514493851485659,0.003658403680758402,-0.000413797772620953,129920982467.66673,83998000000.0,0.0012568078528138872,2015-12-31,0
61616,2016-02-12,14.573199672577553,0.005514493851485659,0.003658403680758402,-0.000413797772620953,126781336474.16457,83998000000.0,0.0018736162627006722,2015-12-31,0
61616,2016-02-19,14.573199672577553,0.005514493851485659,0.003658403680758402,-0.000413797772620953,127730385682.92389,83998000000.0,0.0016588647013837496,2015-12-31,0
61616,2016-02-26,14.573199672577553,0.005514493851485659,0.003658403680758402,-0.000413797772620953,130612882399.13191,83998000000.0,0.0011524537785469718,2015-12-31,0
61616,2016-03-04,14.573199672577553,0.005514493851485659,0.003658403680758402,-0.000413797772620953,133633523226.18878,83998000000.0,0.0007936604113919403,2015-12-31,0
61616,2016-03-11,14.573199672577553,0.005514493851485659,0.003658403680758402,-0.000413797772620953,132785383416.9614,83998000000.0,0.0008805097330303947,2015-12-31,0
61616,2016-03-18,14.573199672577553,0.005514493851485659,0.003658403680758402,-0.000413797772620953,134299362586.29431,83998000000.0,0.0007318740088311415,2015-12-31,0
61616,2016-03-25,14.573199672577553,0.005514493851485659,0.003658403680758402,-0.000413797772620953,132189347264.44623,83998000000.0,0.0009475595180431822,2015-12-31,0
61616,2016-03-31,11.9642648145964,0.0015343450509764651,0.003293045118191771,-0.0007390279944363886,132741597350.8232,83998000000.0,0.0020143234609113405,2016-03-31,1
61616,2016-04-01,11.9642648145964,0.0015343450509764651,0.003293045118191771,-0.0007390279944363886,130886581058.51685,83998000000.0,0.0024575755885822633,2016-03-31,0
61616,2016-04-08,11.9642648145964,0.0015343450509764651,0.003293045118191771,-0.0007390279944363886,131124676359.81276,83998000000.0,0.0023952014640096246,2016-03-31,0
61616,2016-04-15,11.9642648145964,0.0015343450509764651,0.003293045118191771,-0.0007390279944363886,130752197119.94312,81123000000.0,0.0015252982829561785,2016-03-31,0
61616,2016-04-22,11.9642648145964,0.0015343450509764651,0.003293045118191771,-0.0007390279944363886,132969795560.7279,81123000000.0,0.001204102967183718,2016-03-31,0
61616,2016-04-29,11.9642648145964,0.0015343450509764651,0.003293045118191771,-0.0007390279944363886,133149808070.05156,81123000000.0,0.0011814470003531905,2016-03-31,0
61616,2016-05-06,11.9642648145964,0.0015343450509764651,0.003293045118191771,-0.0007390279944363886,130793655527.58493,81123000000.0,0.0015185064396423086,2016-03-31,0
61616,2016-05-13,11.9642648145964,0.0015343450509764651,0.003293045118191771,-0.0007390279944363886,130872486054.27994,81123000000.0,0.0015056822399956917,2016-03-31,0
61616,2016-05-20,11.9642648145964,0.0015343450509764651,0.003293045118191771,-0.0007390279944363886,130258848118.01889,81123000000.0,0.001608691370781797,2016-03-31,0
61616,2016-05-27,11.9642648145964,0.0015343450509764651,0.003293045118191771,-0.0007390279944363886,131832139964.61517,81123000000.0,0.0013586182445138805,2016-03-31,0
61616,2016-06-03,11.9642648145964,0.0015343450509764651,0.003293045118191771,-0.0007390279944363886,130344211037.7244,81123000000.0,0.001593916271449604,2016-03-31,0
61616,2016-06-10,11.9642648145964,0.0015343450509764651,0.003293045118191771,-0.0007390279944363886,131623707102.75159,81123000000.0,0.00138918587051231,2016-03-31,0
61616,2016-06-17,11.9642648145964,0.0015343450509764651,0.003293045118191771,-0.0007390279944363886,131567449327.035,81123000000.0,0.0013975632553776339,2016-03-31,0
61616,2016-06-24,11.9642648145964,0.0015343450509764651,0.003293045118191771,-0.0007390279944363886,129757995539.1713,81123000000.0,0.0016984211295699993,2016-03-31,0
61616,2016-06-30,10.846219406312798,0.0014706191469313335,0.0031318229998176066,-0.0011100268600293928,134419631783.61993,81123000000.0,0.0017829053185119952,2016-06-30,1
61616,2016-07-01,10.846219406312798,0.0014706191469313335,0.0031318229998176066,-0.0011100268600293928,135512284960.24759,81123000000.0,0.0016039980101951645,2016-06-30,0
61616,2016-07-08,10.846219406312798,0.0014706191469313335,0.0031318229998176066,-0.0011100268600293928,134367048922.39294,81123000000.0,0.0017920480952038867,2016-06-30,0
61616,2016-07-15,10.846219406312798,0.0014706191469313335,0.0031318229998176066,-0.0011100268600293928,135151449106.2046,81123000000.0,0.00166081194863623,2016-06-30,0
61616,2016-07-22,10.846219406312798,0.0014706191469313335,0.0031318229998176066,-0.0011100268600293928,133351270779.96323,81123000000.0,0.001979101004131647,2016-06-30,0
61616,2016-07-29,10.846219406312798,0.0014706191469313335,0.0031318229998176066,-0.0011100268600293928,131358622093.27502,81123000000.0,0.002411091325237361,2016-06-30,0
61616,2016-08-05,10.846219406312798,0.0014706191469313335,0.0031318229998176066,-0.0011100268600293928,130379155625.34479,81123000000.0,0.002660344623927228,2016-06-30,0
61616,2016-08-12,10.846219406312798,0.0014706191469313335,0.0031318229998176066,-0.0011100268600293928,131435488578.44489,81123000000.0,0.002392638121744177,2016-06-30,0
61616,2016-08-19,10.846219406312798,0.0014706191469313335,0.0031318229998176066,-0.0011100268600293928,130587488830.79727,81123000000.0,0.002605062104061259,2016-06-30,0
61616,2016-08-26,10.846219406312798,0.0014706191469313335,0.0031318229998176066,-0.0011100268600293928,131096797816.47925,81123000000.0,0.002475122486310862,2016-06-30,0
61616,2016-09-02,10.846219406312798,0.0014706191469313335,0.0031318229998176066,-0.0011100268600293928,131509927233.02904,81123000000.0,0.0023749146428348137,2016-06-30,0
61616,2016-09-09,10.846219406312798,0.0014706191469313335,0.0031318229998176066,-0.0011100268600293928,131684648210.27335,81123000000.0,0.002333874917350479,2016-06-30,0
61616,2016-09-16,10.846219406312798,0.0014706191469313335,0.0031318229998176066,-0.0011100268600293928,128567904827.45245,81123000000.0,0.003198703868767392,2016-06-30,0
61616,2016-09-23,10.846219406312798,0.0014706191469313335,0.0031318229998176066,-0.0011100268600293928,127463910152.7629,81123000000.0,0.003584495331188988,2016-06-30,0
61616,2016-09-30,10.102034597364218,0.0014422441810639606,0.0028933517603501793,-0.0009985600192155262,128300903594.93521,81123000000.0,0.003285899536223235,2016-09-30,1
61616,2016-10-07,10.102034597364218,0.0014422441810639606,0.0028933517603501793,-0.0009985600192155262,130022784654.39775,81123000000.0,0.002778723503397912,2016-09-30,0
61616,2016-10-14,10.102034597364218,0.0014422441810639606,0.0028933517603501793,-0.0009985600192155262,130490280578.16843,81123000000.0,0.0026563714141822673,2016-09-30,0
61616,2016-10-21,10.102034597364218,0.0014422441810639606,0.0028933517603501793,-0.0009985600192155262,131769243629.81564,81123000000.0,0.00235091686668533,2016-09-30,0
61616,2016-10-28,10.102034597364218,0.0014422441810639606,0.0028933517603501793,-0.0009985600192155262,130823233450.23502,81123000000.0,0.0025728510918214542,2016-09-30,0
61616,2016-11-04,10.102034597364218,0.0014422441810639606,0.0028933517603501793,-0.0009985600192155262,127484587130.09364,81123000000.0,0.0035612970761847297,2016-09-30,0
61616,2016-11-11,10.102034597364218,0.0014422441810639606,0.0028933517603501793,-0.0009985600192155262,127337967352.76715,81123000000.0,0.003613404597422184,2016-09-30,0
61616,2016-11-18,10.102034597364218,0.0014422441810639606,0.0028933517603501793,-0.0009985600192155262,126726499897.72333,81123000000.0,0.0038399511292728076,2016-09-30,0
61616,2016-11-25,10.102034597364218,0.0014422441810639606,0.0028933517603501793,-0.0009985600192155262,128179843202.0989,81123000000.0,0.003325217318229648,2016-09-30,0
61616,2016-12-02,10.102034597364218,0.0014422441810639606,0.0028933517603501793,-0.0009985600192155262,130979604665.55626,81123000000.0,0.0025346272597112952,2016-09-30,0
61616,2016-12-09,10.102034597364218,0.0014422441810639606,0.0028933517603501793,-0.0009985600192155262,133559913338.99129,81123000000.0,0.0019862958739912725,2016-09-30,0
61616,2016-12-16,10.102034597364218,0.0014422441810639606,0.0028933517603501793,-0.0009985600192155262,136466014430.3833,81123000000.0,0.0015200111371323469,2016-09-30,0
61616,2016-12-23,10.102034597364218,0.0014422441810639606,0.0028933517603501793,-0.0009985600192155262,137552684599.37204,81123000000.0,0.0013778137766055566,2016-09-30,0
61616,2016-12-30,9.815439561519575,0.0018923276151393722,0.00241862071227707,0.0005463895933355176,138013789738.99426,81123000000.0,0.0003950107806215337,2016-12-31,1
61616,2017-01-06,9.815439561519575,0.0018923276151393722,0.00241862071227707,0.0005463895933355176,138862085572.6825,81123000000.0,0.00036708294332534554,2016-12-31,0
61616,2017-01-13,9.815439561519575,0.0018923276151393722,0.00241862071227707,0.0005463895933355176,138701849651.16458,81123000000.0,0.00037218663304497803,2016-12-31,0
61616,2017-01-20,9.815439561519575,0.0018923276151393722,0.00241862071227707,0.0005463895933355176,138223903392.19128,81123000000.0,0.00038788109620082494,2016-12-31,0
61616,2017-01-27,9.815439561519575,0.0018923276151393722,0.00241862071227707,0.0005463895933355176,135337242153.75882,81123000000.0,0.0004997081534682963,2016-12-31,0
61616,2017-02-03,9.815439561519575,0.0018923276151393722,0.00241862071227707,0.0005463895933355176,134553140577.69568,81123000000.0,0.0005359346554379424,2016-12-31,0
61616,2017-02-10,9.815439561519575,0.0018923276151393722,0.00241862071227707,0.0005463895933355176,134087522383.46909,81123000000.0,0.0005588144971811412,2016-12-31,0
61616,2017-02-17,9.815439561519575,0.0018923276151393722,0.00241862071227707,0.0005463895933355176,133100743209.97649,81123000000.0,0.0006109574858849662,2016-12-31,0
61616,2017-02-24,9.815439561519575,0.0018923276151393722,0.00241862071227707,0.0005463895933355176,133828828675.5265,81123000000.0,0.0005719913771902471,2016-12-31,0
61616,2017-03-03,9.815439561519575,0.0018923276151393722,0.00241862071227707,0.0005463895933355176,137318458166.56238,81123000000.0,0.0004196570822639949,2016-12-31,0
61616,2017-03-10,9.815439561519575,0.0018923276151393722,0.00241862071227707,0.0005463895933355176,135030960588.50159,81123000000.0,0.0005135263844779171,2016-12-31,0
61616,2017-03-17,9.815439561519575,0.0018923276151393722,0.00241862071227707,0.0005463895933355176,136041624042.0463,81123000000.0,0.0004694618904787383,2016-12-31,0
61616,2017-03-24,9.815439561519575,0.0018923276151393722,0.00241862071227707,0.0005463895933355176,126509457425.10587,71459000000.0,0.0002457994276703598,2016-12-31,0
61616,2017-03-31,9.811012205368083,9.48360787613194e-05,0.002789851395868532,-0.0005945115044863011,127777052173.96457,71459000000.0,0.0005892452926579946,2017-03-31,1
61616,2017-04-07,9.811012205368083,9.48360787613194e-05,0.002789851395868532,-0.0005945115044863011,127388455831.66292,71459000000.0,0.0006110091871938126,2017-03-31,0
61616,2017-04-14,9.811012205368083,9.48360787613194e-05,0.002789851395868532,-0.0005945115044863011,126534499766.2608,71459000000.0,0.000662020478472013,2017-03-31,0
61616,2017-04-21,9.811012205368083,9.48360787613194e-05,0.002789851395868532,-0.0005945115044863011,124807419433.40427,71459000000.0,0.0007801824098712177,2017-03-31,0
61616,2017-04-28,9.811012205368083,9.48360787613194e-05,0.002789851395868532,-0.0005945115044863011,123869125571.61972,71459000000.0,0.0008540055948492047,2017-03-31,0
61616,2017-05-05,9.811012205368083,9.48360787613194e-05,0.002789851395868532,-0.0005945115044863011,125010076647.3243,71459000000.0,0.0007651802175843082,2017-03-31,0
61616,2017-05-12,9.811012205368083,9.48360787613194e-05,0.002789851395868532,-0.0005945115044863011,126107920496.31982,71459000000.0,0.0006892484107212214,2017-03-31,0
61616,2017-05-19,9.811012205368083,9.48360787613194e-05,0.002789851395868532,-0.0005945115044863011,126614957090.17444,71459000000.0,0.0006570192382416575,2017-03-31,0
61616,2017-05-26,9.811012205368083,9.48360787613194e-05,0.002789851395868532,-0.0005945115044863011,123979256703.41039,71459000000.0,0.0008449537957333543,2017-03-31,0
61616,2017-06-02,9.811012205368083,9.48360787613194e-05,0.002789851395868532,-0.0005945115044863011,123061442013.02638,71459000000.0,0.0009237560129156329,2017-03-31,0
61616,2017-06-09,9.811012205368083,9.48360787613194e-05,0.002789851395868532,-0.0005945115044863011,122515740001.52016,71459000000.0,0.0009744345325955944,2017-03-31,0
61616,2017-06-16,9.811012205368083,9.48360787613194e-05,0.002789851395868532,-0.0005945115044863011,122298004742.77568,71459000000.0,0.0009955055811628945,2017-03-31,0
61616,2017-06-23,9.811012205368083,9.48360787613194e-05,0.002789851395868532,-0.0005945115044863011,121298130799.08429,71459000000.0,0.0010989479195569537,2017-03-31,0
61616,2017-06-30,9.697001042955328,-0.001733733301929622,0.0022082528358846015,-0.0015967646736305397,119752763961.05879,71459000000.0,0.0016374677397903493,2017-06-30,1
61616,2017-07-07,9.697001042955328,-0.001733733301929622,0.0022082528358846015,-0.0015967646736305397,119035299664.39156,71459000000.0,0.001764147065534565,2017-06-30,0
61616,2017-07-14,9.697001042955328,-0.001733733301929622,0.0022082528358846015,-0.0015967646736305397,120072761866.88358,71459000000.0,0.001584253462152667,2017-06-30,0
61616,2017-07-21,9.697001042955328,-0.001733733301929622,0.0022082528358846015,-0.0015967646736305397,119349798926.92557,71459000000.0,0.001707324184469932,2017-06-30,0
61616,2017-07-28,9.697001042955328,-0.001733733301929622,0.0022082528358846015,-0.0015967646736305397,120151312579.96072,71459000000.0,0.0015714863512188237,2017-06-30,0
61616,2017-08-04,9.697001042955328,-0.001733733301929622,0.0022082528358846015,-0.0015967646736305397,121216467943.31416,71459000000.0,0.0014091835143080682,2017-06-30,0
61616,2017-08-11,9.697001042955328,-0.001733733301929622,0.0022082528358846015,-0.0015967646736305397,120314996454.81544,71459000000.0,0.0015452477999316186,2017-06-30,0
61616,2017-08-18,9.697001042955328,-0.001733733301929622,0.0022082528358846015,-0.0015967646736305397,120134617316.00269,71459000000.0,0.0015741902956853862,2017-06-30,0
61616,2017-08-25,9.697001042955328,-0.001733733301929622,0.0022082528358846015,-0.0015967646736305397,119640357761.09341,71459000000.0,0.0016566292367521072,2017-06-30,0
61616,2017-09-01,9.697001042955328,-0.001733733301929622,0.0022082528358846015,-0.0015967646736305397,120367131201.76108,71459000000.0,0.0015369930477701387,2017-06-30,0
61616,2017-09-08,9.697001042955328,-0.001733733301929622,0.0022082528358846015,-0.0015967646736305397,120937052610.34254,71459000000.0,0.0014498787585537419,2017-06-30,0
61616,2017-09-15,9.697001042955328,-0.001733733301929622,0.0022082528358846015,-0.0015967646736305397,122177306153.88426,71459000000.0,0.0012786280761084496,2017-06-30,0
61616,2017-09-22,9.697001042955328,-0.001733733301929622,0.0022082528358846015,-0.0015967646736305397,122079139684.85828,71459000000.0,0.0012913305068483314,2017-06-30,0
61616,2017-09-29,9.644569662301885,-0.0015271855673890116,0.0021042372347162596,-0.0009980852035051052,122876153876.49904,71459000000.0,0.0007637647320729487,2017-09-30,1
61616,2017-10-06,9.644569662301885,-0.0015271855673890116,0.0021042372347162596,-0.0009980852035051052,122320070308.57915,71459000000.0,0.0008069678220164042,2017-09-30,0
61616,2017-10-13,9.644569662301885,-0.0015271855673890116,0.0021042372347162596,-0.0009980852035051052,122786076421.59317,71459000000.0,0.0007705852975399079,2017-09-30,0
61616,2017-10-20,9.644569662301885,-0.0015271855673890116,0.0021042372347162596,-0.0009980852035051052,122348030270.52058,71459000000.0,0.0008047319367178535,2017-09-30,0
61616,2017-10-27,9.644569662301885,-0.0015271855673890116,0.0021042372347162596,-0.0009980852035051052,122109271689.36201,71459000000.0,0.0008240485126518682,2017-09-30,0
61616,2017-11-03,9.644569662301885,-0.0015271855673890116,0.0021042372347162596,-0.0009980852035051052,124290879076.00903,71459000000.0,0.0006649770486912728,2017-09-30,0
61616,2017-11-10,9.644569662301885,-0.0015271855673890116,0.0021042372347162596,-0.0009980852035051052,124394120881.30821,71459000000.0,0.0006583432580652974,2017-09-30,0
61616,2017-11-17,9.644569662301885,-0.0015271855673890116,0.0021042372347162596,-0.0009980852035051052,121914074520.63895,71459000000.0,0.0008402234960679488,2017-09-30,0
61616,2017-11-24,9.644569662301885,-0.0015271855673890116,0.0021042372347162596,-0.0009980852035051052,122234297198.01614,71459000000.0,0.0008138700083871732,2017-09-30,0
61616,2017-12-01,9.644569662301885,-0.0015271855673890116,0.0021042372347162596,-0.0009980852035051052,122244036436.01282,71459000000.0,0.0008130830010762017,2017-09-30,0
61616,2017-12-08,9.644569662301885,-0.0015271855673890116,0.0021042372347162596,-0.0009980852035051052,122562753765.70464,71459000000.0,0.0007877884340529483,2017-09-30,0
61616,2017-12-15,9.644569662301885,-0.0015271855673890116,0.0021042372347162596,-0.0009980852035051052,122711612358.04192,71459000000.0,0.00077627468767121,2017-09-30,0
61616,2017-12-22,9.644569662301885,-0.0015271855673890116,0.0021042372347162596,-0.0009980852035051052,122967919928.62799,71459000000.0,0.0007568851266700569,2017-09-30,0
61616,2017-12-29,9.63376210882223,-0.001622166427818222,0.0018986471652749375,-0.0009254056806208216,122139985114.88354,71459000000.0,0.0006574019870405159,2017-12-31,1
61616,2018-01-05,9.63376210882223,-0.001622166427818222,0.0018986471652749375,-0.0009254056806208216,124384465871.5187,71459000000.0,0.0005270663727188818,2017-12-31,0
61616,2018-01-12,9.63376210882223,-0.001622166427818222,0.0018986471652749375,-0.0009254056806208216,125415453112.13263,71459000000.0,0.0004770408775632269,2017-12-31,0
61616,2018-01-19,9.63376210882223,-0.001622166427818222,0.0018986471652749375,-0.0009254056806208216,125828978218.99506,71459000000.0,0.000458476044041206,2017-12-31,0
61616,2018-01-26,9.63376210882223,-0.001622166427818222,0.0018986471652749375,-0.0009254056806208216,126245864011.02795,71459000000.0,0.00044056826110722115,2017-12-31,0
61616,2018-02-02,9.63376210882223,-0.001622166427818222,0.0018986471652749375,-0.0009254056806208216,124067549323.6423,71459000000.0,0.0005435936677153236,2017-12-31,0
61616,2018-02-09,9.63376210882223,-0.001622166427818222,0.0018986471652749375,-0.0009254056806208216,120627950094.18578,71459000000.0,0.0007652977935163911,2017-12-31,0
61616,2018-02-16,9.63376210882223,-0.001622166427818222,0.0018986471652749375,-0.0009254056806208216,121474400033.95778,71459000000.0,0.0007026614892549533,2017-12-31,0
61616,2018-02-23,9.63376210882223,-0.001622166427818222,0.0018986471652749375,-0.0009254056806208216,122055022740.72205,71459000000.0,0.0006629948823138783,2017-12-31,0
61616,2018-03-02,9.63376210882223,-0.001622166427818222,0.0018986471652749375,-0.0009254056806208216,120569461929.84485,71459000000.0,0.0007698497810782847,2017-12-31,0
61616,2018-03-09,9.63376210882223,-0.001622166427818222,0.0018986471652749375,-0.0009254056806208216,121349267035.32193,71459000000.0,0.0007115514142020103,2017-12-31,0
61616,2018-03-16,9.63376210882223,-0.001622166427818222,0.0018986471652749375,-0.0009254056806208216,123201909357.43324,71459000000.0,0.0005917454302436886,2017-12-31,0
61616,2018-03-23,9.63376210882223,-0.001622166427818222,0.0018986471652749375,-0.0009254056806208216,123235925447.18073,71459000000.0,0.0005897662388432677,2017-12-31,0
61616,2018-03-30,9.63376210882223,-0.001622166427818222,0.0018986471652749375,-0.0009254056806208216,123884440161.99121,71459000000.0,0.0005534046186751404,2017-12-31,0
61616,2019-03-29,9.626494619084037,-0.001832602315827818,0.0010442879468484908,-0.00022160322269781195,124511180731.14655,66849000000.0,5.810676327728512e-05,2019-03-31,1
