date,market_cap,debt_face,rf,A_train_mean,A_train_median,A_train_q05,A_train_q95,theta_train_mean,theta_train_median,theta_train_q05,theta_train_q95,logA_train_median,dlogA_train_median,alpha_post_mean,beta1_post_mean,delta_post_mean,beta0_post_mean,alpha_post_median,beta1_post_median,delta_post_median,beta0_post_median,gvkey,window_train_start,window_train_end,window_idx
2014-01-03,50555556560.08,101448000000.0,0.0009909895936828761,167517276817.17194,167517276817.17233,167517276817.17233,167517276817.17233,-4.085009008510512,-4.7232221052563546,-16.023869212370393,9.911727583846826,25.844352328069583,,6820.106494129047,6195.041267639251,3.7252879647520643,-8.077794225813987,6818.623407638723,6195.275656628812,3.7154379822155525,-8.02477252562055,100022,2014-01-03,2015-12-25,0.0
2014-01-10,50055900547.4,101448000000.0,0.0009628517410786719,167027652295.16666,167027652295.16733,167027652295.16733,167027652295.16733,-4.08881987781279,-4.726954133023355,-16.027387637379842,9.908117444213715,25.841425218261673,-0.00292710980791,6820.106494129047,6195.041267639251,3.7252879647520643,-8.077794225813987,6818.623407638723,6195.275656628812,3.7154379822155525,-8.02477252562055,100022,2014-01-03,2015-12-25,0.0
2014-01-17,51898005847.159996,101448000000.0,0.0009958909084203916,168873770586.00845,168873770586.00934,168873770586.00934,168873770586.00934,-4.084345198978545,-4.72257202901028,-16.02325634318772,9.912356428603156,25.852417353176644,0.01099213491497153,6820.106494129047,6195.041267639251,3.7252879647520643,-8.077794225813987,6818.623407638723,6195.275656628812,3.7154379822155525,-8.02477252562055,100022,2014-01-03,2015-12-25,0.0
2014-01-24,49345546216.12,101448000000.0,0.0007937020451501908,166377424673.94788,166377424673.94833,166377424673.94833,166377424673.94833,-4.1117294790488845,-4.749389766418517,-16.048539150456143,9.886414563174233,25.837524687102892,-0.014892666073752281,6820.106494129047,6195.041267639251,3.7252879647520643,-8.077794225813987,6818.623407638723,6195.275656628812,3.7154379822155525,-8.02477252562055,100022,2014-01-03,2015-12-25,0.0
2014-01-31,48653251740.71999,101448000000.0,0.0003711116966217753,165826598414.58664,165826598414.58777,165826598414.58777,165826598414.58777,-4.168970251834984,-4.8054463044154545,-16.101387130898274,9.832188872475902,25.834208491476886,-0.0033161956260059355,6820.106494129047,6195.041267639251,3.7252879647520643,-8.077794225813987,6818.623407638723,6195.275656628812,3.7154379822155525,-8.02477252562055,100022,2014-01-03,2015-12-25,0.0
2014-02-07,49243207032.799995,101448000000.0,0.0006091031494304433,166343386427.40118,166343386427.40213,166343386427.40213,166343386427.40213,-4.136732879913507,-4.773875880936885,-16.07162375261705,9.862728177809235,25.83732008164673,0.0031115901698441917,6820.106494129047,6195.041267639251,3.7252879647520643,-8.077794225813987,6818.623407638723,6195.275656628812,3.7154379822155525,-8.02477252562055,100022,2014-01-03,2015-12-25,0.0
2014-02-14,51771586856.0,101448000000.0,0.0005607563171963204,168906431359.99002,168906431359.9896,168906431359.9896,168906431359.9896,-4.143281557359778,-4.780289075035398,-16.07766986918018,9.856524443263337,25.852610737951085,0.01529065630435511,6820.106494129047,6195.041267639251,3.7252879647520643,-8.077794225813987,6818.623407638723,6195.275656628812,3.7154379822155525,-8.02477252562055,100022,2014-01-03,2015-12-25,0.0
2014-02-21,51302030603.12,101448000000.0,0.0006392496732718377,168410804605.23233,168410804605.23212,168410804605.23212,168410804605.23212,-4.132649520912224,-4.769877001127497,-16.067853759018455,9.866596451590798,25.84967209706006,-0.0029386408910241357,6820.106494129047,6195.041267639251,3.7252879647520643,-8.077794225813987,6818.623407638723,6195.275656628812,3.7154379822155525,-8.02477252562055,100022,2014-01-03,2015-12-25,0.0
2014-02-28,50687995503.200005,101448000000.0,0.0008718180831148592,167719333059.60925,167719333059.60876,167719333059.60876,167719333059.60876,-4.101149309944319,-4.739028486399093,-16.038770909474444,9.896437440845196,25.845557782730268,-0.0041143143297937,6820.106494129047,6195.041267639251,3.7252879647520643,-8.077794225813987,6818.623407638723,6195.275656628812,3.7154379822155525,-8.02477252562055,100022,2014-01-03,2015-12-25,0.0
2014-03-07,49279326744.56,101448000000.0,0.001225275840532376,166189685910.09317,166189685910.0924,166189685910.0924,166189685910.0924,-4.053279573732549,-4.6921491072762365,-15.994574649288733,9.941785744021356,25.83639565913937,-0.009162123590897409,6820.106494129047,6195.041267639251,3.7252879647520643,-8.077794225813987,6818.623407638723,6195.275656628812,3.7154379822155525,-8.02477252562055,100022,2014-01-03,2015-12-25,0.0
2014-03-14,47714139234.96001,101448000000.0,0.0010513861646142119,164674342276.6484,164674342276.64835,164674342276.64835,164674342276.64835,-4.076829269245461,-4.71521159325539,-16.016317179786483,9.919476472919772,25.827235677395954,-0.009159981743415813,6820.106494129047,6195.041267639251,3.7252879647520643,-8.077794225813987,6818.623407638723,6195.275656628812,3.7154379822155525,-8.02477252562055,100022,2014-01-03,2015-12-25,0.0
2014-03-21,53216375326.4,101448000000.0,0.0015628608732568194,170045614760.39862,170045614760.39938,170045614760.39938,170045614760.39938,-4.007564392064199,-4.647379705511867,-15.95236749145165,9.985093008862943,25.859332560124727,0.03209688272877287,6820.106494129047,6195.041267639251,3.7252879647520643,-8.077794225813987,6818.623407638723,6195.275656628812,3.7154379822155525,-8.02477252562055,100022,2014-01-03,2015-12-25,0.0
2014-03-28,55522016927.08,102725000000.0,0.0010185372587998964,172538027578.00015,172538027578.00076,172538027578.00076,172538027578.00076,-4.0812781036718935,-4.7195683875843315,-16.020424614640888,9.915261971172644,25.873883498849896,0.01455093872516855,6820.106494129047,6195.041267639251,3.7252879647520643,-8.077794225813987,6818.623407638723,6195.275656628812,3.7154379822155525,-8.02477252562055,100022,2014-01-03,2015-12-25,0.0
2014-04-04,56497249144.6,102725000000.0,0.0012174990697765287,173455326336.6192,173455326336.61957,173455326336.61957,173455326336.61957,-4.054332746637541,-4.693180491552539,-15.995547004061837,9.940788044339527,25.87918591808682,0.005302419236922873,6820.106494129047,6195.041267639251,3.7252879647520643,-8.077794225813987,6818.623407638723,6195.275656628812,3.7154379822155525,-8.02477252562055,100022,2014-01-03,2015-12-25,0.0
2014-04-11,54305986631.159996,102725000000.0,0.0010920891506333507,171301245026.06046,171301245026.06027,171301245026.06027,171301245026.06027,-4.07131679361095,-4.7098131629186355,-16.011227725138543,9.92469859127082,25.86668951035317,-0.012496407733650017,6820.106494129047,6195.041267639251,3.7252879647520643,-8.077794225813987,6818.623407638723,6195.275656628812,3.7154379822155525,-8.02477252562055,100022,2014-01-03,2015-12-25,0.0
2014-04-18,55455797455.520004,102725000000.0,0.0009723391601175702,172495242196.39908,172495242196.40027,172495242196.40027,172495242196.40027,-4.087534939036565,-4.725695777827696,-16.026201304278448,9.909334701472066,25.873635491567306,0.0069459812141374755,6820.106494129047,6195.041267639251,3.7252879647520643,-8.077794225813987,6818.623407638723,6195.275656628812,3.7154379822155525,-8.02477252562055,100022,2014-01-03,2015-12-25,0.0
2014-04-25,53914689753.76,102725000000.0,0.001184705562471653,170886368599.9083,170886368599.9086,170886368599.9086,170886368599.9086,-4.058773850840429,-4.697529715702331,-15.999647307220584,9.936580864251393,25.864264661452058,-0.009370830115248197,6820.106494129047,6195.041267639251,3.7252879647520643,-8.077794225813987,6818.623407638723,6195.275656628812,3.7154379822155525,-8.02477252562055,100022,2014-01-03,2015-12-25,0.0
2014-05-02,53595632299.88,102725000000.0,0.0009240548547331073,170650646863.60886,170650646863.6083,170650646863.6083,170650646863.6083,-4.094074414838133,-4.732099961028325,-16.03223894247153,9.903139679407516,25.862884302878573,-0.0013803585734848411,6820.106494129047,6195.041267639251,3.7252879647520643,-8.077794225813987,6818.623407638723,6195.275656628812,3.7154379822155525,-8.02477252562055,100022,2014-01-03,2015-12-25,0.0
2014-05-09,53047816671.520004,102725000000.0,0.0007824827679862367,170147619500.03177,170147619500.03235,170147619500.03235,170147619500.03235,-4.11324905795958,-4.750877907330505,-16.049942115537895,9.884975025487122,25.859932247199115,-0.002952055679457999,6820.106494129047,6195.041267639251,3.7252879647520643,-8.077794225813987,6818.623407638723,6195.275656628812,3.7154379822155525,-8.02477252562055,100022,2014-01-03,2015-12-25,0.0
2014-05-16,52030444790.28001,102725000000.0,0.0005954409775943014,169186629650.68024,169186629650.68106,169186629650.68106,169186629650.68106,-4.138583439178461,-4.775688154618365,-16.073332295850967,9.860975094238487,25.85426826001915,-0.005663987179964636,6820.106494129047,6195.041267639251,3.7252879647520643,-8.077794225813987,6818.623407638723,6195.275656628812,3.7154379822155525,-8.02477252562055,100022,2014-01-03,2015-12-25,0.0
2014-05-23,54107328216.479996,102725000000.0,0.0004306259369306353,171322303406.26038,171322303406.2612,171322303406.2612,171322303406.2612,-4.160908468732214,-4.797551309019582,-16.093944038652033,9.839826009043739,25.86681243465492,0.012544174635770844,6820.106494129047,6195.041267639251,3.7252879647520643,-8.077794225813987,6818.623407638723,6195.275656628812,3.7154379822155525,-8.02477252562055,100022,2014-01-03,2015-12-25,0.0
2014-05-30,55437737599.64,102725000000.0,0.00030940122363873443,172694200922.75986,172694200922.76022,172694200922.76022,172694200922.76022,-4.177329692206416,-4.813632798861818,-16.109105033449303,9.824269758399854,25.874788242628256,0.007975807973334526,6820.106494129047,6195.041267639251,3.7252879647520643,-8.077794225813987,6818.623407638723,6195.275656628812,3.7154379822155525,-8.02477252562055,100022,2014-01-03,2015-12-25,0.0
2014-06-06,55913313804.479996,102725000000.0,0.00019365440072094398,173206761794.6719,173206761794.67212,173206761794.67212,173206761794.67212,-4.193009447696617,-4.8289881604287075,-16.1235814500149,9.809415923099825,25.877751872697633,0.0029636300693773876,6820.106494129047,6195.041267639251,3.7252879647520643,-8.077794225813987,6818.623407638723,6195.275656628812,3.7154379822155525,-8.02477252562055,100022,2014-01-03,2015-12-25,0.0
2014-06-13,54637083988.96001,102725000000.0,-0.00020942098232975325,172048795069.0319,172048795069.03296,172048795069.03296,172048795069.03296,-4.2476168112640575,-4.882465765822417,-16.17399788299381,9.757684991058117,25.871043965788644,-0.0067079069089892585,6820.106494129047,6195.041267639251,3.7252879647520643,-8.077794225813987,6818.623407638723,6195.275656628812,3.7154379822155525,-8.02477252562055,100022,2014-01-03,2015-12-25,0.0
2014-06-20,55720675341.76,102725000000.0,-6.618845464369861e-05,173092498095.55716,173092498095.55774,173092498095.55774,173092498095.55774,-4.228211349457331,-4.863461779189038,-16.156081742961213,9.77606826944266,25.87709195963113,0.006047993842486221,6820.106494129047,6195.041267639251,3.7252879647520643,-8.077794225813987,6818.623407638723,6195.275656628812,3.7154379822155525,-8.02477252562055,100022,2014-01-03,2015-12-25,0.0
2014-06-27,55600276302.56,102725000000.0,-0.00012624488700352376,172989887331.9864,172989887331.9864,172989887331.9864,172989887331.9864,-4.236347824343144,-4.87142992045483,-16.163593765720996,9.7683603830355,25.876498975007244,-0.000592984623885684,6820.106494129047,6195.041267639251,3.7252879647520643,-8.077794225813987,6818.623407638723,6195.275656628812,3.7154379822155525,-8.02477252562055,100022,2014-01-03,2015-12-25,0.0
2014-07-04,57279842899.4,102725000000.0,-0.00018149751769413135,174688550543.5397,174688550543.54083,174688550543.54083,174688550543.54083,-4.243833610860262,-4.8787608352226925,-16.17050503554801,9.761268910827724,25.886270514122703,0.009771539115458694,6820.106494129047,6195.041267639251,3.7252879647520643,-8.077794225813987,6818.623407638723,6195.275656628812,3.7154379822155525,-8.02477252562055,100022,2014-01-03,2015-12-25,0.0
2014-07-11,55425697695.71999,102725000000.0,-0.00023097593189612685,172845750741.22916,172845750741.23016,172845750741.23016,172845750741.23016,-4.250537198000954,-4.885325733305763,-16.17669413545004,9.754918436255323,25.875665419507268,-0.010605094615435462,6820.106494129047,6195.041267639251,3.7252879647520643,-8.077794225813987,6818.623407638723,6195.275656628812,3.7154379822155525,-8.02477252562055,100022,2014-01-03,2015-12-25,0.0
2014-07-18,56352770297.56,102725000000.0,-0.00015002170554340166,173751159866.91617,173751159866.91656,173751159866.91656,173751159866.91656,-4.239569160992023,-4.87458461160395,-16.16656787264701,9.765308730416022,25.880889996862077,0.005224577354809412,6820.106494129047,6195.041267639251,3.7252879647520643,-8.077794225813987,6818.623407638723,6195.275656628812,3.7154379822155525,-8.02477252562055,100022,2014-01-03,2015-12-25,0.0
2014-07-25,56768146982.799995,102725000000.0,-0.0002569906890467366,174197670366.14114,174197670366.14188,174197670366.14188,174197670366.14188,-4.254061850588384,-4.888777465100247,-16.179948276866618,9.75157944557923,25.8834565279467,0.0025665310846214595,6820.106494129047,6195.041267639251,3.7252879647520643,-8.077794225813987,6818.623407638723,6195.275656628812,3.7154379822155525,-8.02477252562055,100022,2014-01-03,2015-12-25,0.0
2014-08-01,52752839025.479996,102725000000.0,-0.00026581342468347426,170177413385.81186,170177413385.81085,170177413385.81085,170177413385.81085,-4.255257220000418,-4.889948103764709,-16.18105190353226,9.750447042573436,25.86010733796809,-0.02334918997861024,6820.106494129047,6195.041267639251,3.7252879647520643,-8.077794225813987,6818.623407638723,6195.275656628812,3.7154379822155525,-8.02477252562055,100022,2014-01-03,2015-12-25,0.0
2014-08-08,52006364982.44,102725000000.0,-0.0002710997517292601,169430690844.03973,169430690844.04095,169430690844.04095,169430690844.04095,-4.255973452204922,-4.890649517988095,-16.18171316599146,9.74976853810431,25.855709776568073,-0.0043975614000153485,6820.106494129047,6195.041267639251,3.7252879647520643,-8.077794225813987,6818.623407638723,6195.275656628812,3.7154379822155525,-8.02477252562055,100022,2014-01-03,2015-12-25,0.0
2014-08-15,51916065703.03999,102725000000.0,-0.0002666909149261487,169339049072.76767,169339049072.76764,169339049072.76764,169339049072.76764,-4.255376109039786,-4.890064533132318,-16.181161668019104,9.750334416047556,25.855168749653856,-0.0005410269142167579,6820.106494129047,6195.041267639251,3.7252879647520643,-8.077794225813987,6818.623407638723,6195.275656628812,3.7154379822155525,-8.02477252562055,100022,2014-01-03,2015-12-25,0.0
2014-08-22,53613692155.76,102725000000.0,-0.0003000152210712015,171049571872.35876,171049571872.3579,171049571872.3579,171049571872.3579,-4.259891162808381,-4.894486175879138,-16.185330197707437,9.746057194143807,25.865219245428325,0.01005049577446826,6820.106494129047,6195.041267639251,3.7252879647520643,-8.077794225813987,6818.623407638723,6195.275656628812,3.7154379822155525,-8.02477252562055,100022,2014-01-03,2015-12-25,0.0
2014-08-29,53336774365.6,102725000000.0,-0.0005535894785573525,170841277552.53073,170841277552.53003,170841277552.53003,170841277552.53003,-4.294249028491871,-4.925690209307049,-16.217051109592422,9.713509149039604,25.864000760956163,-0.0012184844721616628,6820.106494129047,6195.041267639251,3.7252879647520643,-8.077794225813987,6818.623407638723,6195.275656628812,3.7154379822155525,-8.02477252562055,100022,2014-01-03,2015-12-25,0.0
2014-09-05,55413657791.799995,102725000000.0,-0.0009985114507866256,173041396306.5645,173041396306.56448,173041396306.56448,173041396306.56448,-4.354539908772488,-4.979798318097892,-16.27271453479043,9.65639416569766,25.87679668782914,0.012795926872978924,6820.106494129047,6195.041267639251,3.7252879647520643,-8.077794225813987,6818.623407638723,6195.275656628812,3.7154379822155525,-8.02477252562055,100022,2014-01-03,2015-12-25,0.0
2014-09-12,53836430378.28001,102725000000.0,-0.0008644968736981573,171423963963.16205,171423963963.162,171423963963.162,171423963963.162,-4.3363788726237695,-4.963499734308698,-16.25594741768068,9.673598541404411,25.867405646424444,-0.009391041404697376,6820.106494129047,6195.041267639251,3.7252879647520643,-8.077794225813987,6818.623407638723,6195.275656628812,3.7154379822155525,-8.02477252562055,100022,2014-01-03,2015-12-25,0.0
2014-09-19,53571552492.03999,102725000000.0,-0.0009151518061543284,171170710391.63278,171170710391.6327,171170710391.6327,171170710391.6327,-4.343243306773272,-4.9696602119747695,-16.26228498607575,9.66709570131475,25.865927201856465,-0.001478444567979409,6820.106494129047,6195.041267639251,3.7252879647520643,-8.077794225813987,6818.623407638723,6195.275656628812,3.7154379822155525,-8.02477252562055,100022,2014-01-03,2015-12-25,0.0
2014-09-26,51554868585.44,102725000000.0,-0.0009479075010087468,169157401869.97653,169157401869.97635,169157401869.97635,169157401869.97635,-4.347682207196391,-4.973643893843928,-16.266383186344363,9.66289062678084,25.854095490423386,-0.011831711433078596,6820.106494129047,6195.041267639251,3.7252879647520643,-8.077794225813987,6818.623407638723,6195.275656628812,3.7154379822155525,-8.02477252562055,100022,2014-01-03,2015-12-25,0.0
2014-10-03,50988993101.200005,102725000000.0,-0.000828643689372841,168557545876.5885,168557545876.58902,168557545876.58902,168557545876.58902,-4.331520341986512,-4.959139448045335,-16.251461792215014,9.67820114226461,25.850543046990065,-0.003552443433321173,6820.106494129047,6195.041267639251,3.7252879647520643,-8.077794225813987,6818.623407638723,6195.275656628812,3.7154379822155525,-8.02477252562055,100022,2014-01-03,2015-12-25,0.0
2014-10-10,47876677937.88,102725000000.0,-0.0008556882255797649,165442611805.758,165442611805.75864,165442611805.75864,165442611805.75864,-4.335185191617259,-4.962428466113579,-16.254845354987218,9.674729343592984,25.831890215168933,-0.01865283182113231,6820.106494129047,6195.041267639251,3.7252879647520643,-8.077794225813987,6818.623407638723,6195.275656628812,3.7154379822155525,-8.02477252562055,100022,2014-01-03,2015-12-25,0.0
2014-10-17,48502752941.71999,102725000000.0,-0.0007103674000181104,166032223669.82538,166032223669.8244,166032223669.8244,166032223669.8244,-4.315492886268752,-4.94475559034845,-16.23666447753226,9.693384332061171,25.835447724957316,0.0035575097883828732,6820.106494129047,6195.041267639251,3.7252879647520643,-8.077794225813987,6818.623407638723,6195.275656628812,3.7154379822155525,-8.02477252562055,100022,2014-01-03,2015-12-25,0.0
2014-10-24,49538184678.840004,102725000000.0,-0.000726557193000541,167073761103.23694,167073761103.2375,167073761103.2375,167073761103.2375,-4.317686708113136,-4.94672444037451,-16.238689919727722,9.6913060722673,25.84170123510275,0.006253510145434404,6820.106494129047,6195.041267639251,3.7252879647520643,-8.077794225813987,6818.623407638723,6195.275656628812,3.7154379822155525,-8.02477252562055,100022,2014-01-03,2015-12-25,0.0
2014-10-31,51362230122.71999,102725000000.0,-0.0008147725709067233,168922962853.21106,168922962853.21146,168922962853.21146,168922962853.21146,-4.329640655738376,-4.957452523496613,-16.249726376560282,9.67998181354515,25.852708606837087,0.011007371734336857,6820.106494129047,6195.041267639251,3.7252879647520643,-8.077794225813987,6818.623407638723,6195.275656628812,3.7154379822155525,-8.02477252562055,100022,2014-01-03,2015-12-25,0.0
2014-11-07,50164259682.68,102725000000.0,-0.0008388353061636144,167727467730.44788,167727467730.44855,167727467730.44855,167727467730.44855,-4.332901421171115,-4.960378897324517,-16.25273687002177,9.676892813290037,25.845606283242553,-0.007102323594533999,6820.106494129047,6195.041267639251,3.7252879647520643,-8.077794225813987,6818.623407638723,6195.275656628812,3.7154379822155525,-8.02477252562055,100022,2014-01-03,2015-12-25,0.0
2014-11-14,50001720979.76,102725000000.0,-0.0007905419066487274,167551327291.22928,167551327291.23032,167551327291.23032,167551327291.23032,-4.326357158519122,-4.9545057474647365,-16.24669489546318,9.683092348309586,25.844555572860397,-0.0010507103821559838,6820.106494129047,6195.041267639251,3.7252879647520643,-8.077794225813987,6818.623407638723,6195.275656628812,3.7154379822155525,-8.02477252562055,100022,2014-01-03,2015-12-25,0.0
2014-11-21,53071896479.36,102725000000.0,-0.0006802536365304391,170597944296.42133,170597944296.42062,170597944296.42062,170597944296.42062,-4.311412305328965,-4.941093462543449,-16.232897087604034,9.697249963958123,25.86257542208626,0.01801984922586186,6820.106494129047,6195.041267639251,3.7252879647520643,-8.077794225813987,6818.623407638723,6195.275656628812,3.7154379822155525,-8.02477252562055,100022,2014-01-03,2015-12-25,0.0
2014-11-28,55353458272.200005,102725000000.0,-0.0006331650785279575,172869083479.92172,172869083479.92105,172869083479.92105,172869083479.92105,-4.305031622093002,-4.935367097191829,-16.227006130078145,9.703294538222421,25.875800402079125,0.013224979992866537,6820.106494129047,6195.041267639251,3.7252879647520643,-8.077794225813987,6818.623407638723,6195.275656628812,3.7154379822155525,-8.02477252562055,100022,2014-01-03,2015-12-25,0.0
2014-12-05,55594256350.6,102725000000.0,-0.0005971037003509272,173100186544.53653,173100186544.53583,173100186544.53583,173100186544.53583,-4.300145227349106,-4.9309817820021635,-16.222494771000946,9.707923537541504,25.87713637679718,0.0013359747180530235,6820.106494129047,6195.041267639251,3.7252879647520643,-8.077794225813987,6818.623407638723,6195.275656628812,3.7154379822155525,-8.02477252562055,100022,2014-01-03,2015-12-25,0.0
2014-12-12,52963537344.08,102725000000.0,-0.0006205328303227952,170471686472.58588,170471686472.58545,170471686472.58545,170471686472.58545,-4.303319918956452,-4.933830922521793,-16.225425802008886,9.704916075753957,25.86183505813584,-0.015301318661339991,6820.106494129047,6195.041267639251,3.7252879647520643,-8.077794225813987,6818.623407638723,6195.275656628812,3.7154379822155525,-8.02477252562055,100022,2014-01-03,2015-12-25,0.0
2014-12-19,54143447928.24,102725000000.0,-0.0007444405112366903,171681037313.68033,171681037313.6815,171681037313.6815,171681037313.6815,-4.320110026328318,-4.948899251587591,-16.240927243754093,9.689010405160392,25.868904157945224,0.007069099809385193,6820.106494129047,6195.041267639251,3.7252879647520643,-8.077794225813987,6818.623407638723,6195.275656628812,3.7154379822155525,-8.02477252562055,100022,2014-01-03,2015-12-25,0.0
2014-12-26,54679223652.68,102725000000.0,-0.0007939924924829911,172227473759.15622,172227473759.156,172227473759.156,172227473759.156,-4.326824745894413,-4.954925384057788,-16.247126594443216,9.682649391693671,25.872081961853688,0.0031778039084642273,6820.106494129047,6195.041267639251,3.7252879647520643,-8.077794225813987,6818.623407638723,6195.275656628812,3.7154379822155525,-8.02477252562055,100022,2014-01-03,2015-12-25,0.0
2015-01-02,52981597199.96001,102725000000.0,-0.0008897279313009143,170549223006.5652,170549223006.56616,170549223006.56616,170549223006.56616,-4.339798011616419,-4.966568237090087,-16.259104127890303,9.670359510452684,25.862289789990463,-0.009792171863225008,6820.106494129047,6195.041267639251,3.7252879647520643,-8.077794225813987,6818.623407638723,6195.275656628812,3.7154379822155525,-8.02477252562055,100022,2014-01-03,2015-12-25,0.0
2015-01-09,53071896479.36,102725000000.0,-0.0010103659306464373,170665716753.01578,170665716753.01645,170665716753.01645,170665716753.01645,-4.356146409217794,-4.981240066241753,-16.274197730218795,9.654872290347432,25.862972607402025,0.0006828174115618424,6820.106494129047,6195.041267639251,3.7252879647520643,-8.077794225813987,6818.623407638723,6195.275656628812,3.7154379822155525,-8.02477252562055,100022,2014-01-03,2015-12-25,0.0
2015-01-16,56340730393.64,102725000000.0,-0.0012027075172804747,173978562243.36783,173978562243.36905,173978562243.36905,173978562243.36905,-4.382213058598618,-5.004633436085896,-16.29826364595301,9.630178750317695,25.882197923072642,0.01922531567061725,6820.106494129047,6195.041267639251,3.7252879647520643,-8.077794225813987,6818.623407638723,6195.275656628812,3.7154379822155525,-8.02477252562055,100022,2014-01-03,2015-12-25,0.0
2015-01-23,61885106148.799995,102725000000.0,-0.0018699821637219061,179673013549.05453,179673013549.05392,179673013549.05392,179673013549.05392,-4.472655897316972,-5.093736923716733,-16.38176430610438,9.5445002300673,25.91440444443935,0.03220652136670665,6820.106494129047,6195.041267639251,3.7252879647520643,-8.077794225813987,6818.623407638723,6195.275656628812,3.7154379822155525,-8.02477252562055,100022,2014-01-03,2015-12-25,0.0
2015-01-30,62246303266.4,102725000000.0,-0.0018365672540792072,180022607020.9917,180022607020.9911,180022607020.9911,180022607020.9911,-4.468126376246364,-5.088732932250878,-16.37758247071515,9.548791143789963,25.916348274511346,0.0019438300719976098,6820.106494129047,6195.041267639251,3.7252879647520643,-8.077794225813987,6818.623407638723,6195.275656628812,3.7154379822155525,-8.02477252562055,100022,2014-01-03,2015-12-25,0.0
2015-02-06,64323186692.6,102725000000.0,-0.0020336007627560996,182139368878.28845,182139368878.28735,182139368878.28735,182139368878.28735,-4.494835708944038,-5.118240098083788,-16.402241581385123,9.523488816729381,25.928037994043777,0.011689719532430587,6820.106494129047,6195.041267639251,3.7252879647520643,-8.077794225813987,6818.623407638723,6195.275656628812,3.7154379822155525,-8.02477252562055,100022,2014-01-03,2015-12-25,0.0
2015-02-13,64895082128.799995,102725000000.0,-0.0019239942691234469,182682660700.87253,182682660700.87146,182682660700.87146,182682660700.87146,-4.4799775471176115,-5.101825523113803,-16.388523944336065,9.537564272735157,25.9310163899747,0.0029783959309241936,6820.106494129047,6195.041267639251,3.7252879647520643,-8.077794225813987,6818.623407638723,6195.275656628812,3.7154379822155525,-8.02477252562055,100022,2014-01-03,2015-12-25,0.0
2015-02-20,66881666275.6,102725000000.0,-0.0020314025243390234,184688397912.1617,184688397912.16095,184688397912.16095,184688397912.16095,-4.494537712704699,-5.1179108862329485,-16.401966459699317,9.52377111494025,25.941935906326744,0.010919516352043246,6820.106494129047,6195.041267639251,3.7252879647520643,-8.077794225813987,6818.623407638723,6195.275656628812,3.7154379822155525,-8.02477252562055,100022,2014-01-03,2015-12-25,0.0
2015-02-27,68025457148.0,102725000000.0,-0.0024664515505081032,185921320722.02924,185921320722.0285,185921320722.0285,185921320722.0285,-4.553517495506861,-5.183068974336038,-16.460328432142386,9.467898329246422,25.948589414296155,0.006653507969410555,6820.106494129047,6195.041267639251,3.7252879647520643,-8.077794225813987,6818.623407638723,6195.275656628812,3.7154379822155525,-8.02477252562055,100022,2014-01-03,2015-12-25,0.0
2015-03-06,69410046098.8,102725000000.0,-0.0022610116689517935,187256603259.2679,187256603259.2686,187256603259.2686,187256603259.2686,-4.52566493698618,-5.1522987603420916,-16.43070429496088,9.49428363627085,25.955745723123933,0.007156308827777735,6820.106494129047,6195.041267639251,3.7252879647520643,-8.077794225813987,6818.623407638723,6195.275656628812,3.7154379822155525,-8.02477252562055,100022,2014-01-03,2015-12-25,0.0
2015-03-13,72209323760.2,102725000000.0,-0.0024755877278853167,190096049995.27585,190096049995.27728,190096049995.27728,190096049995.27728,-4.554756175797781,-5.1844374115912615,-16.461741118846067,9.466724901937098,25.970795307662463,0.01504958453853078,6820.106494129047,6195.041267639251,3.7252879647520643,-8.077794225813987,6818.623407638723,6195.275656628812,3.7154379822155525,-8.02477252562055,100022,2014-01-03,2015-12-25,0.0
2015-03-20,70282939133.0,117366000000.0,-0.002382728941192464,188144667000.8833,188144667000.88412,188144667000.88412,188144667000.88412,-4.542166570793213,-5.170528995575296,-16.447382965478845,9.478651294618297,25.96047700918279,-0.010318298479674581,6820.106494129047,6195.041267639251,3.7252879647520643,-8.077794225813987,6818.623407638723,6195.275656628812,3.7154379822155525,-8.02477252562055,100022,2014-01-03,2015-12-25,0.0
2015-03-27,69891642255.59999,117366000000.0,-0.0025900388100694493,187790736628.88278,187790736628.88272,187790736628.88272,187790736628.88272,-4.570273716103723,-5.201580484911119,-16.479438529516166,9.452024818744034,25.95859407677922,-0.0018829324035678496,6820.106494129047,6195.041267639251,3.7252879647520643,-8.077794225813987,6818.623407638723,6195.275656628812,3.7154379822155525,-8.02477252562055,100022,2014-01-03,2015-12-25,0.0
2015-04-03,69199347780.2,117366000000.0,-0.00254129996086175,187082622458.2523,187082622458.25293,187082622458.25293,187082622458.25293,-4.563665524168122,-5.194280053537568,-16.471902031129456,9.458284893661498,25.954816187549834,-0.0037778892293864885,6820.106494129047,6195.041267639251,3.7252879647520643,-8.077794225813987,6818.623407638723,6195.275656628812,3.7154379822155525,-8.02477252562055,100022,2014-01-03,2015-12-25,0.0
2015-04-10,70644136250.59999,117366000000.0,-0.0027766791350716472,188569176952.17386,188569176952.17474,188569176952.17474,188569176952.17474,-4.5955800141361065,-5.2295377546483905,-16.508299836397875,9.428051652409389,25.962730762995093,0.007914575445258976,6820.106494129047,6195.041267639251,3.7252879647520643,-8.077794225813987,6818.623407638723,6195.275656628812,3.7154379822155525,-8.02477252562055,100022,2014-01-03,2015-12-25,0.0
2015-04-17,66460269638.4,117366000000.0,-0.0029147858761081904,184406508913.96936,184406508913.97064,184406508913.97064,184406508913.97064,-4.614306649543072,-5.250226123835091,-16.529657202804763,9.410311538871888,25.940408445244056,-0.02232231775103699,6820.106494129047,6195.041267639251,3.7252879647520643,-8.077794225813987,6818.623407638723,6195.275656628812,3.7154379822155525,-8.02477252562055,100022,2014-01-03,2015-12-25,0.0
2015-04-24,66490369398.200005,117366000000.0,-0.0026941512127789825,184386483720.79486,184386483720.794,184386483720.794,184386483720.794,-4.584389990133095,-5.2171755117351495,-16.49553784126233,9.438652186655057,25.940299846688248,-0.00010859855580847011,6820.106494129047,6195.041267639251,3.7252879647520643,-8.077794225813987,6818.623407638723,6195.275656628812,3.7154379822155525,-8.02477252562055,100022,2014-01-03,2015-12-25,0.0
2015-05-01,63871690295.6,117366000000.0,-0.002587917817145178,181740922638.97705,181740922638.9777,181740922638.9777,181740922638.9777,-4.5699861420372505,-5.2012627860594876,-16.479110557520745,9.452297243506704,25.925848007898082,-0.014451838790165539,6820.106494129047,6195.041267639251,3.7252879647520643,-8.077794225813987,6818.623407638723,6195.275656628812,3.7154379822155525,-8.02477252562055,100022,2014-01-03,2015-12-25,0.0
2015-05-08,65918473962.0,117366000000.0,-0.0026562975539913235,183795089158.58356,183795089158.58273,183795089158.58273,183795089158.58273,-4.5792574788805664,-5.211505342384044,-16.48968431924768,9.443514318120974,25.93708732811379,0.011239320215707949,6820.106494129047,6195.041267639251,3.7252879647520643,-8.077794225813987,6818.623407638723,6195.275656628812,3.7154379822155525,-8.02477252562055,100022,2014-01-03,2015-12-25,0.0
2015-05-15,61403509992.0,117366000000.0,-0.0023763760604034925,179220678764.65628,179220678764.65634,179220678764.65634,179220678764.65634,-4.541305273338939,-5.169577474043763,-16.44640067604355,9.479467219555094,25.911883725721818,-0.02520360239197217,6820.106494129047,6195.041267639251,3.7252879647520643,-8.077794225813987,6818.623407638723,6195.275656628812,3.7154379822155525,-8.02477252562055,100022,2014-01-03,2015-12-25,0.0
2015-05-22,63089096540.799995,117366000000.0,-0.0025450576896501064,180932695639.75784,180932695639.75806,180932695639.75806,180932695639.75806,-4.564175007286667,-5.194842907364546,-16.4724830853791,9.457802249897263,25.921390951765733,0.009507226043915296,6820.106494129047,6195.041267639251,3.7252879647520643,-8.077794225813987,6818.623407638723,6195.275656628812,3.7154379822155525,-8.02477252562055,100022,2014-01-03,2015-12-25,0.0
2015-05-29,60620916237.200005,117366000000.0,-0.0024557794986057803,178442078886.21106,178442078886.21164,178442078886.21164,178442078886.21164,-4.552070586209587,-5.181470495292615,-16.45867826512349,9.469269016202183,25.907529897476046,-0.013861054289687758,6820.106494129047,6195.041267639251,3.7252879647520643,-8.077794225813987,6818.623407638723,6195.275656628812,3.7154379822155525,-8.02477252562055,100022,2014-01-03,2015-12-25,0.0
2015-06-05,59952701569.64,117366000000.0,-0.0024254601275671473,177762727092.7583,177762727092.759,177762727092.759,177762727092.759,-4.5479599331655995,-5.1769292347844384,-16.45399015995499,9.473163122589497,25.903715504150966,-0.0038143933250793793,6820.106494129047,6195.041267639251,3.7252879647520643,-8.077794225813987,6818.623407638723,6195.275656628812,3.7154379822155525,-8.02477252562055,100022,2014-01-03,2015-12-25,0.0
2015-06-12,60151359984.32,117366000000.0,-0.0023845845925611854,177948517073.81787,177948517073.81708,177948517073.81708,177948517073.81708,-4.542418152693566,-5.170806931611878,-16.447669888713563,9.47841296586926,25.90476011548108,0.001044611330112133,6820.106494129047,6195.041267639251,3.7252879647520643,-8.077794225813987,6818.623407638723,6195.275656628812,3.7154379822155525,-8.02477252562055,100022,2014-01-03,2015-12-25,0.0
2015-06-19,58839010457.03999,117366000000.0,-0.002422766757622434,176637557629.8755,176637557629.8762,176637557629.8762,176637557629.8762,-4.5475947721270344,-5.17652582169012,-16.453573702251514,9.473509047182146,25.897365773115933,-0.00739434236514569,6820.106494129047,6195.041267639251,3.7252879647520643,-8.077794225813987,6818.623407638723,6195.275656628812,3.7154379822155525,-8.02477252562055,100022,2014-01-03,2015-12-25,0.0
2015-06-26,62306502786.0,117366000000.0,-0.002460915246111546,180106448564.2417,180106448564.2411,180106448564.2411,180106448564.2411,-4.552766886653013,-5.18223973608292,-16.459472379864337,9.468609396458627,25.91681389395229,0.019448120836358385,6820.106494129047,6195.041267639251,3.7252879647520643,-8.077794225813987,6818.623407638723,6195.275656628812,3.7154379822155525,-8.02477252562055,100022,2014-01-03,2015-12-25,0.0
2015-07-03,59537324884.4,117366000000.0,-0.00271000448128766,177375083692.39908,177375083692.40027,177375083692.40027,177375083692.40027,-4.58653952482201,-5.219550222047019,-16.497989341262972,9.436615889181533,25.901532444265268,-0.015281449687023496,6820.106494129047,6195.041267639251,3.7252879647520643,-8.077794225813987,6818.623407638723,6195.275656628812,3.7154379822155525,-8.02477252562055,100022,2014-01-03,2015-12-25,0.0
2015-07-10,57309942659.200005,117366000000.0,-0.0028624652795235773,175167737186.03662,175167737186.03613,175167737186.03613,175167737186.03613,-4.607212124782491,-5.242388400892651,-16.521566031383827,9.41703232246446,25.88900985000976,-0.012522594255507613,6820.106494129047,6195.041267639251,3.7252879647520643,-8.077794225813987,6818.623407638723,6195.275656628812,3.7154379822155525,-8.02477252562055,100022,2014-01-03,2015-12-25,0.0
2015-07-17,57538700833.68,117366000000.0,-0.002900279842478238,175396474621.85205,175396474621.8526,175396474621.8526,175396474621.8526,-4.6123396609877,-5.248053080065347,-16.527413889186754,9.412174905954865,25.89031481760527,0.0013049675955087991,6820.106494129047,6195.041267639251,3.7252879647520643,-8.077794225813987,6818.623407638723,6195.275656628812,3.7154379822155525,-8.02477252562055,100022,2014-01-03,2015-12-25,0.0
2015-07-24,55166839761.44,117366000000.0,-0.0027894960759879918,172999346676.80533,172999346676.80646,172999346676.80646,172999346676.80646,-4.597317898485359,-5.231457692779713,-16.51028185896871,9.426405319855943,25.876553655002414,-0.013761162602854426,6820.106494129047,6195.041267639251,3.7252879647520643,-8.077794225813987,6818.623407638723,6195.275656628812,3.7154379822155525,-8.02477252562055,100022,2014-01-03,2015-12-25,0.0
2015-07-31,54962161394.799995,117366000000.0,-0.0029062925276816167,172807689308.44272,172807689308.44183,172807689308.44183,172807689308.44183,-4.6131549677626635,-5.248953795660327,-16.528343731265977,9.411402549748486,25.875445190639088,-0.0011084643633267888,6820.106494129047,6195.041267639251,3.7252879647520643,-8.077794225813987,6818.623407638723,6195.275656628812,3.7154379822155525,-8.02477252562055,100022,2014-01-03,2015-12-25,0.0
2015-08-07,55913313804.479996,117366000000.0,-0.0030009562957898804,173767791314.5098,173767791314.50986,173767791314.50986,173767791314.50986,-4.625991363938343,-5.263134893618371,-16.542983406210077,9.399242379397087,25.880985712203927,0.005540521564839196,6820.106494129047,6195.041267639251,3.7252879647520643,-8.077794225813987,6818.623407638723,6195.275656628812,3.7154379822155525,-8.02477252562055,100022,2014-01-03,2015-12-25,0.0
2015-08-14,51861886135.4,117366000000.0,-0.0029242938774928363,169696937480.40573,169696937480.4052,169696937480.4052,169696937480.4052,-4.615595919899246,-5.251650453977618,-16.531127591649874,9.409090187643555,25.85727996235554,-0.023705749848385693,6820.106494129047,6195.041267639251,3.7252879647520643,-8.077794225813987,6818.623407638723,6195.275656628812,3.7154379822155525,-8.02477252562055,100022,2014-01-03,2015-12-25,0.0
2015-08-21,48237875055.479996,117366000000.0,-0.0028004841279139713,166046100963.79413,166046100963.793,166046100963.793,166046100963.793,-4.59880780420277,-5.2331036751356805,-16.51198106700167,9.424993902443298,25.83553130339618,-0.021748658959360512,6820.106494129047,6195.041267639251,3.7252879647520643,-8.077794225813987,6818.623407638723,6195.275656628812,3.7154379822155525,-8.02477252562055,100022,2014-01-03,2015-12-25,0.0
2015-08-28,49929481556.24,117366000000.0,-0.002702635304728821,167716499153.12552,167716499153.12607,167716499153.12607,167716499153.12607,-4.585540341508513,-5.218446368742207,-16.49684979325243,9.437562435636577,25.84554088586827,0.010009582472090273,6820.106494129047,6195.041267639251,3.7252879647520643,-8.077794225813987,6818.623407638723,6195.275656628812,3.7154379822155525,-8.02477252562055,100022,2014-01-03,2015-12-25,0.0
2015-09-04,48352254142.71999,117366000000.0,-0.0028864087493261094,166161260091.0853,166161260091.08426,166161260091.08426,166161260091.08426,-4.610458777293303,-5.245975161367824,-16.525268776795563,9.413956704255273,25.836224600086165,-0.009316285782105638,6820.106494129047,6195.041267639251,3.7252879647520643,-8.077794225813987,6818.623407638723,6195.275656628812,3.7154379822155525,-8.02477252562055,100022,2014-01-03,2015-12-25,0.0
2015-09-11,51488649113.88,117366000000.0,-0.002765140417905242,169273205105.37485,169273205105.37427,169273205105.37427,169273205105.37427,-4.59401545354277,-5.227809297081876,-16.50651548630276,9.429533791945373,25.854779844837736,0.01855524475157111,6820.106494129047,6195.041267639251,3.7252879647520643,-8.077794225813987,6818.623407638723,6195.275656628812,3.7154379822155525,-8.02477252562055,100022,2014-01-03,2015-12-25,0.0
2015-09-18,51597008249.159996,117366000000.0,-0.0028794374500842102,169392437106.06815,169392437106.06766,169392437106.06766,169392437106.06766,-4.609513490516011,-5.244930849607954,-16.524190695138987,9.414852193120035,25.85548397298514,0.0007041281474045036,6820.106494129047,6195.041267639251,3.7252879647520643,-8.077794225813987,6818.623407638723,6195.275656628812,3.7154379822155525,-8.02477252562055,100022,2014-01-03,2015-12-25,0.0
2015-09-25,47491401012.44,117366000000.0,-0.0028835143513214535,165280470234.10934,165280470234.1093,165280470234.1093,165280470234.1093,-4.610066305562177,-5.245541575647621,-16.5248211702155,9.414328500489777,25.83090968738938,-0.02457428559576158,6820.106494129047,6195.041267639251,3.7252879647520643,-8.077794225813987,6818.623407638723,6195.275656628812,3.7154379822155525,-8.02477252562055,100022,2014-01-03,2015-12-25,0.0
2015-10-02,47082044279.159996,117366000000.0,-0.002914101498148973,164869028143.10715,164869028143.10666,164869028143.10666,164869028143.10666,-4.614213849090823,-5.250123601909763,-16.5295513656215,9.410399450569233,25.82841722681605,-0.0024924605733289695,6820.106494129047,6195.041267639251,3.7252879647520643,-8.077794225813987,6818.623407638723,6195.275656628812,3.7154379822155525,-8.02477252562055,100022,2014-01-03,2015-12-25,0.0
2015-10-09,52855178208.799995,117366000000.0,-0.0028248906442560704,170623410684.9381,170623410684.93896,170623410684.93896,170623410684.93896,-4.60211718123278,-5.236759729765254,-16.515755346653258,9.421858863668334,25.86272468817523,0.03430746135918028,6820.106494129047,6195.041267639251,3.7252879647520643,-8.077794225813987,6818.623407638723,6195.275656628812,3.7154379822155525,-8.02477252562055,100022,2014-01-03,2015-12-25,0.0
2015-10-16,52217063301.03999,117366000000.0,-0.002991415426572077,170002278285.18753,170002278285.18756,170002278285.18756,170002278285.18756,-4.624697606181796,-5.2617056054236855,-16.541507898655755,9.400467981439219,25.859077675584444,-0.0036470125907861473,6820.106494129047,6195.041267639251,3.7252879647520643,-8.077794225813987,6818.623407638723,6195.275656628812,3.7154379822155525,-8.02477252562055,100022,2014-01-03,2015-12-25,0.0
2015-10-23,56160131834.840004,117366000000.0,-0.003258473276524514,173975575236.88266,173975575236.88208,173975575236.88208,173975575236.88208,-4.660912533114343,-5.3017143332454,-16.58281041721698,9.36616088118349,25.882180754106013,0.023103078521568676,6820.106494129047,6195.041267639251,3.7252879647520643,-8.077794225813987,6818.623407638723,6195.275656628812,3.7154379822155525,-8.02477252562055,100022,2014-01-03,2015-12-25,0.0
2015-10-30,56202271498.56,117366000000.0,-0.0032980895325971015,174015724504.80417,174015724504.80356,174015724504.80356,174015724504.80356,-4.666285030682468,-5.307649647254493,-16.588937668432028,9.361071411951665,25.882411502795016,0.00023074868900252454,6820.106494129047,6195.041267639251,3.7252879647520643,-8.077794225813987,6818.623407638723,6195.275656628812,3.7154379822155525,-8.02477252562055,100022,2014-01-03,2015-12-25,0.0
2015-11-06,57809598671.88,117366000000.0,-0.003263758493655935,175611006769.43744,175611006769.4372,175611006769.4372,175611006769.4372,-4.661629275904246,-5.3025061610860575,-16.58362785128211,9.365481897070097,25.89153719710241,0.009125694307392962,6820.106494129047,6195.041267639251,3.7252879647520643,-8.077794225813987,6818.623407638723,6195.275656628812,3.7154379822155525,-8.02477252562055,100022,2014-01-03,2015-12-25,0.0
2015-11-13,56912625829.840004,117366000000.0,-0.0036960776742885047,174763453151.80682,174763453151.8075,174763453151.8075,174763453151.8075,-4.720261221045642,-5.367280386381026,-16.65049679577469,9.30993876144776,25.886699200229074,-0.004837996873334305,6820.106494129047,6195.041267639251,3.7252879647520643,-8.077794225813987,6818.623407638723,6195.275656628812,3.7154379822155525,-8.02477252562055,100022,2014-01-03,2015-12-25,0.0
2015-11-20,59699863587.32,117366000000.0,-0.0037500744134523335,177549301768.84314,177549301768.84216,177549301768.84216,177549301768.84216,-4.727584910022739,-5.3753713148757925,-16.65884938089416,9.303000897589849,25.902514163738882,0.01581496350980771,6820.106494129047,6195.041267639251,3.7252879647520643,-8.077794225813987,6818.623407638723,6195.275656628812,3.7154379822155525,-8.02477252562055,100022,2014-01-03,2015-12-25,0.0
2015-11-27,61102512394.0,117366000000.0,-0.004022029296182588,178977972696.9399,178977972696.9406,178977972696.9406,178977972696.9406,-4.764472564696444,-5.413416279933244,-16.70091939256672,9.268056562309361,25.910528577655974,0.0080144139170919,6820.106494129047,6195.041267639251,3.7252879647520643,-8.077794225813987,6818.623407638723,6195.275656628812,3.7154379822155525,-8.02477252562055,100022,2014-01-03,2015-12-25,0.0
2015-12-04,59097868391.32,117366000000.0,-0.003145713841542994,176855013738.7057,176855013738.70685,176855013738.70685,176855013738.70685,-4.645621195168527,-5.28482109961169,-16.565370891142084,9.380646658950539,25.898596102429046,-0.011932475226927863,6820.106494129047,6195.041267639251,3.7252879647520643,-8.077794225813987,6818.623407638723,6195.275656628812,3.7154379822155525,-8.02477252562055,100022,2014-01-03,2015-12-25,0.0
2015-12-11,56653767895.56,117366000000.0,-0.003569725131760979,174455645053.65042,174455645053.65063,174455645053.65063,174455645053.65063,-4.703124241876106,-5.34834812302006,-16.63095227749841,9.326172936621337,25.884936363205266,-0.01365973922377961,6820.106494129047,6195.041267639251,3.7252879647520643,-8.077794225813987,6818.623407638723,6195.275656628812,3.7154379822155525,-8.02477252562055,100022,2014-01-03,2015-12-25,0.0
2015-12-18,58218955405.159996,117366000000.0,-0.0038079263706040224,176041352137.1382,176041352137.1377,176041352137.1377,176041352137.1377,-4.7354316254630335,-5.384040065295721,-16.667798475867492,9.295567562072533,25.89398475971153,0.009048396506262435,6820.106494129047,6195.041267639251,3.7252879647520643,-8.077794225813987,6818.623407638723,6195.275656628812,3.7154379822155525,-8.02477252562055,100022,2014-01-03,2015-12-25,0.0
2015-12-25,59326626565.799995,117366000000.0,-0.0038224843274157205,177142112602.64893,177142112602.64948,177142112602.64948,177142112602.64948,-4.737406207229151,-5.386221507943446,-16.670050465894292,9.293697005170138,25.90021814343179,0.006233383720260832,6820.106494129047,6195.041267639251,3.7252879647520643,-8.077794225813987,6818.623407638723,6195.275656628812,3.7154379822155525,-8.02477252562055,100022,2014-01-03,2015-12-25,0.0
2014-04-04,56497249144.6,102725000000.0,0.0012174990697765287,185312377117.85217,185312377117.85327,185312377117.85327,185312377117.85327,2.5407005063763433,3.2624012252939156,-10.003377008939799,13.929587968565812,25.94530876303053,,183.49850585070462,-14.154640773362296,1.49466349983555,0.09211341050005618,152.53046729388325,-14.074638593536818,1.1587325066598373,0.08981515263346178,100022,2014-04-04,2016-03-25,1.0
2014-04-11,54305986631.159996,102725000000.0,0.0010920891506333507,183147532872.20264,183147532872.20197,183147532872.20197,183147532872.20197,2.5252662749096997,3.2471722084069325,-10.015368158210428,13.909892108511931,25.933557855549257,-0.01175090748127161,183.49850585070462,-14.154640773362296,1.49466349983555,0.09211341050005618,152.53046729388325,-14.074638593536818,1.1587325066598373,0.08981515263346178,100022,2014-04-04,2016-03-25,1.0
2014-04-18,55455797455.520004,102725000000.0,0.0009723391601175702,184363176597.56296,184363176597.5636,184363176597.5636,184363176597.5636,2.5105289978806735,3.232631279610729,-10.026817998443361,13.891085293267038,25.940173435055808,0.006615579506551228,183.49850585070462,-14.154640773362296,1.49466349983555,0.09211341050005618,152.53046729388325,-14.074638593536818,1.1587325066598373,0.08981515263346178,100022,2014-04-04,2016-03-25,1.0
2014-04-25,53914689753.76,102725000000.0,0.001184705562471653,182728434926.4512,182728434926.45074,182728434926.45074,182728434926.45074,2.5366645610213285,3.2584189007355278,-10.006512594606379,13.924437672852138,25.931266925474944,-0.008906509580864252,183.49850585070462,-14.154640773362296,1.49466349983555,0.09211341050005618,152.53046729388325,-14.074638593536818,1.1587325066598373,0.08981515263346178,100022,2014-04-04,2016-03-25,1.0
2014-05-02,53595632299.88,102725000000.0,0.0009240548547331073,182508308156.5836,182508308156.58282,182508308156.58282,182508308156.58282,2.5045868979395256,3.226768458407518,-10.031434643762683,13.883502250869046,25.930061533078423,-0.0012053923965211766,183.49850585070462,-14.154640773362296,1.49466349983555,0.09211341050005618,152.53046729388325,-14.074638593536818,1.1587325066598373,0.08981515263346178,100022,2014-04-04,2016-03-25,1.0
2014-05-09,53047816671.520004,102725000000.0,0.0007824827679862367,182010943285.54156,182010943285.54272,182010943285.54272,182010943285.54272,2.4871647065938336,3.2095790788116654,-10.044970766817817,13.861268510075677,25.927332650158135,-0.00272888292028739,183.49850585070462,-14.154640773362296,1.49466349983555,0.09211341050005618,152.53046729388325,-14.074638593536818,1.1587325066598373,0.08981515263346178,100022,2014-04-04,2016-03-25,1.0
2014-05-16,52030444790.28001,102725000000.0,0.0005954409775943014,181052842717.5103,181052842717.51126,181052842717.51126,181052842717.51126,2.464147717484046,3.1868705046105594,-10.062854106362073,13.831894108734224,25.922054774319037,-0.005277875839098556,183.49850585070462,-14.154640773362296,1.49466349983555,0.09211341050005618,152.53046729388325,-14.074638593536818,1.1587325066598373,0.08981515263346178,100022,2014-04-04,2016-03-25,1.0
2014-05-23,54107328216.479996,102725000000.0,0.0004306259369306353,183223714406.70065,183223714406.69952,183223714406.69952,183223714406.69952,2.443866673457762,3.166862008962527,-10.078612053738489,13.806010650617846,25.93397372626052,0.011918951941481737,183.49850585070462,-14.154640773362296,1.49466349983555,0.09211341050005618,152.53046729388325,-14.074638593536818,1.1587325066598373,0.08981515263346178,100022,2014-04-04,2016-03-25,1.0
2014-05-30,55437737599.64,102725000000.0,0.00030940122363873443,184617872369.1699,184617872369.1694,184617872369.1694,184617872369.1694,2.4289500241436834,3.152146293245095,-10.090202179230781,13.78697303403195,25.941553971063122,0.007580244802603886,183.49850585070462,-14.154640773362296,1.49466349983555,0.09211341050005618,152.53046729388325,-14.074638593536818,1.1587325066598373,0.08981515263346178,100022,2014-04-04,2016-03-25,1.0
2014-06-06,55913313804.479996,102725000000.0,0.00019365440072094398,185143878817.99222,185143878817.99243,185143878817.99243,185143878817.99243,2.4147077901938294,3.138096284353729,-10.101268448101614,13.771040267770392,25.94439908309515,0.002845112032026975,183.49850585070462,-14.154640773362296,1.49466349983555,0.09211341050005618,152.53046729388325,-14.074638593536818,1.1587325066598373,0.08981515263346178,100022,2014-04-04,2016-03-25,1.0
2014-06-13,54637083988.96001,102725000000.0,-0.00020942098232975325,184001792971.0937,184001792971.09338,184001792971.09338,184001792971.09338,2.365113577383379,3.08917430819357,-10.139804553396809,13.73083943917649,25.938211338916037,-0.0061877441791118315,183.49850585070462,-14.154640773362296,1.49466349983555,0.09211341050005618,152.53046729388325,-14.074638593536818,1.1587325066598373,0.08981515263346178,100022,2014-04-04,2016-03-25,1.0
2014-06-20,55720675341.76,102725000000.0,-6.618845464369861e-05,185048327663.56012,185048327663.55917,185048327663.55917,185048327663.55917,2.382736348053068,3.106557695238421,-10.126110945386777,13.745124427197469,25.943882858523793,0.005671519607755471,183.49850585070462,-14.154640773362296,1.49466349983555,0.09211341050005618,152.53046729388325,-14.074638593536818,1.1587325066598373,0.08981515263346178,100022,2014-04-04,2016-03-25,1.0
2014-06-27,55600276302.56,102725000000.0,-0.00012624488700352376,184950549137.58014,184950549137.5808,184950549137.5808,184950549137.5808,2.3753471727457454,3.0992688240632225,-10.131852605303074,13.739134781683864,25.943354324334177,-0.000528534189616181,183.49850585070462,-14.154640773362296,1.49466349983555,0.09211341050005618,152.53046729388325,-14.074638593536818,1.1587325066598373,0.08981515263346178,100022,2014-04-04,2016-03-25,1.0
2014-07-04,57279842899.4,102725000000.0,-0.00018149751769413135,186667216468.28848,186667216468.2875,186667216468.2875,186667216468.2875,2.368549128529528,3.0925631473166924,-10.137134971915195,13.733624295919558,25.952593277368983,0.009238953034806485,183.49850585070462,-14.154640773362296,1.49466349983555,0.09211341050005618,152.53046729388325,-14.074638593536818,1.1587325066598373,0.08981515263346178,100022,2014-04-04,2016-03-25,1.0
2014-07-11,55425697695.71999,102725000000.0,-0.00023097593189612685,184815604594.34427,184815604594.34518,184815604594.34518,184815604594.34518,2.362461587882602,3.086558391571071,-10.141865277626092,13.728689735677142,25.94262443303469,-0.009968844334292015,183.49850585070462,-14.154640773362296,1.49466349983555,0.09211341050005618,152.53046729388325,-14.074638593536818,1.1587325066598373,0.08981515263346178,100022,2014-04-04,2016-03-25,1.0
2014-07-18,56352770297.56,102725000000.0,-0.00015002170554340166,185725196018.2085,185725196018.2072,185725196018.2072,185725196018.2072,2.37242176607886,3.0963831556525507,-10.134125765095181,13.736763451977861,25.947533977405488,0.004909544370796937,183.49850585070462,-14.154640773362296,1.49466349983555,0.09211341050005618,152.53046729388325,-14.074638593536818,1.1587325066598373,0.08981515263346178,100022,2014-04-04,2016-03-25,1.0
2014-07-25,56768146982.799995,102725000000.0,-0.0002569906890467366,186182996896.81247,186182996896.8123,186182996896.8123,186182996896.8123,2.3592609073502797,3.0834012643528066,-10.1443523685897,13.726095261209514,25.949995881276138,0.0024619038706497065,183.49850585070462,-14.154640773362296,1.49466349983555,0.09211341050005618,152.53046729388325,-14.074638593536818,1.1587325066598373,0.08981515263346178,100022,2014-04-04,2016-03-25,1.0
2014-08-01,52752839025.479996,102725000000.0,-0.00026581342468347426,182132915972.27875,182132915972.2776,182132915972.2776,182132915972.2776,2.3581754214669433,3.0823305534679797,-10.145195847925205,13.725215364933618,25.928002565018407,-0.021993316257731266,183.49850585070462,-14.154640773362296,1.49466349983555,0.09211341050005618,152.53046729388325,-14.074638593536818,1.1587325066598373,0.08981515263346178,100022,2014-04-04,2016-03-25,1.0
2014-08-08,52006364982.44,102725000000.0,-0.0002710997517292601,181381762698.2892,181381762698.28992,181381762698.28992,181381762698.28992,2.3575250308342435,3.0816890165987276,-10.145701235918724,13.724688157325032,25.923869833180216,-0.0041327318381902955,183.49850585070462,-14.154640773362296,1.49466349983555,0.09211341050005618,152.53046729388325,-14.074638593536818,1.1587325066598373,0.08981515263346178,100022,2014-04-04,2016-03-25,1.0
2014-08-15,51916065703.03999,102725000000.0,-0.0002666909149261487,181291476729.26022,181291476729.26108,181291476729.26108,181291476729.26108,2.3580674614974333,3.082224063103567,-10.145279738520946,13.725127852428482,25.923371941628933,-0.0004978915512836579,183.49850585070462,-14.154640773362296,1.49466349983555,0.09211341050005618,152.53046729388325,-14.074638593536818,1.1587325066598373,0.08981515263346178,100022,2014-04-04,2016-03-25,1.0
2014-08-22,53613692155.76,102725000000.0,-0.0003000152210712015,183021673122.8965,183021673122.8961,183021673122.8961,183021673122.8961,2.3539674982502885,3.0781799262992724,-10.148465633082177,13.721804414672304,25.932870415140826,0.00949847351189348,183.49850585070462,-14.154640773362296,1.49466349983555,0.09211341050005618,152.53046729388325,-14.074638593536818,1.1587325066598373,0.08981515263346178,100022,2014-04-04,2016-03-25,1.0
2014-08-29,53336774365.6,102725000000.0,-0.0005535894785573525,182828211957.58832,182828211957.58917,182828211957.58917,182828211957.58917,2.3227706660074037,3.0487497886231463,-10.172707695991908,13.696516096041284,25.931812816430377,-0.0010575987104495255,183.49850585070462,-14.154640773362296,1.49466349983555,0.09211341050005618,152.53046729388325,-14.074638593536818,1.1587325066598373,0.08981515263346178,100022,2014-04-04,2016-03-25,1.0
2014-09-05,55413657791.799995,102725000000.0,-0.0009985114507866256,185072444777.0367,185072444777.03595,185072444777.03595,185072444777.03595,2.268036790282035,3.000308900132226,-10.21524147337921,13.652148057419407,25.944013178761438,0.012200362331061143,183.49850585070462,-14.154640773362296,1.49466349983555,0.09211341050005618,152.53046729388325,-14.074638593536818,1.1587325066598373,0.08981515263346178,100022,2014-04-04,2016-03-25,1.0
2014-09-12,53836430378.28001,102725000000.0,-0.0008644968736981573,183437375501.252,183437375501.25266,183437375501.25266,183437375501.25266,2.284522576931043,3.014898859171086,-10.20243009776388,13.665511727436323,25.935139168270144,-0.00887401049129366,183.49850585070462,-14.154640773362296,1.49466349983555,0.09211341050005618,152.53046729388325,-14.074638593536818,1.1587325066598373,0.08981515263346178,100022,2014-04-04,2016-03-25,1.0
2014-09-19,53571552492.03999,102725000000.0,-0.0009151518061543284,183186996421.08795,183186996421.0885,183186996421.0885,183186996421.0885,2.278291209996071,3.0093840459381243,-10.207272570399676,13.660460477639868,25.933773306432993,-0.0013658618371508169,183.49850585070462,-14.154640773362296,1.49466349983555,0.09211341050005618,152.53046729388325,-14.074638593536818,1.1587325066598373,0.08981515263346178,100022,2014-04-04,2016-03-25,1.0
2014-09-26,51554868585.44,102725000000.0,-0.0009479075010087468,181160615568.07028,181160615568.07022,181160615568.07022,181160615568.07022,2.2742617722548877,3.0058179842976793,-10.210403912665242,13.657194144191505,25.922649853553526,-0.01112345287946681,183.49850585070462,-14.154640773362296,1.49466349983555,0.09211341050005618,152.53046729388325,-14.074638593536818,1.1587325066598373,0.08981515263346178,100022,2014-04-04,2016-03-25,1.0
2014-10-03,50988993101.200005,102725000000.0,-0.000828643689372841,180550901151.77594,180550901151.777,180550901151.777,180550901151.777,2.288933133691082,3.01880226854142,-10.199002617654756,13.66908699351078,25.919278575805453,-0.0033712777480729983,183.49850585070462,-14.154640773362296,1.49466349983555,0.09211341050005618,152.53046729388325,-14.074638593536818,1.1587325066598373,0.08981515263346178,100022,2014-04-04,2016-03-25,1.0
2014-10-10,47876677937.88,102725000000.0,-0.0008556882255797649,177406808005.45517,177406808005.4557,177406808005.4557,177406808005.4557,2.2856061885736683,3.0158578696370153,-10.201588012793772,13.666390120287412,25.90171128266645,-0.017567293139002516,183.49850585070462,-14.154640773362296,1.49466349983555,0.09211341050005618,152.53046729388325,-14.074638593536818,1.1587325066598373,0.08981515263346178,100022,2014-04-04,2016-03-25,1.0
2014-10-17,48502752941.71999,102725000000.0,-0.0007103674000181104,177998252913.6642,177998252913.66495,177998252913.66495,177998252913.66495,2.3034833907533208,3.031679634923086,-10.187695600241682,13.680881631279203,25.90503957209856,0.003328289432108278,183.49850585070462,-14.154640773362296,1.49466349983555,0.09211341050005618,152.53046729388325,-14.074638593536818,1.1587325066598373,0.08981515263346178,100022,2014-04-04,2016-03-25,1.0
2014-10-24,49538184678.840004,102725000000.0,-0.000726557193000541,179054425093.75052,179054425093.7514,179054425093.7514,179054425093.7514,2.301491712878307,3.029916931451054,-10.189243325101682,13.679267152388153,25.91095564737617,0.005916075277610844,183.49850585070462,-14.154640773362296,1.49466349983555,0.09211341050005618,152.53046729388325,-14.074638593536818,1.1587325066598373,0.08981515263346178,100022,2014-04-04,2016-03-25,1.0
2014-10-31,51362230122.71999,102725000000.0,-0.0008147725709067233,180927919786.84613,180927919786.84674,180927919786.84674,180927919786.84674,2.290639528480391,3.0203124601086264,-10.197676568234785,13.670470222691955,25.921364555674486,0.010408908298316533,183.49850585070462,-14.154640773362296,1.49466349983555,0.09211341050005618,152.53046729388325,-14.074638593536818,1.1587325066598373,0.08981515263346178,100022,2014-04-04,2016-03-25,1.0
2014-11-07,50164259682.68,102725000000.0,-0.0008388353061636144,179725462060.17715,179725462060.17587,179725462060.17587,179725462060.17587,2.287679386473853,3.017692680885858,-10.199976913434131,13.668070686863526,25.914696312741828,-0.00666824293265833,183.49850585070462,-14.154640773362296,1.49466349983555,0.09211341050005618,152.53046729388325,-14.074638593536818,1.1587325066598373,0.08981515263346178,100022,2014-04-04,2016-03-25,1.0
2014-11-14,50001720979.76,102725000000.0,-0.0007905419066487274,179547439979.16156,179547439979.16052,179547439979.16052,179547439979.16052,2.2936203444114622,3.022950546980593,-10.195360164105354,13.672886515353063,25.913705299533902,-0.0009910132079262723,183.49850585070462,-14.154640773362296,1.49466349983555,0.09211341050005618,152.53046729388325,-14.074638593536818,1.1587325066598373,0.08981515263346178,100022,2014-04-04,2016-03-25,1.0
2014-11-21,53071896479.36,102725000000.0,-0.0006802536365304391,182614262436.5367,182614262436.53613,182614262436.53613,182614262436.53613,2.3071880223579457,3.034958374327025,-10.184816754151104,13.683884649699937,25.93064190959558,0.016936610061677015,183.49850585070462,-14.154640773362296,1.49466349983555,0.09211341050005618,152.53046729388325,-14.074638593536818,1.1587325066598373,0.08981515263346178,100022,2014-04-04,2016-03-25,1.0
2014-11-28,55353458272.200005,102725000000.0,-0.0006331650785279575,184898161312.9689,184898161312.9696,184898161312.9696,184898161312.9696,2.3129809623760904,3.040085379523008,-10.180315118045526,13.688580470280357,25.943071031065976,0.01242912147039732,183.49850585070462,-14.154640773362296,1.49466349983555,0.09211341050005618,152.53046729388325,-14.074638593536818,1.1587325066598373,0.08981515263346178,100022,2014-04-04,2016-03-25,1.0
2014-12-05,55594256350.6,102725000000.0,-0.0005971037003509272,185129956412.23444,185129956412.23486,185129956412.23486,185129956412.23486,2.3174173541213463,3.0440118079620877,-10.17686765977173,13.69217665347679,25.944323882503376,0.0012528514373997268,183.49850585070462,-14.154640773362296,1.49466349983555,0.09211341050005618,152.53046729388325,-14.074638593536818,1.1587325066598373,0.08981515263346178,100022,2014-04-04,2016-03-25,1.0
2014-12-12,52963537344.08,102725000000.0,-0.0006205328303227952,182489359661.265,182489359661.2639,182489359661.2639,182489359661.2639,2.314535019977787,3.0414607954358868,-10.179107479772746,13.689840205246854,25.929957705043307,-0.01436617746006874,183.49850585070462,-14.154640773362296,1.49466349983555,0.09211341050005618,152.53046729388325,-14.074638593536818,1.1587325066598373,0.08981515263346178,100022,2014-04-04,2016-03-25,1.0
2014-12-19,54143447928.24,102725000000.0,-0.0007444405112366903,183714365086.9525,183714365086.9513,183714365086.9513,183714365086.9513,2.299291704689587,3.0279698541284503,-10.190952946202325,13.677483797433197,25.936648024732627,0.006690319689319324,183.49850585070462,-14.154640773362296,1.49466349983555,0.09211341050005618,152.53046729388325,-14.074638593536818,1.1587325066598373,0.08981515263346178,100022,2014-04-04,2016-03-25,1.0
2014-12-26,54679223652.68,102725000000.0,-0.0007939924924829911,184267944190.74213,184267944190.74176,184267944190.74176,184267944190.74176,2.2931958581322207,3.0225748667345034,-10.1956900336885,13.672542420721573,25.9396567537255,0.00300872899287441,183.49850585070462,-14.154640773362296,1.49466349983555,0.09211341050005618,152.53046729388325,-14.074638593536818,1.1587325066598373,0.08981515263346178,100022,2014-04-04,2016-03-25,1.0
2015-01-02,52981597199.96001,102725000000.0,-0.0008897279313009143,182587123911.14606,182587123911.14517,182587123911.14517,182587123911.14517,2.2814187446601197,3.012151935013595,-10.204842120578348,13.662995710282651,25.930493287347932,-0.009163466377568596,183.49850585070462,-14.154640773362296,1.49466349983555,0.09211341050005618,152.53046729388325,-14.074638593536818,1.1587325066598373,0.08981515263346178,100022,2014-04-04,2016-03-25,1.0
2015-01-09,53071896479.36,102725000000.0,-0.0010103659306464373,182712422268.15677,182712422268.15768,182712422268.15768,182712422268.15768,2.2665785361232045,2.999018357904026,-10.216374716871712,13.650965968216292,25.931179290729194,0.0006860033812614574,183.49850585070462,-14.154640773362296,1.49466349983555,0.09211341050005618,152.53046729388325,-14.074638593536818,1.1587325066598373,0.08981515263346178,100022,2014-04-04,2016-03-25,1.0
2015-01-16,56340730393.64,102725000000.0,-0.0012027075172804747,186053115910.78113,186053115910.7806,186053115910.7806,186053115910.7806,2.2429185642620504,2.9780798537225275,-10.23476166844474,13.631786675173709,25.949298039305226,0.018118748576032573,183.49850585070462,-14.154640773362296,1.49466349983555,0.09211341050005618,152.53046729388325,-14.074638593536818,1.1587325066598373,0.08981515263346178,100022,2014-04-04,2016-03-25,1.0
2015-01-23,61885106148.799995,102725000000.0,-0.0018699821637219061,191802071388.4219,191802071388.4219,191802071388.4219,191802071388.4219,2.160844728979654,2.9054518276620316,-10.298547392160765,13.565254950944595,25.979729799068515,0.030431759763288824,183.49850585070462,-14.154640773362296,1.49466349983555,0.09211341050005618,152.53046729388325,-14.074638593536818,1.1587325066598373,0.08981515263346178,100022,2014-04-04,2016-03-25,1.0
2015-01-30,62246303266.4,102725000000.0,-0.0018365672540792072,192150934130.92953,192150934130.92892,192150934130.92892,192150934130.92892,2.164954429050888,2.9090883483316015,-10.295353309840259,13.56858643992402,25.98154701541268,0.0018172163441647626,183.49850585070462,-14.154640773362296,1.49466349983555,0.09211341050005618,152.53046729388325,-14.074638593536818,1.1587325066598373,0.08981515263346178,100022,2014-04-04,2016-03-25,1.0
2015-02-06,64323186692.6,102725000000.0,-0.0020336007627560996,194282520612.70358,194282520612.7042,194282520612.7042,194282520612.7042,2.1407217130948144,2.8876460207574093,-10.314187308365437,13.548942371716898,25.992579228463242,0.011032213050562234,183.49850585070462,-14.154640773362296,1.49466349983555,0.09211341050005618,152.53046729388325,-14.074638593536818,1.1587325066598373,0.08981515263346178,100022,2014-04-04,2016-03-25,1.0
2015-02-13,64895082128.799995,102725000000.0,-0.0019239942691234469,194820751347.91592,194820751347.91666,194820751347.91666,194820751347.91666,2.154201843617217,2.89957382967801,-10.303710308864636,13.559869952375212,25.995345748907987,0.002766520444744458,183.49850585070462,-14.154640773362296,1.49466349983555,0.09211341050005618,152.53046729388325,-14.074638593536818,1.1587325066598373,0.08981515263346178,100022,2014-04-04,2016-03-25,1.0
2015-02-20,66881666275.6,102725000000.0,-0.0020314025243390234,196834861426.62497,196834861426.62482,196834861426.62482,196834861426.62482,2.140992063769275,2.887885236649417,-10.313977185547243,13.549161530104318,26.00563094727233,0.010285198364343273,183.49850585070462,-14.154640773362296,1.49466349983555,0.09211341050005618,152.53046729388325,-14.074638593536818,1.1587325066598373,0.08981515263346178,100022,2014-04-04,2016-03-25,1.0
2015-02-27,68025457148.0,102725000000.0,-0.0024664515505081032,198092587762.8377,198092587762.8382,198092587762.8382,198092587762.8382,2.0874900565598713,2.8441530469263014,-10.355561322301458,13.505790113854392,26.01200037330697,0.006369426034641634,183.49850585070462,-14.154640773362296,1.49466349983555,0.09211341050005618,152.53046729388325,-14.074638593536818,1.1587325066598373,0.08981515263346178,100022,2014-04-04,2016-03-25,1.0
2015-03-06,69410046098.8,102725000000.0,-0.0022610116689517935,199417600962.04907,199417600962.05008,199417600962.05008,199417600962.05008,2.1127542590624446,2.8633448826544976,-10.335924577110026,13.5262706186258,26.018666960197724,0.006666586890752058,183.49850585070462,-14.154640773362296,1.49466349983555,0.09211341050005618,152.53046729388325,-14.074638593536818,1.1587325066598373,0.08981515263346178,100022,2014-04-04,2016-03-25,1.0
2015-03-13,72209323760.2,102725000000.0,-0.0024755877278853167,202270106768.49173,202270106768.49078,202270106768.49078,202270106768.49078,2.086366551507335,2.8432996136485897,-10.356434584855814,13.504879337957448,26.03286980336262,0.014202843164895285,183.49850585070462,-14.154640773362296,1.49466349983555,0.09211341050005618,152.53046729388325,-14.074638593536818,1.1587325066598373,0.08981515263346178,100022,2014-04-04,2016-03-25,1.0
2015-03-20,70282939133.0,117366000000.0,-0.002382728941192464,200312334684.7638,200312334684.76306,200312334684.76306,200312334684.76306,2.097785800545289,2.8519739943920337,-10.347558835079138,13.514136406568689,26.023143658774387,-0.009726144588231733,183.49850585070462,-14.154640773362296,1.49466349983555,0.09211341050005618,152.53046729388325,-14.074638593536818,1.1587325066598373,0.08981515263346178,100022,2014-04-04,2016-03-25,1.0
2015-03-27,69891642255.59999,117366000000.0,-0.0025900388100694493,199969020267.3521,199969020267.35315,199969020267.35315,199969020267.35315,2.0722923276758762,2.832477523053356,-10.367374089672838,13.493469964891151,26.02142829283318,-0.0017153659412088018,183.49850585070462,-14.154640773362296,1.49466349983555,0.09211341050005618,152.53046729388325,-14.074638593536818,1.1587325066598373,0.08981515263346178,100022,2014-04-04,2016-03-25,1.0
2015-04-03,69199347780.2,117366000000.0,-0.00254129996086175,199257546568.11664,199257546568.1156,199257546568.1156,199257546568.1156,2.078285774446432,2.8371614006927626,-10.362715529896937,13.49832860152769,26.017864028770845,-0.0035642640623336774,183.49850585070462,-14.154640773362296,1.49466349983555,0.09211341050005618,152.53046729388325,-14.074638593536818,1.1587325066598373,0.08981515263346178,100022,2014-04-04,2016-03-25,1.0
2015-04-10,70644136250.59999,117366000000.0,-0.0027766791350716472,200757103169.35995,200757103169.36108,200757103169.36108,200757103169.36108,2.0493416505427837,2.814132128036471,-10.385213357064998,13.474864743091503,26.02536157230727,0.007497543536423734,183.49850585070462,-14.154640773362296,1.49466349983555,0.09211341050005618,152.53046729388325,-14.074638593536818,1.1587325066598373,0.08981515263346178,100022,2014-04-04,2016-03-25,1.0
2015-04-17,66460269638.4,117366000000.0,-0.0029147858761081904,196598750834.3041,196598750834.30276,196598750834.30276,196598750834.30276,2.03235963618118,2.8005580102242904,-10.398413532074763,13.461098014962083,26.00443069079546,-0.02093088151180922,183.49850585070462,-14.154640773362296,1.49466349983555,0.09211341050005618,152.53046729388325,-14.074638593536818,1.1587325066598373,0.08981515263346178,100022,2014-04-04,2016-03-25,1.0
2015-04-24,66490369398.200005,117366000000.0,-0.0026941512127789825,196566760221.81802,196566760221.81677,196566760221.81677,196566760221.81677,2.0594897778129253,2.8222438776143948,-10.377325295516256,13.483091448634939,26.004267957230805,-0.0001627335646539052,183.49850585070462,-14.154640773362296,1.49466349983555,0.09211341050005618,152.53046729388325,-14.074638593536818,1.1587325066598373,0.08981515263346178,100022,2014-04-04,2016-03-25,1.0
2015-05-01,63871690295.6,117366000000.0,-0.002587917817145178,193913091521.59387,193913091521.59442,193913091521.59442,193913091521.59442,2.07255314615198,2.832686008256476,-10.367171361242628,13.49368139967393,25.990675913788444,-0.013592043442361756,183.49850585070462,-14.154640773362296,1.49466349983555,0.09211341050005618,152.53046729388325,-14.074638593536818,1.1587325066598373,0.08981515263346178,100022,2014-04-04,2016-03-25,1.0
2015-05-08,65918473962.0,117366000000.0,-0.0026562975539913235,195972364562.24173,195972364562.24094,195972364562.24094,195972364562.24094,2.064144552580627,2.8259646293596914,-10.373707202456021,13.486864892644457,26.001239489104474,0.010563575316030693,183.49850585070462,-14.154640773362296,1.49466349983555,0.09211341050005618,152.53046729388325,-14.074638593536818,1.1587325066598373,0.08981515263346178,100022,2014-04-04,2016-03-25,1.0
2015-05-15,61403509992.0,117366000000.0,-0.0023763760604034925,191378839727.4061,191378839727.4053,191378839727.4053,191378839727.4053,2.098567050531217,2.852567464067726,-10.346951602867616,13.514769729621467,25.977520754615366,-0.02371873448910833,183.49850585070462,-14.154640773362296,1.49466349983555,0.09211341050005618,152.53046729388325,-14.074638593536818,1.1587325066598373,0.08981515263346178,100022,2014-04-04,2016-03-25,1.0
2015-05-22,63089096540.799995,117366000000.0,-0.0025450576896501064,193101337026.2889,193101337026.28812,193101337026.28812,193101337026.28812,2.07782368187901,2.8368103963399225,-10.363074702137483,13.497954002669339,25.986480950366687,0.00896019575132101,183.49850585070462,-14.154640773362296,1.49466349983555,0.09211341050005618,152.53046729388325,-14.074638593536818,1.1587325066598373,0.08981515263346178,100022,2014-04-04,2016-03-25,1.0
2015-05-29,60620916237.200005,117366000000.0,-0.0024557794986057803,190603298399.87305,190603298399.8722,190603298399.8722,190603298399.8722,2.0888024359155932,2.84514995576433,-10.354541255406426,13.506854001477233,25.973460133367627,-0.013020816999059548,183.49850585070462,-14.154640773362296,1.49466349983555,0.09211341050005618,152.53046729388325,-14.074638593536818,1.1587325066598373,0.08981515263346178,100022,2014-04-04,2016-03-25,1.0
2015-06-05,59952701569.64,117366000000.0,-0.0024254601275671473,189921508114.0308,189921508114.03018,189921508114.03018,189921508114.03018,2.0925309314196636,2.847982213750017,-10.351643232862493,13.509876525180811,25.969876708561994,-0.0035834248056332285,183.49850585070462,-14.154640773362296,1.49466349983555,0.09211341050005618,152.53046729388325,-14.074638593536818,1.1587325066598373,0.08981515263346178,100022,2014-04-04,2016-03-25,1.0
2015-06-12,60151359984.32,117366000000.0,-0.0023845845925611854,190105424137.67923,190105424137.67847,190105424137.67847,190105424137.67847,2.0975576007198993,2.851800644653249,-10.347736205138778,13.513951415553077,25.97084461910937,0.0009679105473772154,183.49850585070462,-14.154640773362296,1.49466349983555,0.09211341050005618,152.53046729388325,-14.074638593536818,1.1587325066598373,0.08981515263346178,100022,2014-04-04,2016-03-25,1.0
2015-06-19,58839010457.03999,117366000000.0,-0.002422766757622434,188794715447.28665,188794715447.28528,188794715447.28528,188794715447.28528,2.0928621472117457,2.8482338149698085,-10.351385791536616,13.51014502679811,25.96392610005043,-0.006918519058942252,183.49850585070462,-14.154640773362296,1.49466349983555,0.09211341050005618,152.53046729388325,-14.074638593536818,1.1587325066598373,0.08981515263346178,100022,2014-04-04,2016-03-25,1.0
2015-06-26,62306502786.0,117366000000.0,-0.002460915246111546,192269130674.53064,192269130674.52936,192269130674.52936,192269130674.52936,2.0881708747871706,2.8446702092025893,-10.35503214576566,13.5063420229801,25.982161949741798,0.0182358496913686,183.49850585070462,-14.154640773362296,1.49466349983555,0.09211341050005618,152.53046729388325,-14.074638593536818,1.1587325066598373,0.08981515263346178,100022,2014-04-04,2016-03-25,1.0
2015-07-03,59537324884.4,117366000000.0,-0.00271000448128766,189547507905.1852,189547507905.18417,189547507905.18417,189547507905.18417,2.057540350573474,2.8206856261662807,-10.378840563943571,13.481511122836759,25.96790553139518,-0.01425641834661917,183.49850585070462,-14.154640773362296,1.49466349983555,0.09211341050005618,152.53046729388325,-14.074638593536818,1.1587325066598373,0.08981515263346178,100022,2014-04-04,2016-03-25,1.0
2015-07-10,57309942659.200005,117366000000.0,-0.0028624652795235773,187344875788.42194,187344875788.42227,187344875788.42227,187344875788.42227,2.038793070390651,2.8057003747137,-10.393412775401366,13.46631338315033,25.95621701080284,-0.011688520592340268,183.49850585070462,-14.154640773362296,1.49466349983555,0.09211341050005618,152.53046729388325,-14.074638593536818,1.1587325066598373,0.08981515263346178,100022,2014-04-04,2016-03-25,1.0
2015-07-17,57538700833.68,117366000000.0,-0.002900279842478238,187575744451.69345,187575744451.69324,187575744451.69324,187575744451.69324,2.034143316525588,2.801983735839814,-10.397027060619727,13.462543985322373,25.95744857119183,0.001231560388990971,183.49850585070462,-14.154640773362296,1.49466349983555,0.09211341050005618,152.53046729388325,-14.074638593536818,1.1587325066598373,0.08981515263346178,100022,2014-04-04,2016-03-25,1.0
2015-07-24,55166839761.44,117366000000.0,-0.0027894960759879918,185169456568.0366,185169456568.0354,185169456568.0354,185169456568.0354,2.0477656194966736,2.812872359635749,-10.38643840134882,13.473587112043196,25.944537224218568,-0.012911346973261573,183.49850585070462,-14.154640773362296,1.49466349983555,0.09211341050005618,152.53046729388325,-14.074638593536818,1.1587325066598373,0.08981515263346178,100022,2014-04-04,2016-03-25,1.0
2015-07-31,54962161394.799995,117366000000.0,-0.0029062925276816167,184983288214.732,184983288214.731,184983288214.731,184983288214.731,2.0334039884059742,2.8013927781478287,-10.397601746987606,13.461944636672262,25.94353132396995,-0.001005900248618019,183.49850585070462,-14.154640773362296,1.49466349983555,0.09211341050005618,152.53046729388325,-14.074638593536818,1.1587325066598373,0.08981515263346178,100022,2014-04-04,2016-03-25,1.0
2015-08-07,55913313804.479996,117366000000.0,-0.0030009562957898804,185949526272.70554,185949526272.70657,185949526272.70657,185949526272.70657,2.021764130714203,2.7920889003459752,-10.406649570713997,13.452508577487729,25.94874110970847,0.005209785738522044,183.49850585070462,-14.154640773362296,1.49466349983555,0.09211341050005618,152.53046729388325,-14.074638593536818,1.1587325066598373,0.08981515263346178,100022,2014-04-04,2016-03-25,1.0
2015-08-14,51861886135.4,117366000000.0,-0.0029242938774928363,181867471703.50012,181867471703.50067,181867471703.50067,181867471703.50067,2.0311905233676457,2.799623520200605,-10.39932229581775,13.460150253715925,25.92654408131994,-0.022197028388532658,183.49850585070462,-14.154640773362296,1.49466349983555,0.09211341050005618,152.53046729388325,-14.074638593536818,1.1587325066598373,0.08981515263346178,100022,2014-04-04,2016-03-25,1.0
2015-08-21,48237875055.479996,117366000000.0,-0.0028004841279139713,178200390561.85352,178200390561.85385,178200390561.85385,178200390561.85385,2.046414480781457,2.811792356019886,-10.387488639078523,13.472491792624279,25.906174543685847,-0.02036953763409244,183.49850585070462,-14.154640773362296,1.49466349983555,0.09211341050005618,152.53046729388325,-14.074638593536818,1.1587325066598373,0.08981515263346178,100022,2014-04-04,2016-03-25,1.0
2015-08-28,49929481556.24,117366000000.0,-0.002702635304728821,179872048909.12488,179872048909.12436,179872048909.12436,179872048909.12436,2.0584465144950466,2.8214099571066544,-10.378136212279093,13.482245715224531,25.915511595676755,0.009337051990907952,183.49850585070462,-14.154640773362296,1.49466349983555,0.09211341050005618,152.53046729388325,-14.074638593536818,1.1587325066598373,0.08981515263346178,100022,2014-04-04,2016-03-25,1.0
2015-09-04,48352254142.71999,117366000000.0,-0.0028864087493261094,178321440310.4198,178321440310.4192,178321440310.4192,178321440310.4192,2.035848929175391,2.803347063149042,-10.395701274314462,13.463926668189282,25.906853603102324,-0.008657992574431006,183.49850585070462,-14.154640773362296,1.49466349983555,0.09211341050005618,152.53046729388325,-14.074638593536818,1.1587325066598373,0.08981515263346178,100022,2014-04-04,2016-03-25,1.0
2015-09-11,51488649113.88,117366000000.0,-0.002765140417905242,181436177832.58063,181436177832.582,181436177832.582,181436177832.582,2.0507605090600025,2.8152662655619105,-10.384110484233835,13.476014959653208,25.92416979152638,0.0173161884240578,183.49850585070462,-14.154640773362296,1.49466349983555,0.09211341050005618,152.53046729388325,-14.074638593536818,1.1587325066598373,0.08981515263346178,100022,2014-04-04,2016-03-25,1.0
2015-09-18,51597008249.159996,117366000000.0,-0.0028794374500842102,181561270706.40875,181561270706.4101,181561270706.4101,181561270706.4101,2.0367061336983476,2.80403224329062,-10.395034963292757,13.46462157486951,25.92485901333377,0.0006892218073879519,183.49850585070462,-14.154640773362296,1.49466349983555,0.09211341050005618,152.53046729388325,-14.074638593536818,1.1587325066598373,0.08981515263346178,100022,2014-04-04,2016-03-25,1.0
2015-09-25,47491401012.44,117366000000.0,-0.0028835143513214535,177439534613.03903,177439534613.03897,177439534613.03897,177439534613.03897,2.036204829825704,2.8036315413417077,-10.395424630198367,13.464215184813277,25.901895737760082,-0.02296327557368727,183.49850585070462,-14.154640773362296,1.49466349983555,0.09211341050005618,152.53046729388325,-14.074638593536818,1.1587325066598373,0.08981515263346178,100022,2014-04-04,2016-03-25,1.0
2015-10-02,47082044279.159996,117366000000.0,-0.002914101498148973,177028824035.20306,177028824035.20276,177028824035.20276,177028824035.20276,2.0324437880358235,2.8006252741527655,-10.39834811999151,13.461166234087804,25.89957840391851,-0.0023173338415709566,183.49850585070462,-14.154640773362296,1.49466349983555,0.09211341050005618,152.53046729388325,-14.074638593536818,1.1587325066598373,0.08981515263346178,100022,2014-04-04,2016-03-25,1.0
2015-10-09,52855178208.799995,117366000000.0,-0.0028248906442560704,182791812336.21143,182791812336.21222,182791812336.21222,182791812336.21222,2.043413361073669,2.8093934811646797,-10.389821409367677,13.47005889179784,25.931613704680043,0.032035300761531715,183.49850585070462,-14.154640773362296,1.49466349983555,0.09211341050005618,152.53046729388325,-14.074638593536818,1.1587325066598373,0.08981515263346178,100022,2014-04-04,2016-03-25,1.0
2015-10-16,52217063301.03999,117366000000.0,-0.002991415426572077,182177570756.50974,182177570756.51007,182177570756.51007,182177570756.51007,2.0229372649333035,2.7930265954099722,-10.405737672169401,13.453459601017666,25.92824771187024,-0.0033659928098010994,183.49850585070462,-14.154640773362296,1.49466349983555,0.09211341050005618,152.53046729388325,-14.074638593536818,1.1587325066598373,0.08981515263346178,100022,2014-04-04,2016-03-25,1.0
2015-10-23,56160131834.840004,117366000000.0,-0.003258473276524514,186167157557.4689,186167157557.4695,186167157557.4695,186167157557.4695,1.9901010855063732,2.7667808274035073,-10.431262251328253,13.426840222116736,25.94991080361919,0.021663091748948204,183.49850585070462,-14.154640773362296,1.49466349983555,0.09211341050005618,152.53046729388325,-14.074638593536818,1.1587325066598373,0.08981515263346178,100022,2014-04-04,2016-03-25,1.0
2015-10-30,56202271498.56,117366000000.0,-0.0032980895325971015,186208758335.82806,186208758335.82782,186208758335.82782,186208758335.82782,1.9852302236317876,2.762887653254709,-10.435048597458946,13.422891530795843,25.950134237932506,0.00022343431331606212,183.49850585070462,-14.154640773362296,1.49466349983555,0.09211341050005618,152.53046729388325,-14.074638593536818,1.1587325066598373,0.08981515263346178,100022,2014-04-04,2016-03-25,1.0
2015-11-06,57809598671.88,117366000000.0,-0.003263758493655935,187802879930.15674,187802879930.1576,187802879930.1576,187802879930.1576,1.989451259801874,2.766261434667733,-10.43176738977994,13.426313424229036,25.958658738694353,0.00852450076184752,183.49850585070462,-14.154640773362296,1.49466349983555,0.09211341050005618,152.53046729388325,-14.074638593536818,1.1587325066598373,0.08981515263346178,100022,2014-04-04,2016-03-25,1.0
2015-11-13,56912625829.840004,117366000000.0,-0.0036960776742885047,186974290431.62314,186974290431.6226,186974290431.6226,186974290431.6226,1.9362995472003426,2.7237795375177534,-10.473915205899477,13.38322432977168,25.95423696002629,-0.004421778668064036,183.49850585070462,-14.154640773362296,1.49466349983555,0.09211341050005618,152.53046729388325,-14.074638593536818,1.1587325066598373,0.08981515263346178,100022,2014-04-04,2016-03-25,1.0
2015-11-20,59699863587.32,117366000000.0,-0.0037500744134523335,189763073301.49942,189763073301.49832,189763073301.49832,189763073301.49832,1.9296612516155873,2.718473998589533,-10.482270933567792,13.377842747373503,25.969042148353427,0.014805188327137841,183.49850585070462,-14.154640773362296,1.49466349983555,0.09211341050005618,152.53046729388325,-14.074638593536818,1.1587325066598373,0.08981515263346178,100022,2014-04-04,2016-03-25,1.0
2015-11-27,61102512394.0,117366000000.0,-0.004022029296182588,191203783641.82587,191203783641.82492,191203783641.82492,191203783641.82492,1.8962286646857187,2.6917541678898624,-10.524343649621544,13.350739232768786,25.976605626289594,0.007563477936166407,183.49850585070462,-14.154640773362296,1.49466349983555,0.09211341050005618,152.53046729388325,-14.074638593536818,1.1587325066598373,0.08981515263346178,100022,2014-04-04,2016-03-25,1.0
2015-12-04,59097868391.32,117366000000.0,-0.003145713841542994,189039749582.67923,189039749582.67862,189039749582.67862,189039749582.67862,2.003965217241111,2.7778622365607806,-10.420485125980639,13.438079515724926,25.96522314514517,-0.011382481144423195,183.49850585070462,-14.154640773362296,1.49466349983555,0.09211341050005618,152.53046729388325,-14.074638593536818,1.1587325066598373,0.08981515263346178,100022,2014-04-04,2016-03-25,1.0
2015-12-11,56653767895.56,117366000000.0,-0.003569725131760979,186658151717.5758,186658151717.57498,186658151717.57498,186658151717.57498,1.9518334949008915,2.7361949126641925,-10.461009937636959,13.395817469437462,25.952544715168358,-0.012678429976812566,183.49850585070462,-14.154640773362296,1.49466349983555,0.09211341050005618,152.53046729388325,-14.074638593536818,1.1587325066598373,0.08981515263346178,100022,2014-04-04,2016-03-25,1.0
2015-12-18,58218955405.159996,117366000000.0,-0.0038079263706040224,188254418296.63086,188254418296.63004,188254418296.63004,188254418296.63004,1.9225490895232515,2.7127897716506135,-10.491222437730414,13.372076997274087,25.961060173718213,0.008515458549855026,183.49850585070462,-14.154640773362296,1.49466349983555,0.09211341050005618,152.53046729388325,-14.074638593536818,1.1587325066598373,0.08981515263346178,100022,2014-04-04,2016-03-25,1.0
2015-12-25,59326626565.799995,117366000000.0,-0.0038224843274157205,189355335398.86703,189355335398.86624,189355335398.86624,189355335398.86624,1.920759388531045,2.7113594022931036,-10.493474877966317,13.37062610509009,25.966891168340418,0.005830994622204599,183.49850585070462,-14.154640773362296,1.49466349983555,0.09211341050005618,152.53046729388325,-14.074638593536818,1.1587325066598373,0.08981515263346178,100022,2014-04-04,2016-03-25,1.0
2016-01-01,58772790985.479996,117366000000.0,-0.0039681064438854725,188815251606.58606,188815251606.58655,188815251606.58655,188815251606.58655,1.9028574707295691,2.6970519351739313,-10.516002980716983,13.356113167995497,25.964034869209684,-0.0028562991307339303,183.49850585070462,-14.154640773362296,1.49466349983555,0.09211341050005618,152.53046729388325,-14.074638593536818,1.1587325066598373,0.08981515263346178,100022,2014-04-04,2016-03-25,1.0
2016-01-08,50230479154.24,117366000000.0,-0.004354404010770185,180320154635.17728,180320154635.17648,180320154635.17648,180320154635.17648,1.8553711924033485,2.6591015389200408,-10.575738761842135,13.31761611173928,25.91799974479727,-0.04603512441241264,183.49850585070462,-14.154640773362296,1.49466349983555,0.09211341050005618,152.53046729388325,-14.074638593536818,1.1587325066598373,0.08981515263346178,100022,2014-04-04,2016-03-25,1.0
2016-01-15,46967665191.92,117366000000.0,-0.00419042178824033,177017912937.58646,177017912937.58728,177017912937.58728,177017912937.58728,1.8755284768239726,2.6752107372223284,-10.550385602327648,13.333957649917105,25.899516767436776,-0.018482977360495312,183.49850585070462,-14.154640773362296,1.49466349983555,0.09211341050005618,152.53046729388325,-14.074638593536818,1.1587325066598373,0.08981515263346178,100022,2014-04-04,2016-03-25,1.0
2016-01-22,47985037073.159996,117366000000.0,-0.0043253692270820475,178047288490.3197,178047288490.31876,178047288490.31876,178047288490.31876,1.8589401979456837,2.6619537739892944,-10.571250202249564,13.320509515596816,25.90531501763157,0.005798250194793297,183.49850585070462,-14.154640773362296,1.49466349983555,0.09211341050005618,152.53046729388325,-14.074638593536818,1.1587325066598373,0.08981515263346178,100022,2014-04-04,2016-03-25,1.0
2016-01-29,46148951725.36,117366000000.0,-0.004507965977424311,176226092914.32227,176226092914.32248,176226092914.32248,176226092914.32248,1.8364954815982446,2.6405845972285666,-10.599474817271341,13.302313470332468,25.895033626399137,-0.010281391232432213,183.49850585070462,-14.154640773362296,1.49466349983555,0.09211341050005618,152.53046729388325,-14.074638593536818,1.1587325066598373,0.08981515263346178,100022,2014-04-04,2016-03-25,1.0
2016-02-05,43590472142.36,117366000000.0,-0.0045924088331738225,173665216828.99802,173665216828.99783,173665216828.99783,173665216828.99783,1.826116115076688,2.629636167273762,-10.612524650500347,13.29389882977316,25.880395241603335,-0.01463838479580204,183.49850585070462,-14.154640773362296,1.49466349983555,0.09211341050005618,152.53046729388325,-14.074638593536818,1.1587325066598373,0.08981515263346178,100022,2014-04-04,2016-03-25,1.0
2016-02-12,42296182470.96001,117366000000.0,-0.004854214196369675,172395550713.1933,172395550713.1932,172395550713.1932,172395550713.1932,1.7939373476387126,2.5956932649932547,-10.652972923747189,13.267811086683206,25.87305738691486,-0.007337854688476142,183.49850585070462,-14.154640773362296,1.49466349983555,0.09211341050005618,152.53046729388325,-14.074638593536818,1.1587325066598373,0.08981515263346178,100022,2014-04-04,2016-03-25,1.0
2016-02-19,44445305320.68,117366000000.0,-0.0049035102670349625,174544663075.95837,174544663075.9575,174544663075.9575,174544663075.9575,1.787878530976485,2.5893023049521675,-10.660587141843873,13.262899101373268,25.885446494698925,0.012389107784066766,183.49850585070462,-14.154640773362296,1.49466349983555,0.09211341050005618,152.53046729388325,-14.074638593536818,1.1587325066598373,0.08981515263346178,100022,2014-04-04,2016-03-25,1.0
2016-02-26,44481425032.44,117366000000.0,-0.005039624489232013,174588362260.5932,174588362260.59238,174588362260.59238,174588362260.59238,1.7711495361872422,2.5716562601060318,-10.681608067743484,13.249336581912067,25.885696824411053,0.00025032971212723965,183.49850585070462,-14.154640773362296,1.49466349983555,0.09211341050005618,152.53046729388325,-14.074638593536818,1.1587325066598373,0.08981515263346178,100022,2014-04-04,2016-03-25,1.0
2016-03-04,49742863045.479996,117366000000.0,-0.005090166714876379,179849123908.94327,179849123908.94278,179849123908.94278,179849123908.94278,1.7649378219863707,2.565104043641627,-10.689412432561644,13.244300610172179,25.91538413584428,0.029687311433228558,183.49850585070462,-14.154640773362296,1.49466349983555,0.09211341050005618,152.53046729388325,-14.074638593536818,1.1587325066598373,0.08981515263346178,100022,2014-04-04,2016-03-25,1.0
2016-03-11,47389061829.12,117366000000.0,-0.004514127762970936,177403797808.47595,177403797808.475,177403797808.475,177403797808.475,1.8357380936853591,2.639785683857936,-10.600427121865494,13.301699450281912,25.901694314757762,-0.01368982108651906,183.49850585070462,-14.154640773362296,1.49466349983555,0.09211341050005618,152.53046729388325,-14.074638593536818,1.1587325066598373,0.08981515263346178,100022,2014-04-04,2016-03-25,1.0
2016-03-18,49110768089.68,129410000000.0,-0.004798085335352043,179153087336.59952,179153087336.599,179153087336.599,179153087336.599,1.8008360426497036,2.6029701526235542,-10.64430258636447,13.273403966233046,25.91150651379811,0.009812199040347025,183.49850585070462,-14.154640773362296,1.49466349983555,0.09211341050005618,152.53046729388325,-14.074638593536818,1.1587325066598373,0.08981515263346178,100022,2014-04-04,2016-03-25,1.0
2016-03-25,47906777697.68,129410000000.0,-0.004772163451317839,177933440219.48386,177933440219.48303,177933440219.48303,177933440219.48303,1.8040220834347702,2.6063308576146693,-10.640298117386463,13.2759869357819,25.904675385957518,-0.006831127840591478,183.49850585070462,-14.154640773362296,1.49466349983555,0.09211341050005618,152.53046729388325,-14.074638593536818,1.1587325066598373,0.08981515263346178,100022,2014-04-04,2016-03-25,1.0
2014-07-04,57279842899.4,102725000000.0,-0.00018149751769413135,186677179461.48376,186677179461.48273,186677179461.48273,186677179461.48273,4.21631032128726,4.139836896209527,-8.767389829524147,16.670469356837398,25.952646648965324,,321.96679843147336,0.8724891426537279,2.71215083805673,-0.04726352663491966,303.43167217920666,1.1433154563080523,2.5535611039890327,-0.04899416650230995,100022,2014-07-04,2016-06-24,2.0
2014-07-11,55425697695.71999,102725000000.0,-0.00023097593189612685,184827367776.2889,184827367776.28815,184827367776.28815,184827367776.28815,4.210449167927818,4.133849366654111,-8.773551977459734,16.664432046152264,25.94268807921669,-0.009958569748633295,321.96679843147336,0.8724891426537279,2.71215083805673,-0.04726352663491966,303.43167217920666,1.1433154563080523,2.5535611039890327,-0.04899416650230995,100022,2014-07-04,2016-06-24,2.0
2014-07-18,56352770297.56,102725000000.0,-0.00015002170554340166,185733846291.06006,185733846291.05862,185733846291.05862,185733846291.05862,4.220038902218654,4.143645872455902,-8.763469762963464,16.674310000115597,25.947580551976937,0.0048924727602468465,321.96679843147336,0.8724891426537279,2.71215083805673,-0.04726352663491966,303.43167217920666,1.1433154563080523,2.5535611039890327,-0.04899416650230995,100022,2014-07-04,2016-06-24,2.0
2014-07-25,56768146982.799995,102725000000.0,-0.0002569906890467366,186194771003.15576,186194771003.15485,186194771003.15485,186194771003.15485,4.207367486604496,4.130701239874247,-8.776791910138694,16.661257744409607,25.950059118705227,0.0024785667282891666,321.96679843147336,0.8724891426537279,2.71215083805673,-0.04726352663491966,303.43167217920666,1.1433154563080523,2.5535611039890327,-0.04899416650230995,100022,2014-07-04,2016-06-24,2.0
2014-08-01,52752839025.479996,102725000000.0,-0.00026581342468347426,182145545200.29688,182145545200.29688,182145545200.29688,182145545200.29688,4.206322353725839,4.129633572546759,-8.77789071206653,16.660181199850328,25.92807190333714,-0.021987215368085344,321.96679843147336,0.8724891426537279,2.71215083805673,-0.04726352663491966,303.43167217920666,1.1433154563080523,2.5535611039890327,-0.04899416650230995,100022,2014-07-04,2016-06-24,2.0
2014-08-08,52006364982.44,102725000000.0,-0.0002710997517292601,181394400109.29144,181394400109.2921,181394400109.2921,181394400109.2921,4.205696140276407,4.128993857132981,-8.778549082241344,16.659536165417315,25.92393950375013,-0.004132399587010838,321.96679843147336,0.8724891426537279,2.71215083805673,-0.04726352663491966,303.43167217920666,1.1433154563080523,2.5535611039890327,-0.04899416650230995,100022,2014-07-04,2016-06-24,2.0
2014-08-15,51916065703.03999,102725000000.0,-0.0002666909149261487,181303668724.5236,181303668724.5243,181303668724.5243,181303668724.5243,4.2062184070460535,4.129527384641976,-8.777999996530053,16.6600741290307,25.923439190158984,-0.0005003135911465506,321.96679843147336,0.8724891426537279,2.71215083805673,-0.04726352663491966,303.43167217920666,1.1433154563080523,2.5535611039890327,-0.04899416650230995,100022,2014-07-04,2016-06-24,2.0
2014-08-22,53613692155.76,102725000000.0,-0.0003000152210712015,183034368237.01358,183034368237.0128,183034368237.0128,183034368237.0128,4.20227083804609,4.125494701353475,-8.782150274466984,16.656007914820574,25.932939776728603,0.009500586569618719,321.96679843147336,0.8724891426537279,2.71215083805673,-0.04726352663491966,303.43167217920666,1.1433154563080523,2.5535611039890327,-0.04899416650230995,100022,2014-07-04,2016-06-24,2.0
2014-08-29,53336774365.6,102725000000.0,-0.0005535894785573525,182848888599.9064,182848888599.90717,182848888599.90717,182848888599.90717,4.172232479910291,4.094808706502564,-8.8137308981188,16.62506673474184,25.931925903316642,-0.0010138734119600201,321.96679843147336,0.8724891426537279,2.71215083805673,-0.04726352663491966,303.43167217920666,1.1433154563080523,2.5535611039890327,-0.04899416650230995,100022,2014-07-04,2016-06-24,2.0
2014-09-05,55413657791.799995,102725000000.0,-0.0009985114507866256,185107061689.24756,185107061689.24643,185107061689.24643,185107061689.24643,4.119526398050393,4.040966374508489,-8.86914216847132,16.570776487805524,25.944200206469382,0.012274303152739918,321.96679843147336,0.8724891426537279,2.71215083805673,-0.04726352663491966,303.43167217920666,1.1433154563080523,2.5535611039890327,-0.04899416650230995,100022,2014-07-04,2016-06-24,2.0
2014-09-12,53836430378.28001,102725000000.0,-0.0008644968736981573,183467556701.19284,183467556701.19156,183467556701.19156,183467556701.19156,4.135402047955154,4.057184260795072,-8.852451807904577,16.58712931255782,25.93530368609129,-0.008896520378090855,321.96679843147336,0.8724891426537279,2.71215083805673,-0.04726352663491966,303.43167217920666,1.1433154563080523,2.5535611039890327,-0.04899416650230995,100022,2014-07-04,2016-06-24,2.0
2014-09-19,53571552492.03999,102725000000.0,-0.0009151518061543284,183218593074.97702,183218593074.97757,183218593074.97757,183218593074.97757,4.12940136723762,4.051054220041518,-8.858760445412114,16.58094826993246,25.933945774620558,-0.0013579114707340523,321.96679843147336,0.8724891426537279,2.71215083805673,-0.04726352663491966,303.43167217920666,1.1433154563080523,2.5535611039890327,-0.04899416650230995,100022,2014-07-04,2016-06-24,2.0
2014-09-26,51554868585.44,102725000000.0,-0.0009479075010087468,181193137622.22064,181193137622.22076,181193137622.22076,181193137622.22076,4.1255210584236455,4.047090262190478,-8.862839884899568,16.576951330570267,25.922829357996086,-0.01111641662447127,321.96679843147336,0.8724891426537279,2.71215083805673,-0.04726352663491966,303.43167217920666,1.1433154563080523,2.5535611039890327,-0.04899416650230995,100022,2014-07-04,2016-06-24,2.0
2014-10-03,50988993101.200005,102725000000.0,-0.000828643689372841,180579289454.72116,180579289454.72205,180579289454.72205,180579289454.72205,4.1396492780717224,4.061523051915689,-8.84798659956736,16.591504200756116,25.91943579502302,-0.0033935629730663663,321.96679843147336,0.8724891426537279,2.71215083805673,-0.04726352663491966,303.43167217920666,1.1433154563080523,2.5535611039890327,-0.04899416650230995,100022,2014-07-04,2016-06-24,2.0
2014-10-10,47876677937.88,102725000000.0,-0.0008556882255797649,177435762810.5995,177435762810.5987,177435762810.5987,177435762810.5987,4.136445536161379,4.058250244244304,-8.851354766031461,16.588204164704557,25.901874480701796,-0.017561314321223875,321.96679843147336,0.8724891426537279,2.71215083805673,-0.04726352663491966,303.43167217920666,1.1433154563080523,2.5535611039890327,-0.04899416650230995,100022,2014-07-04,2016-06-24,2.0
2014-10-17,48502752941.71999,102725000000.0,-0.0007103674000181104,178022182518.5631,178022182518.56427,178022182518.56427,178022182518.56427,4.153660450018182,4.075836280522626,-8.833256286778786,16.605936500443296,25.90517400036477,0.0032995196629741486,321.96679843147336,0.8724891426537279,2.71215083805673,-0.04726352663491966,303.43167217920666,1.1433154563080523,2.5535611039890327,-0.04899416650230995,100022,2014-07-04,2016-06-24,2.0
2014-10-24,49538184678.840004,102725000000.0,-0.000726557193000541,179078619128.60733,179078619128.60678,179078619128.60678,179078619128.60678,4.15174258863523,4.073877072780352,-8.835272589618498,16.60396099500305,25.911090759370342,0.005916759005572203,321.96679843147336,0.8724891426537279,2.71215083805673,-0.04726352663491966,303.43167217920666,1.1433154563080523,2.5535611039890327,-0.04899416650230995,100022,2014-07-04,2016-06-24,2.0
2014-10-31,51362230122.71999,102725000000.0,-0.0008147725709067233,180954794678.22452,180954794678.22385,180954794678.22385,180954794678.22385,4.141292473145037,4.06320167092721,-8.846259069695325,16.59319678487453,25.92151308385974,0.010422324489397283,321.96679843147336,0.8724891426537279,2.71215083805673,-0.04726352663491966,303.43167217920666,1.1433154563080523,2.5535611039890327,-0.04899416650230995,100022,2014-07-04,2016-06-24,2.0
2014-11-07,50164259682.68,102725000000.0,-0.0008388353061636144,179752782507.67175,179752782507.67136,179752782507.67136,179752782507.67136,4.138441962145456,4.060289708803603,-8.849255878659058,16.590260596838743,25.914848313303533,-0.006664770556206179,321.96679843147336,0.8724891426537279,2.71215083805673,-0.04726352663491966,303.43167217920666,1.1433154563080523,2.5535611039890327,-0.04899416650230995,100022,2014-07-04,2016-06-24,2.0
2014-11-14,50001720979.76,102725000000.0,-0.0007905419066487274,179572918136.08588,179572918136.0856,179572918136.0856,179572918136.0856,4.144162874625895,4.066133952740168,-8.84324134598309,16.596153461038856,25.913847191556407,-0.001001121747126632,321.96679843147336,0.8724891426537279,2.71215083805673,-0.04726352663491966,303.43167217920666,1.1433154563080523,2.5535611039890327,-0.04899416650230995,100022,2014-07-04,2016-06-24,2.0
2014-11-21,53071896479.36,102725000000.0,-0.0006802536365304391,182636221228.26566,182636221228.26572,182636221228.26572,182636221228.26572,4.157227757683455,4.079480494750962,-8.829505869534957,16.609611028395808,25.930762149226943,0.016914957670536523,321.96679843147336,0.8724891426537279,2.71215083805673,-0.04726352663491966,303.43167217920666,1.1433154563080523,2.5535611039890327,-0.04899416650230995,100022,2014-07-04,2016-06-24,2.0
2014-11-28,55353458272.200005,102725000000.0,-0.0006331650785279575,184918580459.7583,184918580459.7591,184918580459.7591,184918580459.7591,4.162805908822343,4.085178904934407,-8.82364138176118,16.615356837865587,25.943181459526908,0.012419310299964792,321.96679843147336,0.8724891426537279,2.71215083805673,-0.04726352663491966,303.43167217920666,1.1433154563080523,2.5535611039890327,-0.04899416650230995,100022,2014-07-04,2016-06-24,2.0
2014-12-05,55594256350.6,102725000000.0,-0.0005971037003509272,185149071125.24225,185149071125.24246,185149071125.24246,185149071125.24246,4.167077763893831,4.089542857748173,-8.819150235822624,16.619757088413976,25.94442712741655,0.001245667889641311,321.96679843147336,0.8724891426537279,2.71215083805673,-0.04726352663491966,303.43167217920666,1.1433154563080523,2.5535611039890327,-0.04899416650230995,100022,2014-07-04,2016-06-24,2.0
2014-12-12,52963537344.08,102725000000.0,-0.0006205328303227952,182508812821.63046,182508812821.62964,182508812821.62964,182508812821.62964,4.164302334102508,4.0867075918292155,-8.822068140042415,16.616898239962342,25.930064298236648,-0.014362829179901837,321.96679843147336,0.8724891426537279,2.71215083805673,-0.04726352663491966,303.43167217920666,1.1433154563080523,2.5535611039890327,-0.04899416650230995,100022,2014-07-04,2016-06-24,2.0
2014-12-19,54143447928.24,102725000000.0,-0.0007444405112366903,183737813524.3144,183737813524.31473,183737813524.31473,183737813524.31473,4.149624108925823,4.071712921880907,-8.83749980649287,16.601778841266217,25.936775651883917,0.006711353647268936,321.96679843147336,0.8724891426537279,2.71215083805673,-0.04726352663491966,303.43167217920666,1.1433154563080523,2.5535611039890327,-0.04899416650230995,100022,2014-07-04,2016-06-24,2.0
2014-12-26,54679223652.68,102725000000.0,-0.0007939924924829911,184292917751.78122,184292917751.78107,184292917751.78107,184292917751.78107,4.143754113123202,4.065716379100934,-8.843671087219349,16.59573241354231,25.939792273058433,0.0030166211745168425,321.96679843147336,0.8724891426537279,2.71215083805673,-0.04726352663491966,303.43167217920666,1.1433154563080523,2.5535611039890327,-0.04899416650230995,100022,2014-07-04,2016-06-24,2.0
2015-01-02,52981597199.96001,102725000000.0,-0.0008897279313009143,182614806405.61713,182614806405.61685,182614806405.61685,182614806405.61685,4.1324131298052444,4.05413090863793,-8.855594120131018,16.584050556878754,25.930644888378634,-0.009147384679799586,321.96679843147336,0.8724891426537279,2.71215083805673,-0.04726352663491966,303.43167217920666,1.1433154563080523,2.5535611039890327,-0.04899416650230995,100022,2014-07-04,2016-06-24,2.0
2015-01-09,53071896479.36,102725000000.0,-0.0010103659306464373,182743881927.562,182743881927.56125,182743881927.56125,182743881927.56125,4.118122087399614,4.039531791293337,-8.870618540851167,16.569329967455168,25.93135145719134,0.0007065688127063652,321.96679843147336,0.8724891426537279,2.71215083805673,-0.04726352663491966,303.43167217920666,1.1433154563080523,2.5535611039890327,-0.04899416650230995,100022,2014-07-04,2016-06-24,2.0
2015-01-16,56340730393.64,102725000000.0,-0.0012027075172804747,186091203179.5528,186091203179.55234,186091203179.55234,186091203179.55234,4.095336744122202,4.016255280578248,-8.894572991963592,16.545859752858053,25.94950273015741,0.018151272966068888,321.96679843147336,0.8724891426537279,2.71215083805673,-0.04726352663491966,303.43167217920666,1.1433154563080523,2.5535611039890327,-0.04899416650230995,100022,2014-07-04,2016-06-24,2.0
2015-01-23,61885106148.799995,102725000000.0,-0.0018699821637219061,191862351597.31433,191862351597.31476,191862351597.31476,191862351597.31476,4.016288158992759,3.9355028972308514,-8.977675867402002,16.46443505764726,25.98004403310106,0.030541302943650095,321.96679843147336,0.8724891426537279,2.71215083805673,-0.04726352663491966,303.43167217920666,1.1433154563080523,2.5535611039890327,-0.04899416650230995,100022,2014-07-04,2016-06-24,2.0
2015-01-30,62246303266.4,102725000000.0,-0.0018365672540792072,192210092928.05515,192210092928.05585,192210092928.05585,192210092928.05585,4.020246698392261,3.939546751102664,-8.973514361342318,16.468512590219756,25.981854844736826,0.001810811635767351,321.96679843147336,0.8724891426537279,2.71215083805673,-0.04726352663491966,303.43167217920666,1.1433154563080523,2.5535611039890327,-0.04899416650230995,100022,2014-07-04,2016-06-24,2.0
2015-02-06,64323186692.6,102725000000.0,-0.0020336007627560996,194348197762.98248,194348197762.98172,194348197762.98172,194348197762.98172,3.996904803575306,3.9157018022950134,-8.998052975034739,16.44446903478387,25.99291722105002,0.011062376313194733,321.96679843147336,0.8724891426537279,2.71215083805673,-0.04726352663491966,303.43167217920666,1.1433154563080523,2.5535611039890327,-0.04899416650230995,100022,2014-07-04,2016-06-24,2.0
2015-02-13,64895082128.799995,102725000000.0,-0.0019239942691234469,194882847016.39108,194882847016.3917,194882847016.3917,194882847016.3917,4.009889536305188,3.9289663729484148,-8.984402553820475,16.457844092281128,25.995664430435493,0.002747209385471905,321.96679843147336,0.8724891426537279,2.71215083805673,-0.04726352663491966,303.43167217920666,1.1433154563080523,2.5535611039890327,-0.04899416650230995,100022,2014-07-04,2016-06-24,2.0
2015-02-20,66881666275.6,102725000000.0,-0.0020314025243390234,196900536813.51547,196900536813.51486,196900536813.51486,196900536813.51486,3.9971652224146963,3.9159678334218913,-8.997779205978262,16.444737281934728,26.005964548913397,0.010300118477903908,321.96679843147336,0.8724891426537279,2.71215083805673,-0.04726352663491966,303.43167217920666,1.1433154563080523,2.5535611039890327,-0.04899416650230995,100022,2014-07-04,2016-06-24,2.0
2015-02-27,68025457148.0,102725000000.0,-0.0024664515505081032,198172500022.81845,198172500022.8175,198172500022.8175,198172500022.8175,3.945625826755883,3.8633177737569233,-9.051960197573393,16.39164854973077,26.012403700592294,0.0064391516788973036,321.96679843147336,0.8724891426537279,2.71215083805673,-0.04726352663491966,303.43167217920666,1.1433154563080523,2.5535611039890327,-0.04899416650230995,100022,2014-07-04,2016-06-24,2.0
2015-03-06,69410046098.8,102725000000.0,-0.0022610116689517935,199490836279.39288,199490836279.39426,199490836279.39426,199490836279.39426,3.969963986587814,3.8881804008240644,-9.026374746974774,16.416718353770314,26.019034138784736,0.006630438192441801,321.96679843147336,0.8724891426537279,2.71215083805673,-0.04726352663491966,303.43167217920666,1.1433154563080523,2.5535611039890327,-0.04899416650230995,100022,2014-07-04,2016-06-24,2.0
2015-03-13,72209323760.2,102725000000.0,-0.0024755877278853167,202350431625.70493,202350431625.7057,202350431625.7057,202350431625.7057,3.944543472970396,3.8622120967768114,-9.053098014604101,16.390533658239825,26.033266841331024,0.014232702546287612,321.96679843147336,0.8724891426537279,2.71215083805673,-0.04726352663491966,303.43167217920666,1.1433154563080523,2.5535611039890327,-0.04899416650230995,100022,2014-07-04,2016-06-24,2.0
2015-03-20,70282939133.0,117366000000.0,-0.002382728941192464,200389544893.29694,200389544893.29727,200389544893.29727,200389544893.29727,3.9555443433149464,3.8734500228457676,-9.041533402488781,16.401865234968444,26.023529033605026,-0.009737807725997527,321.96679843147336,0.8724891426537279,2.71215083805673,-0.04726352663491966,303.43167217920666,1.1433154563080523,2.5535611039890327,-0.04899416650230995,100022,2014-07-04,2016-06-24,2.0
2015-03-27,69891642255.59999,117366000000.0,-0.0025900388100694493,200052975742.18155,200052975742.18243,200052975742.18243,200052975742.18243,3.930984536741653,3.8483609891888055,-9.067351713360974,16.376567110440305,26.021848047131186,-0.0016809864738398517,321.96679843147336,0.8724891426537279,2.71215083805673,-0.04726352663491966,303.43167217920666,1.1433154563080523,2.5535611039890327,-0.04899416650230995,100022,2014-07-04,2016-06-24,2.0
2015-04-03,69199347780.2,117366000000.0,-0.00254129996086175,199339863040.3515,199339863040.35123,199339863040.35123,199339863040.35123,3.9367585997027943,3.854259472076722,-9.061281795441218,16.38251475516998,26.018277059419926,-0.0035709877112601873,321.96679843147336,0.8724891426537279,2.71215083805673,-0.04726352663491966,303.43167217920666,1.1433154563080523,2.5535611039890327,-0.04899416650230995,100022,2014-07-04,2016-06-24,2.0
2015-04-10,70644136250.59999,117366000000.0,-0.0027766791350716472,200847167567.4614,200847167567.46228,200847167567.46228,200847167567.46228,3.9088732701634012,3.8257732814967436,-9.090595805157735,16.35379111825455,26.025810095424045,0.0075330360041192534,321.96679843147336,0.8724891426537279,2.71215083805673,-0.04726352663491966,303.43167217920666,1.1433154563080523,2.5535611039890327,-0.04899416650230995,100022,2014-07-04,2016-06-24,2.0
2015-04-17,66460269638.4,117366000000.0,-0.0029147858761081904,196693095448.2812,196693095448.2808,196693095448.2808,196693095448.2808,3.8925116757698244,3.809059150945171,-9.107795524405072,16.336937639414007,26.00491045978472,-0.020899635639324288,321.96679843147336,0.8724891426537279,2.71215083805673,-0.04726352663491966,303.43167217920666,1.1433154563080523,2.5535611039890327,-0.04899416650230995,100022,2014-07-04,2016-06-24,2.0
2015-04-24,66490369398.200005,117366000000.0,-0.0026941512127789825,196653875712.68564,196653875712.68494,196653875712.68494,196653875712.68494,3.918650366331471,3.835761046281833,-9.08031782409507,16.363862142743447,26.004711044313897,-0.00019941547082424904,321.96679843147336,0.8724891426537279,2.71215083805673,-0.04726352663491966,303.43167217920666,1.1433154563080523,2.5535611039890327,-0.04899416650230995,100022,2014-07-04,2016-06-24,2.0
2015-05-01,63871690295.6,117366000000.0,-0.002587917817145178,193996501819.32755,193996501819.32632,193996501819.32632,193996501819.32632,3.931235809750257,3.8486176766146456,-9.067087565755086,16.37682593732142,25.99110596398802,-0.013605080325877594,321.96679843147336,0.8724891426537279,2.71215083805673,-0.04726352663491966,303.43167217920666,1.1433154563080523,2.5535611039890327,-0.04899416650230995,100022,2014-07-04,2016-06-24,2.0
2015-05-08,65918473962.0,117366000000.0,-0.0026562975539913235,196058178672.8521,196058178672.85318,196058178672.85318,196058178672.85318,3.9231348853613097,3.840342195395824,-9.075603548213804,16.368481478637282,26.001677282095166,0.01057131810714651,321.96679843147336,0.8724891426537279,2.71215083805673,-0.04726352663491966,303.43167217920666,1.1433154563080523,2.5535611039890327,-0.04899416650230995,100022,2014-07-04,2016-06-24,2.0
2015-05-15,61403509992.0,117366000000.0,-0.0023763760604034925,191455030714.93744,191455030714.93704,191455030714.93704,191455030714.93704,3.9562969601788156,3.874218857915604,-9.040742215821636,16.40264047674642,25.977918791437187,-0.02375849065797908,321.96679843147336,0.8724891426537279,2.71215083805673,-0.04726352663491966,303.43167217920666,1.1433154563080523,2.5535611039890327,-0.04899416650230995,100022,2014-07-04,2016-06-24,2.0
2015-05-22,63089096540.799995,117366000000.0,-0.0025450576896501064,193183234762.99457,193183234762.9959,193183234762.9959,193183234762.9959,3.9363134241425093,3.8538047037869165,-9.06174978166104,16.38205619663259,25.986904978370475,0.008986186933288565,321.96679843147336,0.8724891426537279,2.71215083805673,-0.04726352663491966,303.43167217920666,1.1433154563080523,2.5535611039890327,-0.04899416650230995,100022,2014-07-04,2016-06-24,2.0
2015-05-29,60620916237.200005,117366000000.0,-0.0024557794986057803,190681950967.39066,190681950967.39066,190681950967.39066,190681950967.39066,3.946890133592809,3.864609324687889,-9.050631103034547,16.39295086409878,25.973872698861648,-0.013032279508827571,321.96679843147336,0.8724891426537279,2.71215083805673,-0.04726352663491966,303.43167217920666,1.1433154563080523,2.5535611039890327,-0.04899416650230995,100022,2014-07-04,2016-06-24,2.0
2015-06-05,59952701569.64,117366000000.0,-0.0024254601275671473,189999059886.791,189999059886.79156,189999059886.79156,189999059886.79156,3.950482035058694,3.868278627150319,-9.046855135858522,16.396650744871017,25.9702849611304,-0.0035877377312480974,321.96679843147336,0.8724891426537279,2.71215083805673,-0.04726352663491966,303.43167217920666,1.1433154563080523,2.5535611039890327,-0.04899416650230995,100022,2014-07-04,2016-06-24,2.0
2015-06-12,60151359984.32,117366000000.0,-0.0023845845925611854,190181672504.2054,190181672504.2065,190181672504.2065,190181672504.2065,3.9553245068701237,3.873225449131293,-9.041764504978813,16.40163878987143,25.971245623341296,0.0009606622108968565,321.96679843147336,0.8724891426537279,2.71215083805673,-0.04726352663491966,303.43167217920666,1.1433154563080523,2.5535611039890327,-0.04899416650230995,100022,2014-07-04,2016-06-24,2.0
2015-06-19,58839010457.03999,117366000000.0,-0.002422766757622434,188871977647.8756,188871977647.8767,188871977647.8767,188871977647.8767,3.9508011153423412,3.8686045832448586,-9.04651970416512,16.396979417288748,25.964335255546963,-0.006910367794333183,321.96679843147336,0.8724891426537279,2.71215083805673,-0.04726352663491966,303.43167217920666,1.1433154563080523,2.5535611039890327,-0.04899416650230995,100022,2014-07-04,2016-06-24,2.0
2015-06-26,62306502786.0,117366000000.0,-0.002460915246111546,192348180967.18753,192348180967.18762,192348180967.18762,192348180967.18762,3.946281707015116,3.863987787335169,-9.051270707694492,16.392324147036692,25.98257300920989,0.018237753662926792,321.96679843147336,0.8724891426537279,2.71215083805673,-0.04726352663491966,303.43167217920666,1.1433154563080523,2.5535611039890327,-0.04899416650230995,100022,2014-07-04,2016-06-24,2.0
2015-07-03,59537324884.4,117366000000.0,-0.00271000448128766,189634279612.64606,189634279612.64502,189634279612.64502,189634279612.64502,3.9167722293887905,3.8338424404926728,-9.082292181823341,16.361927543700716,25.9683632100698,-0.01420979914009024,321.96679843147336,0.8724891426537279,2.71215083805673,-0.04726352663491966,303.43167217920666,1.1433154563080523,2.5535611039890327,-0.04899416650230995,100022,2014-07-04,2016-06-24,2.0
2015-07-10,57309942659.200005,117366000000.0,-0.0028624652795235773,187436180134.96033,187436180134.9591,187436180134.9591,187436180134.9591,3.8987101402911732,3.8153911696654412,-9.101279555481364,16.343322451579375,25.95670425180342,-0.011658958266380637,321.96679843147336,0.8724891426537279,2.71215083805673,-0.04726352663491966,303.43167217920666,1.1433154563080523,2.5535611039890327,-0.04899416650230995,100022,2014-07-04,2016-06-24,2.0
2015-07-17,57538700833.68,117366000000.0,-0.002900279842478238,187668346277.62442,187668346277.6234,187668346277.6234,187668346277.6234,3.894230218816749,3.810814722124744,-9.105988953861408,16.338707848031348,25.957942126347515,0.0012378745440955186,321.96679843147336,0.8724891426537279,2.71215083805673,-0.04726352663491966,303.43167217920666,1.1433154563080523,2.5535611039890327,-0.04899416650230995,100022,2014-07-04,2016-06-24,2.0
2015-07-24,55166839761.44,117366000000.0,-0.0027894960759879918,185257835996.48453,185257835996.48523,185257835996.48523,185257835996.48523,3.907354842444819,3.824222136367799,-9.092192019108511,16.352227041856803,25.945014399804172,-0.012927726543342288,321.96679843147336,0.8724891426537279,2.71215083805673,-0.04726352663491966,303.43167217920666,1.1433154563080523,2.5535611039890327,-0.04899416650230995,100022,2014-07-04,2016-06-24,2.0
2015-07-31,54962161394.799995,117366000000.0,-0.0029062925276816167,185075435641.31064,185075435641.31036,185075435641.31036,185075435641.31036,3.893517890623109,3.8100870459242153,-9.106737769192996,16.337974104707648,25.944029339136428,-0.0009850606677446194,321.96679843147336,0.8724891426537279,2.71215083805673,-0.04726352663491966,303.43167217920666,1.1433154563080523,2.5535611039890327,-0.04899416650230995,100022,2014-07-04,2016-06-24,2.0
2015-08-07,55913313804.479996,117366000000.0,-0.0030009562957898804,186045060911.24994,186045060911.24973,186045060911.24973,186045060911.24973,3.882302968557663,3.7986304872586545,-9.118527119058237,16.3264220198896,25.94925474428239,0.005225405145960593,321.96679843147336,0.8724891426537279,2.71215083805673,-0.04726352663491966,303.43167217920666,1.1433154563080523,2.5535611039890327,-0.04899416650230995,100022,2014-07-04,2016-06-24,2.0
2015-08-14,51861886135.4,117366000000.0,-0.0029242938774928363,181959105968.2681,181959105968.2691,181959105968.2691,181959105968.2691,3.8913852536674085,3.8079084587592322,-9.108979643638062,16.335777352970418,25.92704780629403,-0.022206937988357822,321.96679843147336,0.8724891426537279,2.71215083805673,-0.04726352663491966,303.43167217920666,1.1433154563080523,2.5535611039890327,-0.04899416650230995,100022,2014-07-04,2016-06-24,2.0
2015-08-21,48237875055.479996,117366000000.0,-0.0028004841279139713,178286027322.11963,178286027322.12057,178286027322.12057,178286027322.12057,3.9060530833072273,3.8228923284391523,-9.093560464204497,16.350886147716707,25.906654992632106,-0.02039281366192469,321.96679843147336,0.8724891426537279,2.71215083805673,-0.04726352663491966,303.43167217920666,1.1433154563080523,2.5535611039890327,-0.04899416650230995,100022,2014-07-04,2016-06-24,2.0
2015-08-28,49929481556.24,117366000000.0,-0.002702635304728821,179955572761.29675,179955572761.29626,179955572761.29626,179955572761.29626,3.9176452559761756,3.834734278456738,-9.081374428481775,16.36282681594621,25.91597583937925,0.009320846747144174,321.96679843147336,0.8724891426537279,2.71215083805673,-0.04726352663491966,303.43167217920666,1.1433154563080523,2.5535611039890327,-0.04899416650230995,100022,2014-07-04,2016-06-24,2.0
2015-09-04,48352254142.71999,117366000000.0,-0.0028864087493261094,178410042804.91412,178410042804.91434,178410042804.91434,178410042804.91434,3.89587353902622,3.8124934498221363,-9.104261458112763,16.340400572255085,25.907350349257406,-0.008625490121843882,321.96679843147336,0.8724891426537279,2.71215083805673,-0.04726352663491966,303.43167217920666,1.1433154563080523,2.5535611039890327,-0.04899416650230995,100022,2014-07-04,2016-06-24,2.0
2015-09-11,51488649113.88,117366000000.0,-0.002765140417905242,181522615703.5684,181522615703.568,181522615703.568,181522615703.568,3.9102402656276687,3.827169731564989,-9.089158780254136,16.355199209809786,25.9246460873162,0.01729573805879525,321.96679843147336,0.8724891426537279,2.71215083805673,-0.04726352663491966,303.43167217920666,1.1433154563080523,2.5535611039890327,-0.04899416650230995,100022,2014-07-04,2016-06-24,2.0
2015-09-18,51597008249.159996,117366000000.0,-0.0028794374500842102,181651534736.6803,181651534736.68164,181651534736.68164,181651534736.68164,3.8966994344623966,3.8133371403039216,-9.103393257548117,16.34125129699508,25.925356044444882,0.0007099571286808271,321.96679843147336,0.8724891426537279,2.71215083805673,-0.04726352663491966,303.43167217920666,1.1433154563080523,2.5535611039890327,-0.04899416650230995,100022,2014-07-04,2016-06-24,2.0
2015-09-25,47491401012.44,117366000000.0,-0.0028835143513214535,177527628013.55994,177527628013.55862,177527628013.55862,177527628013.55862,3.896216440714879,3.8128437397924624,-9.103900991885494,16.340753782769777,25.902392084530167,-0.02296395991471556,321.96679843147336,0.8724891426537279,2.71215083805673,-0.04726352663491966,303.43167217920666,1.1433154563080523,2.5535611039890327,-0.04899416650230995,100022,2014-07-04,2016-06-24,2.0
2015-10-02,47082044279.159996,117366000000.0,-0.002914101498148973,177117684764.724,177117684764.7227,177117684764.7227,177117684764.7227,3.892592754672079,3.80914197678954,-9.107710292492738,16.337021155841104,25.900080234258084,-0.002311850272082694,321.96679843147336,0.8724891426537279,2.71215083805673,-0.04726352663491966,303.43167217920666,1.1433154563080523,2.5535611039890327,-0.04899416650230995,100022,2014-07-04,2016-06-24,2.0
2015-10-09,52855178208.799995,117366000000.0,-0.0028248906442560704,182880976242.857,182880976242.85608,182880976242.85608,182880976242.85608,3.9031616311514283,3.819938574911046,-9.096600035971234,16.347907769161147,25.932101375139514,0.03202114088142949,321.96679843147336,0.8724891426537279,2.71215083805673,-0.04726352663491966,303.43167217920666,1.1433154563080523,2.5535611039890327,-0.04899416650230995,100022,2014-07-04,2016-06-24,2.0
2015-10-16,52217063301.03999,117366000000.0,-0.002991415426572077,182271981553.67767,182271981553.67712,182271981553.67712,182271981553.67712,3.883433287733441,3.7997851600248462,-9.117338907292437,16.327586320895023,25.928765812653634,-0.0033355624858799615,321.96679843147336,0.8724891426537279,2.71215083805673,-0.04726352663491966,303.43167217920666,1.1433154563080523,2.5535611039890327,-0.04899416650230995,100022,2014-07-04,2016-06-24,2.0
2015-10-23,56160131834.840004,117366000000.0,-0.003258473276524514,186271542100.07755,186271542100.07657,186271542100.07657,186271542100.07657,3.8517944475834223,3.769892278239037,-9.150598027786488,16.295030858254552,25.950471349800004,0.0217055371463708,321.96679843147336,0.8724891426537279,2.71215083805673,-0.04726352663491966,303.43167217920666,1.1433154563080523,2.5535611039890327,-0.04899416650230995,100022,2014-07-04,2016-06-24,2.0
2015-10-30,56202271498.56,117366000000.0,-0.0032980895325971015,186314489929.01364,186314489929.01276,186314489929.01276,186314489929.01276,3.847101009675874,3.765472152834994,-9.155531790448466,16.29036642418478,25.95070188892619,0.0002305391261856471,321.96679843147336,0.8724891426537279,2.71215083805673,-0.04726352663491966,303.43167217920666,1.1433154563080523,2.5535611039890327,-0.04899416650230995,100022,2014-07-04,2016-06-24,2.0
2015-11-06,57809598671.88,117366000000.0,-0.003263758493655935,187907848829.96082,187907848829.96042,187907848829.96042,187907848829.96042,3.851168294955231,3.7693025885208025,-9.151256242708593,16.29440857556153,25.95921751380775,0.008515624881560768,321.96679843147336,0.8724891426537279,2.71215083805673,-0.04726352663491966,303.43167217920666,1.1433154563080523,2.5535611039890327,-0.04899416650230995,100022,2014-07-04,2016-06-24,2.0
2015-11-13,56912625829.840004,117366000000.0,-0.0036960776742885047,187093257912.40854,187093257912.40924,187093257912.40924,187093257912.40924,3.799949973159575,3.72106664109782,-9.20509667660985,16.2435062589394,25.954873034902736,-0.004344478905014881,321.96679843147336,0.8724891426537279,2.71215083805673,-0.04726352663491966,303.43167217920666,1.1433154563080523,2.5535611039890327,-0.04899416650230995,100022,2014-07-04,2016-06-24,2.0
2015-11-20,59699863587.32,117366000000.0,-0.0037500744134523335,189884276876.3744,189884276876.37305,189884276876.37305,189884276876.37305,3.79355273950645,3.715041877144498,-9.21182134141908,16.2371484183504,25.969680654477262,0.014807619574526143,321.96679843147336,0.8724891426537279,2.71215083805673,-0.04726352663491966,303.43167217920666,1.1433154563080523,2.5535611039890327,-0.04899416650230995,100022,2014-07-04,2016-06-24,2.0
2015-11-27,61102512394.0,117366000000.0,-0.004022029296182588,191334061657.46652,191334061657.46564,191334061657.46564,191334061657.46564,3.761332846056011,3.684697830458189,-9.245690104558394,16.205126671073312,25.977286751162744,0.007606096685481845,321.96679843147336,0.8724891426537279,2.71215083805673,-0.04726352663491966,303.43167217920666,1.1433154563080523,2.5535611039890327,-0.04899416650230995,100022,2014-07-04,2016-06-24,2.0
2015-12-04,59097868391.32,117366000000.0,-0.003145713841542994,189141196724.5919,189141196724.5914,189141196724.5914,189141196724.5914,3.865153305360149,3.782473189556493,-9.136555088848143,16.30875676545695,25.9657596457031,-0.011527105459645526,321.96679843147336,0.8724891426537279,2.71215083805673,-0.04726352663491966,303.43167217920666,1.1433154563080523,2.5535611039890327,-0.04899416650230995,100022,2014-07-04,2016-06-24,2.0
2015-12-11,56653767895.56,117366000000.0,-0.003569725131760979,186773112085.7261,186773112085.72543,186773112085.72543,186773112085.72543,3.8149194714176944,3.735164533596921,-9.18936092678877,16.258383511262267,25.953160412796947,-0.012599232906151059,321.96679843147336,0.8724891426537279,2.71215083805673,-0.04726352663491966,303.43167217920666,1.1433154563080523,2.5535611039890327,-0.04899416650230995,100022,2014-07-04,2016-06-24,2.0
2015-12-18,58218955405.159996,117366000000.0,-0.0038079263706040224,188377442677.7417,188377442677.7409,188377442677.7409,188377442677.7409,3.786698747162255,3.7085869405788072,-9.219026125123289,16.23033661286163,25.961713460910477,0.008553048113530082,321.96679843147336,0.8724891426537279,2.71215083805673,-0.04726352663491966,303.43167217920666,1.1433154563080523,2.5535611039890327,-0.04899416650230995,100022,2014-07-04,2016-06-24,2.0
2015-12-25,59326626565.799995,117366000000.0,-0.0038224843274157205,189479000674.65622,189479000674.65616,189479000674.65616,189479000674.65616,3.784973995569071,3.7069626068273456,-9.220839147556502,16.228622474176568,25.967544040946763,0.005830580036285227,321.96679843147336,0.8724891426537279,2.71215083805673,-0.04726352663491966,303.43167217920666,1.1433154563080523,2.5535611039890327,-0.04899416650230995,100022,2014-07-04,2016-06-24,2.0
2016-01-01,58772790985.479996,117366000000.0,-0.0039681064438854725,188943643404.60922,188943643404.60864,188943643404.60864,188943643404.60864,3.767721388799799,3.690714445923686,-9.238974657811593,16.21147595979818,25.964714624496253,-0.002829416450509825,321.96679843147336,0.8724891426537279,2.71215083805673,-0.04726352663491966,303.43167217920666,1.1433154563080523,2.5535611039890327,-0.04899416650230995,100022,2014-07-04,2016-06-24,2.0
2016-01-08,50230479154.24,117366000000.0,-0.004354404010770185,180459246125.76575,180459246125.76627,180459246125.76627,180459246125.76627,3.7219542760480704,3.6476116374139838,-9.28708333089705,16.16598968518171,25.918770805989723,-0.04594381850652951,321.96679843147336,0.8724891426537279,2.71215083805673,-0.04726352663491966,303.43167217920666,1.1433154563080523,2.5535611039890327,-0.04899416650230995,100022,2014-07-04,2016-06-24,2.0
2016-01-15,46967665191.92,117366000000.0,-0.00419042178824033,177150084915.76318,177150084915.7623,177150084915.7623,177150084915.7623,3.741382363265262,3.665908775659299,-9.266661355866395,16.185298663497207,25.900263147601624,-0.018507658388099202,321.96679843147336,0.8724891426537279,2.71215083805673,-0.04726352663491966,303.43167217920666,1.1433154563080523,2.5535611039890327,-0.04899416650230995,100022,2014-07-04,2016-06-24,2.0
2016-01-22,47985037073.159996,117366000000.0,-0.0043253692270820475,178184600919.05466,178184600919.05463,178184600919.05463,178184600919.05463,3.7253942323086866,3.650851351583252,-9.283467406813187,16.169408563367522,25.90608593365351,0.005822786051886908,321.96679843147336,0.8724891426537279,2.71215083805673,-0.04726352663491966,303.43167217920666,1.1433154563080523,2.5535611039890327,-0.04899416650230995,100022,2014-07-04,2016-06-24,2.0
2016-01-29,46148951725.36,117366000000.0,-0.004507965977424311,176368399708.1382,176368399708.1377,176368399708.1377,176368399708.1377,3.703760643963248,3.630477033821205,-9.30620756350692,16.147907451100878,25.895840824495075,-0.01024510915843635,321.96679843147336,0.8724891426537279,2.71215083805673,-0.04726352663491966,303.43167217920666,1.1433154563080523,2.5535611039890327,-0.04899416650230995,100022,2014-07-04,2016-06-24,2.0
2016-02-05,43590472142.36,117366000000.0,-0.0045924088331738225,173808379446.26764,173808379446.26797,173808379446.26797,173808379446.26797,3.693756026254047,3.6210547475234875,-9.31672385942092,16.137964031882962,25.881219261770077,-0.014621562724997261,321.96679843147336,0.8724891426537279,2.71215083805673,-0.04726352663491966,303.43167217920666,1.1433154563080523,2.5535611039890327,-0.04899416650230995,100022,2014-07-04,2016-06-24,2.0
2016-02-12,42296182470.96001,117366000000.0,-0.004854214196369675,172546137084.45306,172546137084.45267,172546137084.45267,172546137084.45267,3.6627376687176425,3.591841740810006,-9.349328374476714,16.10713514837242,25.873930499015557,-0.007288762754519951,321.96679843147336,0.8724891426537279,2.71215083805673,-0.04726352663491966,303.43167217920666,1.1433154563080523,2.5535611039890327,-0.04899416650230995,100022,2014-07-04,2016-06-24,2.0
2016-02-19,44445305320.68,117366000000.0,-0.0049035102670349625,174699155744.10986,174699155744.11057,174699155744.11057,174699155744.11057,3.656897102439123,3.586341092100888,-9.355467561976653,16.101330213835222,25.886331221470915,0.012400722455357283,321.96679843147336,0.8724891426537279,2.71215083805673,-0.04726352663491966,303.43167217920666,1.1433154563080523,2.5535611039890327,-0.04899416650230995,100022,2014-07-04,2016-06-24,2.0
2016-02-26,44481425032.44,117366000000.0,-0.005039624489232013,174747529349.79105,174747529349.79108,174747529349.79108,174747529349.79108,3.6407703254051142,3.5711528530574954,-9.37241881218309,16.085301747747167,25.886608079761764,0.0002768582908494466,321.96679843147336,0.8724891426537279,2.71215083805673,-0.04726352663491966,303.43167217920666,1.1433154563080523,2.5535611039890327,-0.04899416650230995,100022,2014-07-04,2016-06-24,2.0
2016-03-04,49742863045.479996,117366000000.0,-0.005090166714876379,180012885558.22406,180012885558.2231,180012885558.2231,180012885558.2231,3.6347820761686633,3.5655130933021892,-9.378713181515872,16.07934997589609,25.916294271709006,0.02968619194724198,321.96679843147336,0.8724891426537279,2.71215083805673,-0.04726352663491966,303.43167217920666,1.1433154563080523,2.5535611039890327,-0.04899416650230995,100022,2014-07-04,2016-06-24,2.0
2016-03-11,47389061829.12,117366000000.0,-0.004514127762970936,177547914727.4946,177547914727.49518,177547914727.49518,177547914727.49518,3.7030306091689136,3.6297894922199436,-9.306974936690638,16.147181883361462,25.902506351560795,-0.01378792014821073,321.96679843147336,0.8724891426537279,2.71215083805673,-0.04726352663491966,303.43167217920666,1.1433154563080523,2.5535611039890327,-0.04899416650230995,100022,2014-07-04,2016-06-24,2.0
2016-03-18,49110768089.68,129410000000.0,-0.004798085335352043,179307286428.43738,179307286428.43698,179307286428.43698,179307286428.43698,3.6693877671303374,3.598104800061494,-9.342338248042129,16.11374465890982,25.9123668549272,0.009860503366404316,321.96679843147336,0.8724891426537279,2.71215083805673,-0.04726352663491966,303.43167217920666,1.1433154563080523,2.5535611039890327,-0.04899416650230995,100022,2014-07-04,2016-06-24,2.0
2016-03-25,47906777697.68,129410000000.0,-0.004772163451317839,178086466951.75003,178086466951.75018,178086466951.75018,178086466951.75018,3.672458964838638,3.600997249855898,-9.339110010181795,16.11679710577521,25.905535038682597,-0.0068318162446026065,321.96679843147336,0.8724891426537279,2.71215083805673,-0.04726352663491966,303.43167217920666,1.1433154563080523,2.5535611039890327,-0.04899416650230995,100022,2014-07-04,2016-06-24,2.0
2016-04-01,46955625288.0,129410000000.0,-0.004837807331449042,177133437292.4995,177133437292.499,177133437292.499,177133437292.499,3.6646815411056113,3.59367247962448,-9.347285111216776,16.10906715854301,25.900169168501655,-0.005365870180941812,321.96679843147336,0.8724891426537279,2.71215083805673,-0.04726352663491966,303.43167217920666,1.1433154563080523,2.5535611039890327,-0.04899416650230995,100022,2014-07-04,2016-06-24,2.0
2016-04-08,44728243062.799995,129410000000.0,-0.0050752543855854945,174929317328.5233,174929317328.52264,174929317328.52264,174929317328.52264,3.6365488919232183,3.5671770888889287,-9.37685604737196,16.0811060306673,25.887647828300082,-0.012521340201573139,321.96679843147336,0.8724891426537279,2.71215083805673,-0.04726352663491966,303.43167217920666,1.1433154563080523,2.5535611039890327,-0.04899416650230995,100022,2014-07-04,2016-06-24,2.0
2016-04-15,47178363510.520004,129410000000.0,-0.005192512967785851,177388050564.11783,177388050564.11905,177388050564.11905,177388050564.11905,3.622656046649879,3.5540927255433163,-9.391459052103459,16.06729776592499,25.901605545839093,0.013957717539010872,321.96679843147336,0.8724891426537279,2.71215083805673,-0.04726352663491966,303.43167217920666,1.1433154563080523,2.5535611039890327,-0.04899416650230995,100022,2014-07-04,2016-06-24,2.0
2016-04-22,49833162324.88,129410000000.0,-0.005201653725431045,180033143788.21814,180033143788.21698,180033143788.21698,180033143788.21698,3.6215730434999456,3.5530727453899664,-9.392597411853103,16.066221352762952,25.916406803043138,0.014801257204045015,321.96679843147336,0.8724891426537279,2.71215083805673,-0.04726352663491966,303.43167217920666,1.1433154563080523,2.5535611039890327,-0.04899416650230995,100022,2014-07-04,2016-06-24,2.0
2016-04-29,48460613278.0,129410000000.0,-0.005180846165192681,178644041611.81244,178644041611.81213,178644041611.81213,178644041611.81213,3.6240383368088835,3.555394576055299,-9.390006106926016,16.06867164424297,25.90866106856079,-0.00774573448234861,321.96679843147336,0.8724891426537279,2.71215083805673,-0.04726352663491966,303.43167217920666,1.1433154563080523,2.5535611039890327,-0.04899416650230995,100022,2014-07-04,2016-06-24,2.0
2016-05-06,45565016385.24,129410000000.0,-0.005255255910523684,175744857373.90628,175744857373.90628,175744857373.90628,175744857373.90628,3.6152222133486265,3.5470914837583423,-9.399272848935398,16.059909156992102,25.89229910617867,-0.01636196238212051,321.96679843147336,0.8724891426537279,2.71215083805673,-0.04726352663491966,303.43167217920666,1.1433154563080523,2.5535611039890327,-0.04899416650230995,100022,2014-07-04,2016-06-24,2.0
2016-05-13,44409185608.92,129410000000.0,-0.005330627522565173,174586205707.56464,174586205707.56525,174586205707.56525,174586205707.56525,3.6062921037173576,3.5386810245471794,-9.408659372208621,16.051033343755115,25.885684472119536,-0.0066146340591330954,321.96679843147336,0.8724891426537279,2.71215083805673,-0.04726352663491966,303.43167217920666,1.1433154563080523,2.5535611039890327,-0.04899416650230995,100022,2014-07-04,2016-06-24,2.0
2016-05-20,43163055553.200005,129410000000.0,-0.005381800125490273,173333223096.0683,173333223096.06805,173333223096.06805,173333223096.06805,3.6002291052615876,3.532970829003851,-9.41503222980958,16.045007190123997,25.87848172386935,-0.00720274825018663,321.96679843147336,0.8724891426537279,2.71215083805673,-0.04726352663491966,303.43167217920666,1.1433154563080523,2.5535611039890327,-0.04899416650230995,100022,2014-07-04,2016-06-24,2.0
2016-05-27,45245958931.36,129410000000.0,-0.005511659954575418,175423187924.5645,175423187924.56482,175423187924.56482,175423187924.56482,3.5848430902668906,3.518480089841504,-9.431204506895211,16.029714606484294,25.890467108400884,0.011985384531534748,321.96679843147336,0.8724891426537279,2.71215083805673,-0.04726352663491966,303.43167217920666,1.1433154563080523,2.5535611039890327,-0.04899416650230995,100022,2014-07-04,2016-06-24,2.0
2016-06-03,43506192814.92,129410000000.0,-0.0055372453045172375,173672174964.22458,173672174964.22443,173672174964.22443,173672174964.22443,3.581811685950401,3.5156250708963603,-9.434390812291248,16.026701598577098,25.88043530717296,-0.010031801227924575,321.96679843147336,0.8724891426537279,2.71215083805673,-0.04726352663491966,303.43167217920666,1.1433154563080523,2.5535611039890327,-0.04899416650230995,100022,2014-07-04,2016-06-24,2.0
2016-06-10,42561060357.200005,129410000000.0,-0.005629565200942901,172725238248.36197,172725238248.3629,172725238248.3629,172725238248.3629,3.5708734143086116,3.505082916395002,-9.445887986488048,16.015829674855706,25.874967950671095,-0.005467356501863918,321.96679843147336,0.8724891426537279,2.71215083805673,-0.04726352663491966,303.43167217920666,1.1433154563080523,2.5535611039890327,-0.04899416650230995,100022,2014-07-04,2016-06-24,2.0
2016-06-17,41519608668.12,129410000000.0,-0.005830890049573294,171695819586.34894,171695819586.34796,171695819586.34796,171695819586.34796,3.547019865786424,3.479703808286216,-9.470960195448106,15.992120639107721,25.868990257356867,-0.005977693314228816,321.96679843147336,0.8724891426537279,2.71215083805673,-0.04726352663491966,303.43167217920666,1.1433154563080523,2.5535611039890327,-0.04899416650230995,100022,2014-07-04,2016-06-24,2.0
2016-06-24,41332990157.36,129410000000.0,-0.006369741549732035,171565085463.2813,171565085463.28152,171565085463.28152,171565085463.28152,3.483174369483714,3.411773392362397,-9.538066424012463,15.928660757386933,25.868228538632337,-0.0007617187245294588,321.96679843147336,0.8724891426537279,2.71215083805673,-0.04726352663491966,303.43167217920666,1.1433154563080523,2.5535611039890327,-0.04899416650230995,100022,2014-07-04,2016-06-24,2.0
2014-10-03,50988993101.200005,102725000000.0,-0.000828643689372841,180571783097.873,180571783097.8725,180571783097.8725,180571783097.8725,0.6915303063753442,1.1447789423363441,-11.445007368881614,12.94043597323098,25.919394225954445,,273.11277467146294,-1.8625753954321347,2.2570100341923083,0.005340762505590393,248.24138231197628,-2.092684819787853,2.005126033825653,-0.0008783763067393027,100022,2014-10-03,2016-09-30,3.0
2014-10-10,47876677937.88,102725000000.0,-0.0008556882255797649,177420006791.01566,177420006791.01584,177420006791.01584,177420006791.01584,0.6882367928995646,1.1412030734468965,-11.449190075067651,12.936850248520306,25.901785678315346,-0.01760854763909947,273.11277467146294,-1.8625753954321347,2.2570100341923083,0.005340762505590393,248.24138231197628,-2.092684819787853,2.005126033825653,-0.0008783763067393027,100022,2014-10-03,2016-09-30,3.0
2014-10-17,48502752941.71999,102725000000.0,-0.0007103674000181104,178003996106.32095,178003996106.32224,178003996106.32224,178003996106.32224,0.7059341327172591,1.1604176159608337,-11.42671455341633,12.956117701431172,25.905071837022017,0.0032861587066719267,273.11277467146294,-1.8625753954321347,2.2570100341923083,0.005340762505590393,248.24138231197628,-2.092684819787853,2.005126033825653,-0.0008783763067393027,100022,2014-10-03,2016-09-30,3.0
2014-10-24,49538184678.840004,102725000000.0,-0.000726557193000541,179064666365.1583,179064666365.15884,179064666365.15884,179064666365.15884,0.7039625197034192,1.1582769759241565,-11.429218515210392,12.953971172725643,25.911012842156644,0.00594100513462692,273.11277467146294,-1.8625753954321347,2.2570100341923083,0.005340762505590393,248.24138231197628,-2.092684819787853,2.005126033825653,-0.0008783763067393027,100022,2014-10-03,2016-09-30,3.0
2014-10-31,51362230122.71999,102725000000.0,-0.0008147725709067233,180949456014.6035,180949456014.60385,180949456014.60385,180949456014.60385,0.6932195468021668,1.1466130025061911,-11.442862055600461,12.942275086832641,25.921483580677002,0.010470738520357514,273.11277467146294,-1.8625753954321347,2.2570100341923083,0.005340762505590393,248.24138231197628,-2.092684819787853,2.005126033825653,-0.0008783763067393027,100022,2014-10-03,2016-09-30,3.0
2014-11-07,50164259682.68,102725000000.0,-0.0008388353061636144,179745375715.98233,179745375715.98184,179745375715.98184,179745375715.98184,0.6902891599383856,1.143431391509147,-11.44658360578512,12.939084708767322,25.914807107019044,-0.006676473657957871,273.11277467146294,-1.8625753954321347,2.2570100341923083,0.005340762505590393,248.24138231197628,-2.092684819787853,2.005126033825653,-0.0008783763067393027,100022,2014-10-03,2016-09-30,3.0
2014-11-14,50001720979.76,102725000000.0,-0.0007905419066487274,179563819182.1802,179563819182.18097,179563819182.18097,179563819182.18097,0.6961703848788249,1.1498168177606223,-11.439114519004356,12.945487727018968,25.913796520305258,-0.0010105867137859548,273.11277467146294,-1.8625753954321347,2.2570100341923083,0.005340762505590393,248.24138231197628,-2.092684819787853,2.005126033825653,-0.0008783763067393027,100022,2014-10-03,2016-09-30,3.0
2014-11-21,53071896479.36,102725000000.0,-0.0006802536365304391,182631696918.77356,182631696918.77396,182631696918.77396,182631696918.77396,0.7096014248237129,1.164399305912659,-11.422057051494551,12.960110340621284,25.93073737667361,0.01694085636835041,273.11277467146294,-1.8625753954321347,2.2570100341923083,0.005340762505590393,248.24138231197628,-2.092684819787853,2.005126033825653,-0.0008783763067393027,100022,2014-10-03,2016-09-30,3.0
2014-11-28,55353458272.200005,102725000000.0,-0.0006331650785279575,184917629979.01376,184917629979.01358,184917629979.01358,184917629979.01358,0.7153359307491186,1.1706254316601081,-11.414774122525827,12.966353577250512,25.943176319517796,0.012438942844188006,273.11277467146294,-1.8625753954321347,2.2570100341923083,0.005340762505590393,248.24138231197628,-2.092684819787853,2.005126033825653,-0.0008783763067393027,100022,2014-10-03,2016-09-30,3.0
2014-12-05,55594256350.6,102725000000.0,-0.0005971037003509272,185147686090.16394,185147686090.16348,185147686090.16348,185147686090.16348,0.7197275339368716,1.1753935268415885,-11.40919666997894,12.971134767780084,25.9444196467403,0.001243327222503865,273.11277467146294,-1.8625753954321347,2.2570100341923083,0.005340762505590393,248.24138231197628,-2.092684819787853,2.005126033825653,-0.0008783763067393027,100022,2014-10-03,2016-09-30,3.0
2014-12-12,52963537344.08,102725000000.0,-0.0006205328303227952,182503154455.8618,182503154455.86273,182503154455.86273,182503154455.86273,0.7168743027877105,1.1722956883438003,-11.412820352680237,12.968028422056005,25.930033294509236,-0.014386352231063881,273.11277467146294,-1.8625753954321347,2.2570100341923083,0.005340762505590393,248.24138231197628,-2.092684819787853,2.005126033825653,-0.0008783763067393027,100022,2014-10-03,2016-09-30,3.0
2014-12-19,54143447928.24,102725000000.0,-0.0007444405112366903,183739364241.8286,183739364241.82928,183739364241.82928,183739364241.82928,0.7017846674148207,1.155912415523153,-11.431984395160635,12.951600105945012,25.936784091687027,0.006750797177790702,273.11277467146294,-1.8625753954321347,2.2570100341923083,0.005340762505590393,248.24138231197628,-2.092684819787853,2.005126033825653,-0.0008783763067393027,100022,2014-10-03,2016-09-30,3.0
2014-12-26,54679223652.68,102725000000.0,-0.0007939924924829911,184297629289.19778,184297629289.19907,184297629289.19907,184297629289.19907,0.6957501685408286,1.1493605760308738,-11.439648190637131,12.945030228771651,25.939817838214438,0.003033746527410841,273.11277467146294,-1.8625753954321347,2.2570100341923083,0.005340762505590393,248.24138231197628,-2.092684819787853,2.005126033825653,-0.0008783763067393027,100022,2014-10-03,2016-09-30,3.0
2015-01-02,52981597199.96001,102725000000.0,-0.0008897279313009143,182619638277.90375,182619638277.9024,182619638277.9024,182619638277.9024,0.6840914010844692,1.1367022935891642,-11.454454628006767,12.932337057698557,25.930671347396153,-0.009146490818285002,273.11277467146294,-1.8625753954321347,2.2570100341923083,0.005340762505590393,248.24138231197628,-2.092684819787853,2.005126033825653,-0.0008783763067393027,100022,2014-10-03,2016-09-30,3.0
2015-01-09,53071896479.36,102725000000.0,-0.0010103659306464373,182753470260.63858,182753470260.63776,182753470260.63776,182753470260.63776,0.6693999865151693,1.1207513671938891,-11.47311217115486,12.916342093463067,25.931403924510306,0.0007325771141530879,273.11277467146294,-1.8625753954321347,2.2570100341923083,0.005340762505590393,248.24138231197628,-2.092684819787853,2.005126033825653,-0.0008783763067393027,100022,2014-10-03,2016-09-30,3.0
2015-01-16,56340730393.64,102725000000.0,-0.0012027075172804747,186114146993.86,186114146993.86115,186114146993.86115,186114146993.86115,0.6459764716162067,1.0953197140730937,-11.502858449793262,12.890840057116273,25.949626015942137,0.018222091431830734,273.11277467146294,-1.8625753954321347,2.2570100341923083,0.005340762505590393,248.24138231197628,-2.092684819787853,2.005126033825653,-0.0008783763067393027,100022,2014-10-03,2016-09-30,3.0
2015-01-23,61885106148.799995,102725000000.0,-0.0018699821637219061,191916350070.33005,191916350070.33096,191916350070.33096,191916350070.33096,0.5647155507317616,1.006355778164785,-11.567911103380519,12.802366565766976,25.98032543732249,0.030699421380354863,273.11277467146294,-1.8625753954321347,2.2570100341923083,0.005340762505590393,248.24138231197628,-2.092684819787853,2.005126033825653,-0.0008783763067393027,100022,2014-10-03,2016-09-30,3.0
2015-01-30,62246303266.4,102725000000.0,-0.0018365672540792072,192263549450.29144,192263549450.29294,192263549450.29294,192263549450.29294,0.5687848166833092,1.011160523982984,-11.564656952806542,12.80679707735,25.982132921133697,0.0018074838112056568,273.11277467146294,-1.8625753954321347,2.2570100341923083,0.005340762505590393,248.24138231197628,-2.092684819787853,2.005126033825653,-0.0008783763067393027,100022,2014-10-03,2016-09-30,3.0
2015-02-06,64323186692.6,102725000000.0,-0.0020336007627560996,194410697367.44592,194410697367.44717,194410697367.44717,194410697367.44717,0.5447901058305624,0.982828989120385,-11.583845255633607,12.780672157229374,25.99323875506911,0.011105833935413756,273.11277467146294,-1.8625753954321347,2.2570100341923083,0.005340762505590393,248.24138231197628,-2.092684819787853,2.005126033825653,-0.0008783763067393027,100022,2014-10-03,2016-09-30,3.0
2015-02-13,64895082128.799995,102725000000.0,-0.0019239942691234469,194942182926.31195,194942182926.31104,194942182926.31104,194942182926.31104,0.558137962208628,0.9985893528166688,-11.57317113057559,12.795205042881515,25.9959688537322,0.0027300986630898194,273.11277467146294,-1.8625753954321347,2.2570100341923083,0.005340762505590393,248.24138231197628,-2.092684819787853,2.005126033825653,-0.0008783763067393027,100022,2014-10-03,2016-09-30,3.0
2015-02-20,66881666275.6,102725000000.0,-0.0020314025243390234,196965232860.8986,196965232860.89932,196965232860.89932,196965232860.89932,0.5450578067110664,0.9831450746890574,-11.583631178531753,12.780963625452843,26.006293067169857,0.010324213437655771,273.11277467146294,-1.8625753954321347,2.2570100341923083,0.005340762505590393,248.24138231197628,-2.092684819787853,2.005126033825653,-0.0008783763067393027,100022,2014-10-03,2016-09-30,3.0
2015-02-27,68025457148.0,102725000000.0,-0.0024664515505081032,198253316536.36157,198253316536.36276,198253316536.36276,198253316536.36276,0.4920777710532194,0.9205892492095631,-11.625998527122796,12.723279271977184,26.012811426382537,0.0065183592126807355,273.11277467146294,-1.8625753954321347,2.2570100341923083,0.005340762505590393,248.24138231197628,-2.092684819787853,2.005126033825653,-0.0008783763067393027,100022,2014-10-03,2016-09-30,3.0
2015-03-06,69410046098.8,102725000000.0,-0.0022610116689517935,199565319472.9319,199565319472.9329,199565319472.9329,199565319472.9329,0.5170960993975948,0.9501294977417701,-11.605991774615143,12.750519227227826,26.019407435591866,0.006596009209328457,273.11277467146294,-1.8625753954321347,2.2570100341923083,0.005340762505590393,248.24138231197628,-2.092684819787853,2.005126033825653,-0.0008783763067393027,100022,2014-10-03,2016-09-30,3.0
2015-03-13,72209323760.2,102725000000.0,-0.0024755877278853167,202433762979.0173,202433762979.01764,202433762979.01764,202433762979.01764,0.4909651748643671,0.91927555662233,-11.626888250914519,12.722067871225896,26.033678573585398,0.01427113799353208,273.11277467146294,-1.8625753954321347,2.2570100341923083,0.005340762505590393,248.24138231197628,-2.092684819787853,2.005126033825653,-0.0008783763067393027,100022,2014-10-03,2016-09-30,3.0
2015-03-20,70282939133.0,117366000000.0,-0.002382728941192464,200468970203.5372,200468970203.53616,200468970203.53616,200468970203.53616,0.5022734467231292,0.9326277402102675,-11.617845217410174,12.734380354822957,26.023925309639022,-0.009753263946375768,273.11277467146294,-1.8625753954321347,2.2570100341923083,0.005340762505590393,248.24138231197628,-2.092684819787853,2.005126033825653,-0.0008783763067393027,100022,2014-10-03,2016-09-30,3.0
2015-03-27,69891642255.59999,117366000000.0,-0.0025900388100694493,200139647938.4669,200139647938.46585,200139647938.46585,200139647938.46585,0.4770274250237666,0.9028186185446873,-11.638034016740377,12.706892330093357,26.022281199530855,-0.0016441101081667853,273.11277467146294,-1.8625753954321347,2.2570100341923083,0.005340762505590393,248.24138231197628,-2.092684819787853,2.005126033825653,-0.0008783763067393027,100022,2014-10-03,2016-09-30,3.0
2015-04-03,69199347780.2,117366000000.0,-0.00254129996086175,199424645239.95877,199424645239.95798,199424645239.95798,199424645239.95798,0.4829627961765683,0.9098267840805379,-11.633287610298177,12.713354822817902,26.018702283827434,-0.0035789157034216146,273.11277467146294,-1.8625753954321347,2.2570100341923083,0.005340762505590393,248.24138231197628,-2.092684819787853,2.005126033825653,-0.0008783763067393027,100022,2014-10-03,2016-09-30,3.0
2015-04-10,70644136250.59999,117366000000.0,-0.0027766791350716472,200940963718.88892,200940963718.88858,200940963718.88858,200940963718.88858,0.4542985706027095,0.875981593071109,-11.655868652296173,12.682144785510653,26.026276989022072,0.0075747051946386534,273.11277467146294,-1.8625753954321347,2.2570100341923083,0.005340762505590393,248.24138231197628,-2.092684819787853,2.005126033825653,-0.0008783763067393027,100022,2014-10-03,2016-09-30,3.0
2015-04-17,66460269638.4,117366000000.0,-0.0029147858761081904,196789906270.9002,196789906270.9008,196789906270.9008,196789906270.9008,0.4374801124089073,0.8561232269058472,-11.668966149706085,12.663832437279298,26.005402530975346,-0.02087445804672683,273.11277467146294,-1.8625753954321347,2.2570100341923083,0.005340762505590393,248.24138231197628,-2.092684819787853,2.005126033825653,-0.0008783763067393027,100022,2014-10-03,2016-09-30,3.0
2015-04-24,66490369398.200005,117366000000.0,-0.0026941512127789825,196743107170.69708,196743107170.6976,196743107170.6976,196743107170.6976,0.46434872500202234,0.8878482865821935,-11.648042018760453,12.693087582856613,26.005164690190327,-0.00023784078501876138,273.11277467146294,-1.8625753954321347,2.2570100341923083,0.005340762505590393,248.24138231197628,-2.092684819787853,2.005126033825653,-0.0008783763067393027,100022,2014-10-03,2016-09-30,3.0
2015-05-01,63871690295.6,117366000000.0,-0.002587917817145178,194080534487.84186,194080534487.8412,194080534487.8412,194080534487.8412,0.47728571748053716,0.9031235963707268,-11.637827465113173,12.707173561863502,25.99153903609467,-0.013625654095655193,273.11277467146294,-1.8625753954321347,2.2570100341923083,0.005340762505590393,248.24138231197628,-2.092684819787853,2.005126033825653,-0.0008783763067393027,100022,2014-10-03,2016-09-30,3.0
2015-05-08,65918473962.0,117366000000.0,-0.0026562975539913235,196146085123.69577,196146085123.69644,196146085123.69644,196146085123.69644,0.4689585025307833,0.8932912670094744,-11.644452119168083,12.698106781337751,26.002125550818533,0.01058651472386174,273.11277467146294,-1.8625753954321347,2.2570100341923083,0.005340762505590393,248.24138231197628,-2.092684819787853,2.005126033825653,-0.0008783763067393027,100022,2014-10-03,2016-09-30,3.0
2015-05-15,61403509992.0,117366000000.0,-0.0023763760604034925,191530150092.2338,191530150092.2329,191530150092.2329,191530150092.2329,0.5030470960768638,0.933541222372859,-11.61722654267858,12.735222704838955,25.97831107490936,-0.023814475909173183,273.11277467146294,-1.8625753954321347,2.2570100341923083,0.005340762505590393,248.24138231197628,-2.092684819787853,2.005126033825653,-0.0008783763067393027,100022,2014-10-03,2016-09-30,3.0
2015-05-22,63089096540.799995,117366000000.0,-0.0025450576896501064,193265803895.86713,193265803895.8669,193265803895.8669,193265803895.8669,0.4825051833947206,0.9092864597206364,-11.63365355488751,12.712856569869928,25.987332300608948,0.009021225699587632,273.11277467146294,-1.8625753954321347,2.2570100341923083,0.005340762505590393,248.24138231197628,-2.092684819787853,2.005126033825653,-0.0008783763067393027,100022,2014-10-03,2016-09-30,3.0
2015-05-29,60620916237.200005,117366000000.0,-0.0024557794986057803,190759640605.49997,190759640605.49988,190759640605.49988,190759640605.49988,0.49337740491754317,0.9221237855242818,-11.624959232411213,12.724694319709053,25.974280046360715,-0.013052254248233197,273.11277467146294,-1.8625753954321347,2.2570100341923083,0.005340762505590393,248.24138231197628,-2.092684819787853,2.005126033825653,-0.0008783763067393027,100022,2014-10-03,2016-09-30,3.0
2015-06-05,59952701569.64,117366000000.0,-0.0024254601275671473,190075324769.54745,190075324769.54852,190075324769.54852,190075324769.54852,0.497069674237747,0.9264834138009769,-11.622006587653619,12.728714476835059,25.9706862766984,-0.003593769662312951,273.11277467146294,-1.8625753954321347,2.2570100341923083,0.005340762505590393,248.24138231197628,-2.092684819787853,2.005126033825653,-0.0008783763067393027,100022,2014-10-03,2016-09-30,3.0
2015-06-12,60151359984.32,117366000000.0,-0.0023845845925611854,190256933818.53845,190256933818.5372,190256933818.5372,190256933818.5372,0.5020474668144195,0.9323609156849113,-11.618025929835465,12.734134307676197,25.971641278850814,0.0009550021524127317,273.11277467146294,-1.8625753954321347,2.2570100341923083,0.005340762505590393,248.24138231197628,-2.092684819787853,2.005126033825653,-0.0008783763067393027,100022,2014-10-03,2016-09-30,3.0
2015-06-19,58839010457.03999,117366000000.0,-0.002422766757622434,188947592560.0101,188947592560.01105,188947592560.01105,188947592560.01105,0.49739767078234765,0.9268706940131579,-11.621744294352292,12.729071600467813,25.964735525512346,-0.0069057533384686565,273.11277467146294,-1.8625753954321347,2.2570100341923083,0.005340762505590393,248.24138231197628,-2.092684819787853,2.005126033825653,-0.0008783763067393027,100022,2014-10-03,2016-09-30,3.0
2015-06-26,62306502786.0,117366000000.0,-0.002460915246111546,192428253945.82797,192428253945.82715,192428253945.82715,192428253945.82715,0.4927519777145721,0.9213853154344032,-11.62545937574265,12.724013351587777,25.982989214426894,0.01825368891454815,273.11277467146294,-1.8625753954321347,2.2570100341923083,0.005340762505590393,248.24138231197628,-2.092684819787853,2.005126033825653,-0.0008783763067393027,100022,2014-10-03,2016-09-30,3.0
2015-07-03,59537324884.4,117366000000.0,-0.00271000448128766,189721135928.68195,189721135928.68283,189721135928.68283,189721135928.68283,0.4624181317065259,0.8855687441406137,-11.649545482982434,12.6909855197938,25.968821125333413,-0.014168089093480773,273.11277467146294,-1.8625753954321347,2.2570100341923083,0.005340762505590393,248.24138231197628,-2.092684819787853,2.005126033825653,-0.0008783763067393027,100022,2014-10-03,2016-09-30,3.0
2015-07-10,57309942659.200005,117366000000.0,-0.0028624652795235773,187526436614.39005,187526436614.38913,187526436614.38913,187526436614.38913,0.44385164321465265,0.8636464034805023,-11.664004274002368,12.670769929596801,25.95718566769472,-0.011635457638693225,273.11277467146294,-1.8625753954321347,2.2570100341923083,0.005340762505590393,248.24138231197628,-2.092684819787853,2.005126033825653,-0.0008783763067393027,100022,2014-10-03,2016-09-30,3.0
2015-07-17,57538700833.68,117366000000.0,-0.002900279842478238,187760464195.94516,187760464195.94434,187760464195.94434,187760464195.94434,0.4392466370102856,0.8582090487769405,-11.66759045596012,12.6657558779789,25.958432860769594,0.0012471930748745308,273.11277467146294,-1.8625753954321347,2.2570100341923083,0.005340762505590393,248.24138231197628,-2.092684819787853,2.005126033825653,-0.0008783763067393027,100022,2014-10-03,2016-09-30,3.0
2015-07-24,55166839761.44,117366000000.0,-0.0027894960759879918,185343588920.97607,185343588920.9752,185343588920.9752,185343588920.9752,0.4527377392472444,0.874138644905763,-11.657084161333556,12.680445319161937,25.94547717690245,-0.012955683867144074,273.11277467146294,-1.8625753954321347,2.2570100341923083,0.005340762505590393,248.24138231197628,-2.092684819787853,2.005126033825653,-0.0008783763067393027,100022,2014-10-03,2016-09-30,3.0
2015-07-31,54962161394.799995,117366000000.0,-0.0029062925276816167,185165349807.7578,185165349807.7578,185165349807.7578,185165349807.7578,0.43851442053422013,0.8573444850497972,-11.668160674816265,12.664958620646292,25.944515045583415,-0.0009621313190351088,273.11277467146294,-1.8625753954321347,2.2570100341923083,0.005340762505590393,248.24138231197628,-2.092684819787853,2.005126033825653,-0.0008783763067393027,100022,2014-10-03,2016-09-30,3.0
2015-08-07,55913313804.479996,117366000000.0,-0.0030009562957898804,186139800924.1564,186139800924.15704,186139800924.15704,186139800924.15704,0.4269864043435329,0.8437327887975596,-11.677138199356342,12.652406571698851,25.949763846208167,0.005248800624752192,273.11277467146294,-1.8625753954321347,2.2570100341923083,0.005340762505590393,248.24138231197628,-2.092684819787853,2.005126033825653,-0.0008783763067393027,100022,2014-10-03,2016-09-30,3.0
2015-08-14,51861886135.4,117366000000.0,-0.0029242938774928363,182045727882.81793,182045727882.81726,182045727882.81726,182045727882.81726,0.4363222413757889,0.8547560719102403,-11.669867850078514,12.66257171466209,25.927523744568074,-0.022240101640093712,273.11277467146294,-1.8625753954321347,2.2570100341923083,0.005340762505590393,248.24138231197628,-2.092684819787853,2.005126033825653,-0.0008783763067393027,100022,2014-10-03,2016-09-30,3.0
2015-08-21,48237875055.479996,117366000000.0,-0.0028004841279139713,178361377812.67184,178361377812.67166,178361377812.67166,178361377812.67166,0.451399627923989,0.8725586727907146,-11.658126225455591,12.678988354308045,25.90707754157309,-0.020446202994982343,273.11277467146294,-1.8625753954321347,2.2570100341923083,0.005340762505590393,248.24138231197628,-2.092684819787853,2.005126033825653,-0.0008783763067393027,100022,2014-10-03,2016-09-30,3.0
2015-08-28,49929481556.24,117366000000.0,-0.002702635304728821,180031748882.4142,180031748882.41492,180031748882.41492,180031748882.41492,0.46331554173912176,0.8866283584691335,-11.648846618097567,12.691962635408638,25.916399054963108,0.009321513390016634,273.11277467146294,-1.8625753954321347,2.2570100341923083,0.005340762505590393,248.24138231197628,-2.092684819787853,2.005126033825653,-0.0008783763067393027,100022,2014-10-03,2016-09-30,3.0
2015-09-04,48352254142.71999,117366000000.0,-0.0028864087493261094,178489727750.27356,178489727750.2741,178489727750.2741,178489727750.2741,0.4409358397056917,0.8602035726937219,-11.666274977157919,12.667595127236433,25.907796888892666,-0.008602166070442507,273.11277467146294,-1.8625753954321347,2.2570100341923083,0.005340762505590393,248.24138231197628,-2.092684819787853,2.005126033825653,-0.0008783763067393027,100022,2014-10-03,2016-09-30,3.0
2015-09-11,51488649113.88,117366000000.0,-0.002765140417905242,181604732386.83548,181604732386.83493,181604732386.83493,181604732386.83493,0.45570374162180133,0.8776407454948653,-11.654774364869738,12.68367476470785,25.925098362172935,0.017301473280269875,273.11277467146294,-1.8625753954321347,2.2570100341923083,0.005340762505590393,248.24138231197628,-2.092684819787853,2.005126033825653,-0.0008783763067393027,100022,2014-10-03,2016-09-30,3.0
2015-09-18,51597008249.159996,117366000000.0,-0.0028794374500842102,181738244729.74762,181738244729.74704,181738244729.74704,181738244729.74704,0.4417847950607427,0.8612059755655894,-11.665613847024748,12.668519492175527,25.925833273027582,0.0007349108546463867,273.11277467146294,-1.8625753954321347,2.2570100341923083,0.005340762505590393,248.24138231197628,-2.092684819787853,2.005126033825653,-0.0008783763067393027,100022,2014-10-03,2016-09-30,3.0
2015-09-25,47491401012.44,117366000000.0,-0.0028835143513214535,177606814482.37506,177606814482.3753,177606814482.3753,177606814482.3753,0.44128831555641784,0.860619758077449,-11.666000484037,12.66797891225806,25.902838036601572,-0.022995236426009313,273.11277467146294,-1.8625753954321347,2.2570100341923083,0.005340762505590393,248.24138231197628,-2.092684819787853,2.005126033825653,-0.0008783763067393027,100022,2014-10-03,2016-09-30,3.0
2015-10-02,47082044279.159996,117366000000.0,-0.002914101498148973,177197506151.03333,177197506151.03415,177197506151.03415,177197506151.03415,0.43756345499868066,0.8562216335768084,-11.668901246065657,12.663923183018579,25.900530801378594,-0.0023072352229789317,273.11277467146294,-1.8625753954321347,2.2570100341923083,0.005340762505590393,248.24138231197628,-2.092684819787853,2.005126033825653,-0.0008783763067393027,100022,2014-10-03,2016-09-30,3.0
2015-10-09,52855178208.799995,117366000000.0,-0.0028248906442560704,182968795264.5631,182968795264.56412,182968795264.56412,182968795264.56412,0.44842743323227635,0.8690492597499941,-11.660440844019988,12.675752161096021,25.932581457568062,0.032050656189468896,273.11277467146294,-1.8625753954321347,2.2570100341923083,0.005340762505590393,248.24138231197628,-2.092684819787853,2.005126033825653,-0.0008783763067393027,100022,2014-10-03,2016-09-30,3.0
2015-10-16,52217063301.03999,117366000000.0,-0.002991415426572077,182365140255.73376,182365140255.73267,182365140255.73267,182365140255.73267,0.42814827699510566,0.8451046694594111,-11.676233382866227,12.653671655920597,25.929276779302448,-0.0033046782656143137,273.11277467146294,-1.8625753954321347,2.2570100341923083,0.005340762505590393,248.24138231197628,-2.092684819787853,2.005126033825653,-0.0008783763067393027,100022,2014-10-03,2016-09-30,3.0
2015-10-23,56160131834.840004,117366000000.0,-0.003258473276524514,186378779559.01547,186378779559.01483,186378779559.01483,186378779559.01483,0.395626421758372,0.8067044660838513,-11.70155999836935,12.61826060331186,25.951046889149715,0.02177010984726735,273.11277467146294,-1.8625753954321347,2.2570100341923083,0.005340762505590393,248.24138231197628,-2.092684819787853,2.005126033825653,-0.0008783763067393027,100022,2014-10-03,2016-09-30,3.0
2015-10-30,56202271498.56,117366000000.0,-0.0032980895325971015,186423418570.6718,186423418570.67154,186423418570.67154,186423418570.67154,0.39080202911626466,0.8010080546883289,-11.705317025560143,12.6130075805099,25.9512863674151,0.00023947826538517347,273.11277467146294,-1.8625753954321347,2.2570100341923083,0.005340762505590393,248.24138231197628,-2.092684819787853,2.005126033825653,-0.0008783763067393027,100022,2014-10-03,2016-09-30,3.0
2015-11-06,57809598671.88,117366000000.0,-0.003263758493655935,188017025372.86713,188017025372.86688,188017025372.86688,188017025372.86688,0.3949827978997881,0.805944506003768,-11.70206122466025,12.617559796321371,25.95979835616998,0.00851198875487924,273.11277467146294,-1.8625753954321347,2.2570100341923083,0.005340762505590393,248.24138231197628,-2.092684819787853,2.005126033825653,-0.0008783763067393027,100022,2014-10-03,2016-09-30,3.0
2015-11-13,56912625829.840004,117366000000.0,-0.0036960776742885047,187217232953.63083,187217232953.6299,187217232953.6299,187217232953.6299,0.3423359084952231,0.7437814913624008,-11.74306031515897,12.56017179078598,25.9555354531292,-0.004262903040778809,273.11277467146294,-1.8625753954321347,2.2570100341923083,0.005340762505590393,248.24138231197628,-2.092684819787853,2.005126033825653,-0.0008783763067393027,100022,2014-10-03,2016-09-30,3.0
2015-11-20,59699863587.32,117366000000.0,-0.0037500744134523335,190012056672.03137,190012056672.03192,190012056672.03192,190012056672.03192,0.3357603216353837,0.7360173280266318,-11.748181091574313,12.55291683884488,25.97035336326223,0.014817910133029244,273.11277467146294,-1.8625753954321347,2.2570100341923083,0.005340762505590393,248.24138231197628,-2.092684819787853,2.005126033825653,-0.0008783763067393027,100022,2014-10-03,2016-09-30,3.0
2015-11-27,61102512394.0,117366000000.0,-0.004022029296182588,191472215260.74268,191472215260.74353,191472215260.74353,191472215260.74353,0.30264240524159486,0.6969131024647052,-11.773971853507675,12.51637701838383,25.97800854501831,0.0076551817560783775,273.11277467146294,-1.8625753954321347,2.2570100341923083,0.005340762505590393,248.24138231197628,-2.092684819787853,2.005126033825653,-0.0008783763067393027,100022,2014-10-03,2016-09-30,3.0
2015-12-04,59097868391.32,117366000000.0,-0.003145713841542994,189247757159.3593,189247757159.3591,189247757159.3591,189247757159.3591,0.4093580640179038,0.8229181214469161,-11.690866390686631,12.633212199931986,25.966322877988244,-0.011685667030064906,273.11277467146294,-1.8625753954321347,2.2570100341923083,0.005340762505590393,248.24138231197628,-2.092684819787853,2.005126033825653,-0.0008783763067393027,100022,2014-10-03,2016-09-30,3.0
2015-12-11,56653767895.56,117366000000.0,-0.003569725131760979,186893370961.35693,186893370961.35553,186893370961.35553,186893370961.35553,0.35772281906412473,0.7619496652525682,-11.731077667209416,12.576989137525937,25.953804082407352,-0.012518795580891862,273.11277467146294,-1.8625753954321347,2.2570100341923083,0.005340762505590393,248.24138231197628,-2.092684819787853,2.005126033825653,-0.0008783763067393027,100022,2014-10-03,2016-09-30,3.0
2015-12-18,58218955405.159996,117366000000.0,-0.0038079263706040224,188507203576.51746,188507203576.5178,188507203576.5178,188507203576.5178,0.3287152606910261,0.7276988268384419,-11.753667473085617,12.545143887743569,25.962402058364333,0.008597975956980974,273.11277467146294,-1.8625753954321347,2.2570100341923083,0.005340762505590393,248.24138231197628,-2.092684819787853,2.005126033825653,-0.0008783763067393027,100022,2014-10-03,2016-09-30,3.0
2015-12-25,59326626565.799995,117366000000.0,-0.0038224843274157205,189609967894.24988,189609967894.24948,189609967894.24948,189609967894.24948,0.32694243131694073,0.7256055465339397,-11.755048074010654,12.543187887648697,25.968234998667313,0.005832940302980205,273.11277467146294,-1.8625753954321347,2.2570100341923083,0.005340762505590393,248.24138231197628,-2.092684819787853,2.005126033825653,-0.0008783763067393027,100022,2014-10-03,2016-09-30,3.0
2016-01-01,58772790985.479996,117366000000.0,-0.0039681064438854725,189079652882.93942,189079652882.94,189079652882.94,189079652882.94,0.3092089730747394,0.7046666326475112,-11.768858103185,12.523622113685644,25.965434207048627,-0.0028007916186858495,273.11277467146294,-1.8625753954321347,2.2570100341923083,0.005340762505590393,248.24138231197628,-2.092684819787853,2.005126033825653,-0.0008783763067393027,100022,2014-10-03,2016-09-30,3.0
2016-01-08,50230479154.24,117366000000.0,-0.004354404010770185,180602230042.22128,180602230042.22244,180602230042.22244,180602230042.22244,0.2621668760758865,0.6491212094287266,-11.805492381790625,12.471718715085938,25.91956282581664,-0.04587138123198642,273.11277467146294,-1.8625753954321347,2.2570100341923083,0.005340762505590393,248.24138231197628,-2.092684819787853,2.005126033825653,-0.0008783763067393027,100022,2014-10-03,2016-09-30,3.0
2016-01-15,46967665191.92,117366000000.0,-0.00419042178824033,177282636453.55212,177282636453.55087,177282636453.55087,177282636453.55087,0.28213608582405403,0.6727000725683863,-11.789941258115734,12.493751648077497,25.90101111208671,-0.018551713729930697,273.11277467146294,-1.8625753954321347,2.2570100341923083,0.005340762505590393,248.24138231197628,-2.092684819787853,2.005126033825653,-0.0008783763067393027,100022,2014-10-03,2016-09-30,3.0
2016-01-22,47985037073.159996,117366000000.0,-0.0043253692270820475,178324163931.4458,178324163931.44635,178324163931.44635,178324163931.44635,0.2657026325359807,0.653296094806537,-11.802738893729694,12.475619887844353,25.906868876645554,0.00585776455884357,273.11277467146294,-1.8625753954321347,2.2570100341923083,0.005340762505590393,248.24138231197628,-2.092684819787853,2.005126033825653,-0.0008783763067393027,100022,2014-10-03,2016-09-30,3.0
2016-01-29,46148951725.36,117366000000.0,-0.004507965977424311,176511606541.89633,176511606541.89566,176511606541.89566,176511606541.89566,0.24346664726012185,0.6270406818310502,-11.82005527687224,12.451085749138006,25.89665247060187,-0.010216406043682014,273.11277467146294,-1.8625753954321347,2.2570100341923083,0.005340762505590393,248.24138231197628,-2.092684819787853,2.005126033825653,-0.0008783763067393027,100022,2014-10-03,2016-09-30,3.0
2016-02-05,43590472142.36,117366000000.0,-0.0045924088331738225,173949354801.25583,173949354801.2558,173949354801.2558,173949354801.2558,0.23318351268647594,0.614898731412217,-11.828063317216039,12.43973975016318,25.88203002943289,-0.014622441168981481,273.11277467146294,-1.8625753954321347,2.2570100341923083,0.005340762505590393,248.24138231197628,-2.092684819787853,2.005126033825653,-0.0008783763067393027,100022,2014-10-03,2016-09-30,3.0
2016-02-12,42296182470.96001,117366000000.0,-0.004854214196369675,172693416065.6647,172693416065.6659,172693416065.6659,172693416065.6659,0.2013019066358095,0.5772540410679937,-11.852891265736249,12.404562570020596,25.874783697838254,-0.0072463315946365014,273.11277467146294,-1.8625753954321347,2.2570100341923083,0.005340762505590393,248.24138231197628,-2.092684819787853,2.005126033825653,-0.0008783763067393027,100022,2014-10-03,2016-09-30,3.0
2016-02-19,44445305320.68,117366000000.0,-0.0049035102670349625,174854440076.3229,174854440076.32416,174854440076.32416,174854440076.32416,0.19529884104705486,0.5701658213405658,-11.85756618011852,12.397938923201643,25.887219693764063,0.012435995925809351,273.11277467146294,-1.8625753954321347,2.2570100341923083,0.005340762505590393,248.24138231197628,-2.092684819787853,2.005126033825653,-0.0008783763067393027,100022,2014-10-03,2016-09-30,3.0
2016-02-26,44481425032.44,117366000000.0,-0.005039624489232013,174908300468.51364,174908300468.51358,174908300468.51358,174908300468.51358,0.17872345058032982,0.5505941380675099,-11.870474339007554,12.379649930624433,25.88752767621257,0.0003079824485077154,273.11277467146294,-1.8625753954321347,2.2570100341923083,0.005340762505590393,248.24138231197628,-2.092684819787853,2.005126033825653,-0.0008783763067393027,100022,2014-10-03,2016-09-30,3.0
2016-03-04,49742863045.479996,117366000000.0,-0.005090166714876379,180184190579.7441,180184190579.74432,180184190579.74432,180184190579.74432,0.1725686484581081,0.5433267418680443,-11.875267418076692,12.372858800352263,25.917245445640088,0.029717769427517027,273.11277467146294,-1.8625753954321347,2.2570100341923083,0.005340762505590393,248.24138231197628,-2.092684819787853,2.005126033825653,-0.0008783763067393027,100022,2014-10-03,2016-09-30,3.0
2016-03-11,47389061829.12,117366000000.0,-0.004514127762970936,177696442818.1427,177696442818.14343,177696442818.14343,177696442818.14343,0.24271628773412365,0.6261546849341033,-11.820639622978856,12.450257834035066,25.90334255400088,-0.013902891639208548,273.11277467146294,-1.8625753954321347,2.2570100341923083,0.005340762505590393,248.24138231197628,-2.092684819787853,2.005126033825653,-0.0008783763067393027,100022,2014-10-03,2016-09-30,3.0
2016-03-18,49110768089.68,129410000000.0,-0.004798085335352043,179468338832.7988,179468338832.7989,179468338832.7989,179468338832.7989,0.20813704499005692,0.5853247411311223,-11.847568370653125,12.412104287996527,25.913264643984427,0.009922089983547266,273.11277467146294,-1.8625753954321347,2.2570100341923083,0.005340762505590393,248.24138231197628,-2.092684819787853,2.005126033825653,-0.0008783763067393027,100022,2014-10-03,2016-09-30,3.0
2016-03-25,47906777697.68,129410000000.0,-0.004772163451317839,178245604526.33054,178245604526.33124,178245604526.33124,178245604526.33124,0.21129370546826887,0.5890520177642615,-11.84511010684187,12.415587260086706,25.906428236897963,-0.006836407086463936,273.11277467146294,-1.8625753954321347,2.2570100341923083,0.005340762505590393,248.24138231197628,-2.092684819787853,2.005126033825653,-0.0008783763067393027,100022,2014-10-03,2016-09-30,3.0
2016-04-01,46955625288.0,129410000000.0,-0.004837807331449042,177294084730.56775,177294084730.56665,177294084730.56665,177294084730.56665,0.20329986563524208,0.5796131638215059,-11.85133534610956,12.406767069316567,25.901075686416245,-0.005352550481717344,273.11277467146294,-1.8625753954321347,2.2570100341923083,0.005340762505590393,248.24138231197628,-2.092684819787853,2.005126033825653,-0.0008783763067393027,100022,2014-10-03,2016-09-30,3.0
2016-04-08,44728243062.799995,129410000000.0,-0.0050752543855854945,175095362911.01758,175095362911.01764,175095362911.01764,175095362911.01764,0.17438460359939725,0.5454709647299786,-11.873853235090166,12.374862503845257,25.88859659336909,-0.012479093047154777,273.11277467146294,-1.8625753954321347,2.2570100341923083,0.005340762505590393,248.24138231197628,-2.092684819787853,2.005126033825653,-0.0008783763067393027,100022,2014-10-03,2016-09-30,3.0
2016-04-15,47178363510.520004,129410000000.0,-0.005192512967785851,177562319041.3593,177562319041.359,177562319041.359,177562319041.359,0.1601054002964531,0.528610522327957,-11.884973226480415,12.359106960439803,25.902587477433844,0.013990884064753573,273.11277467146294,-1.8625753954321347,2.2570100341923083,0.005340762505590393,248.24138231197628,-2.092684819787853,2.005126033825653,-0.0008783763067393027,100022,2014-10-03,2016-09-30,3.0
2016-04-22,49833162324.88,129410000000.0,-0.005201653725431045,180210703694.64075,180210703694.6413,180210703694.6413,180210703694.6413,0.1589922823878335,0.5272961863831016,-11.88584007182795,12.357878752496656,25.917392579327974,0.014805101894129535,273.11277467146294,-1.8625753954321347,2.2570100341923083,0.005340762505590393,248.24138231197628,-2.092684819787853,2.005126033825653,-0.0008783763067393027,100022,2014-10-03,2016-09-30,3.0
2016-04-29,48460613278.0,129410000000.0,-0.005180846165192681,178820003836.21683,178820003836.2167,178820003836.2167,178820003836.2167,0.16152612811754563,0.5302880746053533,-11.883866828584965,12.360674582617731,25.909645571706534,-0.00774700762143965,273.11277467146294,-1.8625753954321347,2.2570100341923083,0.005340762505590393,248.24138231197628,-2.092684819787853,2.005126033825653,-0.0008783763067393027,100022,2014-10-03,2016-09-30,3.0
2016-05-06,45565016385.24,129410000000.0,-0.005255255910523684,175920570617.3202,175920570617.3196,175920570617.3196,175920570617.3196,0.15246486642911622,0.5195888091305687,-11.890923324896738,12.350676428118742,25.893298426805888,-0.016347144900645816,273.11277467146294,-1.8625753954321347,2.2570100341923083,0.005340762505590393,248.24138231197628,-2.092684819787853,2.005126033825653,-0.0008783763067393027,100022,2014-10-03,2016-09-30,3.0
2016-05-13,44409185608.92,129410000000.0,-0.005330627522565173,174763388164.66455,174763388164.66522,174763388164.66522,174763388164.66522,0.14328648237755612,0.5087512423597125,-11.898071030372995,12.34054900478466,25.886698828371266,-0.006599598434622322,273.11277467146294,-1.8625753954321347,2.2570100341923083,0.005340762505590393,248.24138231197628,-2.092684819787853,2.005126033825653,-0.0008783763067393027,100022,2014-10-03,2016-09-30,3.0
2016-05-20,43163055553.200005,129410000000.0,-0.005381800125490273,173510693706.27554,173510693706.2761,173510693706.2761,173510693706.2761,0.13705493986028014,0.5013932157942076,-11.902923870315915,12.33367310361419,25.879505069628628,-0.007193758742637613,273.11277467146294,-1.8625753954321347,2.2570100341923083,0.005340762505590393,248.24138231197628,-2.092684819787853,2.005126033825653,-0.0008783763067393027,100022,2014-10-03,2016-09-30,3.0
2016-05-27,45245958931.36,129410000000.0,-0.005511659954575418,175608867059.4902,175608867059.4899,175608867059.4899,175608867059.4899,0.12124128149897864,0.4827208877032759,-11.91523882261697,12.316224193242034,25.89152501265553,0.012019943026903235,273.11277467146294,-1.8625753954321347,2.2570100341923083,0.005340762505590393,248.24138231197628,-2.092684819787853,2.005126033825653,-0.0008783763067393027,100022,2014-10-03,2016-09-30,3.0
2016-06-03,43506192814.92,129410000000.0,-0.0055372453045172375,173856806911.77545,173856806911.77573,173856806911.77573,173856806911.77573,0.11812563318525016,0.4790420144054467,-11.917665146614954,12.312786350405869,25.881497848569797,-0.010027164085734341,273.11277467146294,-1.8625753954321347,2.2570100341923083,0.005340762505590393,248.24138231197628,-2.092684819787853,2.005126033825653,-0.0008783763067393027,100022,2014-10-03,2016-09-30,3.0
2016-06-10,42561060357.200005,129410000000.0,-0.005629565200942901,172912129690.09897,172912129690.09793,172912129690.09793,172912129690.09793,0.10688341451654042,0.46576749993363925,-11.926420070612547,12.300381519358645,25.876049381542206,-0.005448467027591164,273.11277467146294,-1.8625753954321347,2.2570100341923083,0.005340762505590393,248.24138231197628,-2.092684819787853,2.005126033825653,-0.0008783763067393027,100022,2014-10-03,2016-09-30,3.0
2016-06-17,41519608668.12,129410000000.0,-0.005830890049573294,171888507552.21823,171888507552.21762,171888507552.21762,171888507552.21762,0.08236721053796046,0.4368193786241943,-11.945512164141334,12.273329783868148,25.870111891673982,-0.005937489868223622,273.11277467146294,-1.8625753954321347,2.2570100341923083,0.005340762505590393,248.24138231197628,-2.092684819787853,2.005126033825653,-0.0008783763067393027,100022,2014-10-03,2016-09-30,3.0
2016-06-24,41332990157.36,129410000000.0,-0.006369741549732035,171777027168.0229,171777027168.02213,171777027168.02213,171777027168.02213,0.016749255591031204,0.3593390894568257,-11.996612410037738,12.200924147323608,25.869463119092256,-0.0006487725817265755,273.11277467146294,-1.8625753954321347,2.2570100341923083,0.005340762505590393,248.24138231197628,-2.092684819787853,2.005126033825653,-0.0008783763067393027,100022,2014-10-03,2016-09-30,3.0
2016-07-01,40809254336.840004,129410000000.0,-0.006520102512182806,171261452621.039,171261452621.0386,171261452621.0386,171261452621.0386,-0.001560668842863855,0.3377190539302678,-12.010871337472425,12.180719862014167,25.86645718847181,-0.0030059306204464065,273.11277467146294,-1.8625753954321347,2.2570100341923083,0.005340762505590393,248.24138231197628,-2.092684819787853,2.005126033825653,-0.0008783763067393027,100022,2014-10-03,2016-09-30,3.0
2016-07-08,41200551214.24,129410000000.0,-0.006736888254060118,171673499216.7989,171673499216.79892,171673499216.79892,171673499216.79892,-0.027959275561347453,0.30654799429195917,-12.031429359906753,12.15158977252615,25.868860249412894,0.002403060941084334,273.11277467146294,-1.8625753954321347,2.2570100341923083,0.005340762505590393,248.24138231197628,-2.092684819787853,2.005126033825653,-0.0008783763067393027,100022,2014-10-03,2016-09-30,3.0
2016-07-15,44944961333.36,129410000000.0,-0.006551731690406832,175379751594.56836,175379751594.5683,175379751594.5683,175379751594.5683,-0.005412247654385188,0.3331711739987338,-12.013870770057132,12.176469776697353,25.890219468912584,0.021359219499689885,273.11277467146294,-1.8625753954321347,2.2570100341923083,0.005340762505590393,248.24138231197628,-2.092684819787853,2.005126033825653,-0.0008783763067393027,100022,2014-10-03,2016-09-30,3.0
2016-07-22,45450637298.0,129410000000.0,-0.006313785077396439,175833149590.9603,175833149590.95908,175833149590.95908,175833149590.95908,0.023563260313568056,0.3673849386141327,-11.991305976499062,12.208443097323691,25.89280136864765,0.002581899735066173,273.11277467146294,-1.8625753954321347,2.2570100341923083,0.005340762505590393,248.24138231197628,-2.092684819787853,2.005126033825653,-0.0008783763067393027,100022,2014-10-03,2016-09-30,3.0
2016-07-29,46383729851.799995,129410000000.0,-0.006389155644443183,176763261515.75537,176763261515.75485,176763261515.75485,176763261515.75485,0.014385138346659072,0.3565475831659201,-11.998453475844618,12.198315444720958,25.898077168700606,0.00527580005295647,273.11277467146294,-1.8625753954321347,2.2570100341923083,0.005340762505590393,248.24138231197628,-2.092684819787853,2.005126033825653,-0.0008783763067393027,100022,2014-10-03,2016-09-30,3.0
2016-08-05,46907465672.32,129410000000.0,-0.006410756428835769,177274988227.15427,177274988227.1538,177274988227.1538,177274988227.1538,0.01175474159088471,0.35344165834905145,-12.000501907898405,12.195412911139977,25.900967969726395,0.0028908010257886474,273.11277467146294,-1.8625753954321347,2.2570100341923083,0.005340762505590393,248.24138231197628,-2.092684819787853,2.005126033825653,-0.0008783763067393027,100022,2014-10-03,2016-09-30,3.0
2016-08-12,47936877457.479996,129410000000.0,-0.006440386896702876,178293612920.6465,178293612920.64636,178293612920.64636,178293612920.64636,0.00814654587714461,0.3491811652802437,-12.0033118048371,12.191431412066757,25.906697539079918,0.00572956935352309,273.11277467146294,-1.8625753954321347,2.2570100341923083,0.005340762505590393,248.24138231197628,-2.092684819787853,2.005126033825653,-0.0008783763067393027,100022,2014-10-03,2016-09-30,3.0
2016-08-19,46546268554.71999,129410000000.0,-0.006291722503460675,176864770539.00986,176864770539.0104,176864770539.0104,176864770539.0104,0.026249894425043864,0.3705572647675456,-11.98921374940647,12.211407672511381,25.898651269263016,-0.008046269816901486,273.11277467146294,-1.8625753954321347,2.2570100341923083,0.005340762505590393,248.24138231197628,-2.092684819787853,2.005126033825653,-0.0008783763067393027,100022,2014-10-03,2016-09-30,3.0
2016-08-26,46492088987.08,129410000000.0,-0.0062981295314113875,176796007679.6798,176796007679.68024,176796007679.68024,176796007679.68024,0.02546968891364841,0.36963601309125516,-11.989821337578032,12.210546752517697,25.898262405897714,-0.0003888633653019724,273.11277467146294,-1.8625753954321347,2.2570100341923083,0.005340762505590393,248.24138231197628,-2.092684819787853,2.005126033825653,-0.0008783763067393027,100022,2014-10-03,2016-09-30,3.0
2016-09-02,47298762549.71999,129410000000.0,-0.006461880961507811,177610526565.09378,177610526565.0939,177610526565.0939,177610526565.0939,0.005529146647698427,0.34609058630940376,-12.005350115035368,12.188543213542337,25.902858936947865,0.004596531050150787,273.11277467146294,-1.8625753954321347,2.2570100341923083,0.005340762505590393,248.24138231197628,-2.092684819787853,2.005126033825653,-0.0008783763067393027,100022,2014-10-03,2016-09-30,3.0
2016-09-09,46311490428.28001,129410000000.0,-0.006376287794309841,176595066114.11472,176595066114.11392,176595066114.11392,176595066114.11392,0.015952098094895898,0.3583978205563869,-11.997233199641478,12.200044518282093,25.897125186527315,-0.00573375042054991,273.11277467146294,-1.8625753954321347,2.2570100341923083,0.005340762505590393,248.24138231197628,-2.092684819787853,2.005126033825653,-0.0008783763067393027,100022,2014-10-03,2016-09-30,3.0
2016-09-16,44198487290.32,129410000000.0,-0.006482306155230866,174479527460.21887,174479527460.2194,174479527460.2194,174479527460.2194,0.003041907936540369,0.3431536980441674,-12.007287062214518,12.185798639308553,25.885073250561355,-0.012051935965960325,273.11277467146294,-1.8625753954321347,2.2570100341923083,0.005340762505590393,248.24138231197628,-2.092684819787853,2.005126033825653,-0.0008783763067393027,100022,2014-10-03,2016-09-30,3.0
2016-09-23,45504816865.64,129410000000.0,-0.006759091107089899,175807392529.84583,175807392529.8463,175807392529.8463,175807392529.8463,-0.03066297437658786,0.30335550583810805,-12.033534876461061,12.148606302727579,25.892654872108864,0.007581621547508632,273.11277467146294,-1.8625753954321347,2.2570100341923083,0.005340762505590393,248.24138231197628,-2.092684819787853,2.005126033825653,-0.0008783763067393027,100022,2014-10-03,2016-09-30,3.0
2016-09-30,45035260612.76,129410000000.0,-0.0072177983354985735,175380701318.19742,175380701318.19818,175380701318.19818,175380701318.19818,-0.08652073851233145,0.23739932223443075,-12.077034345542286,12.086967816324186,25.89022488413897,-0.0024299879698936877,273.11277467146294,-1.8625753954321347,2.2570100341923083,0.005340762505590393,248.24138231197628,-2.092684819787853,2.005126033825653,-0.0008783763067393027,100022,2014-10-03,2016-09-30,3.0
2014-01-03,83356339046.4,32767000000.0,0.0009909895936828761,133221726792.26044,133221726792.2602,133221726792.2602,133221726792.2602,-2.0632863081246158,-2.2078095426136315,-7.838879629394091,4.266900600157602,25.615280695807055,,3892.1590439395686,-3594.1472493160277,6.235885699849235,15.10515815768454,3893.2624334755005,-3593.8232941121078,6.148915448027266,14.556640491773457,100080,2014-01-03,2015-12-25,0.0
2014-01-10,82000144641.28,32767000000.0,0.0009628517410786719,131870374375.69987,131870374375.69995,131870374375.69995,131870374375.69995,-2.0642787407938736,-2.2088757608744345,-7.839773992551477,4.266013910115136,25.605085264737493,-0.010195431069561778,3892.1590439395686,-3594.1472493160277,6.235885699849235,15.10515815768454,3893.2624334755005,-3593.8232941121078,6.148915448027266,14.556640491773457,100080,2014-01-03,2015-12-25,0.0
2014-01-17,83769812950.4,32767000000.0,0.0009958909084203916,133636743422.3045,133636743422.304,133636743422.304,133636743422.304,-2.0631134364142083,-2.2076238181791723,-7.8387238404036905,4.26705505253997,25.61839108585239,0.013305821114897753,3892.1590439395686,-3594.1472493160277,6.235885699849235,15.10515815768454,3893.2624334755005,-3593.8232941121078,6.148915448027266,14.556640491773457,100080,2014-01-03,2015-12-25,0.0
2014-01-24,81967066728.96,32767000000.0,0.0007937020451501908,131864062138.61372,131864062138.61337,131864062138.61337,131864062138.61337,-2.0702446129874774,-2.2152851804914917,-7.845150334483492,4.260683688042629,25.605037396607937,-0.013353689244453903,3892.1590439395686,-3594.1472493160277,6.235885699849235,15.10515815768454,3893.2624334755005,-3593.8232941121078,6.148915448027266,14.556640491773457,100080,2014-01-03,2015-12-25,0.0
2014-01-31,80949920925.12,32767000000.0,0.0003711116966217753,130908751561.12411,130908751561.12314,130908751561.12314,130908751561.12314,-2.085148521259143,-2.2312971227866,-7.858581489737162,4.247367704085334,25.597766364473305,-0.007271032134632094,3892.1590439395686,-3594.1472493160277,6.235885699849235,15.10515815768454,3893.2624334755005,-3593.8232941121078,6.148915448027266,14.556640491773457,100080,2014-01-03,2015-12-25,0.0
2014-02-07,78940437751.68,32767000000.0,0.0006091031494304433,128864843876.78413,128864843876.78415,128864843876.78415,128864843876.78415,-2.07675517670439,-2.222279779273549,-7.851017545224863,4.254866796188619,25.582029970178443,-0.015736394294862066,3892.1590439395686,-3594.1472493160277,6.235885699849235,15.10515815768454,3893.2624334755005,-3593.8232941121078,6.148915448027266,14.556640491773457,100080,2014-01-03,2015-12-25,0.0
2014-02-14,83604423388.79999,32767000000.0,0.0005607563171963204,133537782190.9069,133537782190.90741,133537782190.90741,133537782190.90741,-2.0784602725927197,-2.2241116408877133,-7.852554149387242,4.25334336835331,25.617650287412157,0.035620317233714616,3892.1590439395686,-3594.1472493160277,6.235885699849235,15.10515815768454,3893.2624334755005,-3593.8232941121078,6.148915448027266,14.556640491773457,100080,2014-01-03,2015-12-25,0.0
2014-02-21,83852507731.20001,32767000000.0,0.0006392496732718377,133775412367.2194,133775412367.21982,133775412367.21982,133775412367.21982,-2.0756919620344765,-2.22113751935899,-7.850059393858942,4.25581673101349,25.619428203682254,0.0017779162700968243,3892.1590439395686,-3594.1472493160277,6.235885699849235,15.10515815768454,3893.2624334755005,-3593.8232941121078,6.148915448027266,14.556640491773457,100080,2014-01-03,2015-12-25,0.0
2014-02-28,85092929443.20001,32767000000.0,0.0008718180831148592,134983977565.52414,134983977565.52478,134983977565.52478,134983977565.52478,-2.0674894992814448,-2.212325232046169,-7.842667472925677,4.263145252159918,25.628421923641437,0.0089937199591823,3892.1590439395686,-3594.1472493160277,6.235885699849235,15.10515815768454,3893.2624334755005,-3593.8232941121078,6.148915448027266,14.556640491773457,100080,2014-01-03,2015-12-25,0.0
2014-03-07,79974122511.68,30464000000.0,0.001225275840532376,129815517772.11208,129815517772.11176,129815517772.11176,129815517772.11176,-2.0550227571396893,-2.1989316031372255,-7.831432662169846,4.274283665638042,25.58938018547372,-0.039041738167718165,3892.1590439395686,-3594.1472493160277,6.235885699849235,15.10515815768454,3893.2624334755005,-3593.8232941121078,6.148915448027266,14.556640491773457,100080,2014-01-03,2015-12-25,0.0
2014-03-14,78601389150.4,30464000000.0,0.0010513861646142119,128467860424.94527,128467860424.945,128467860424.945,128467860424.945,-2.061156082058343,-2.2055209373345406,-7.836959906680022,4.268803851803252,25.578944596573553,-0.010435588900165271,3892.1590439395686,-3594.1472493160277,6.235885699849235,15.10515815768454,3893.2624334755005,-3593.8232941121078,6.148915448027266,14.556640491773457,100080,2014-01-03,2015-12-25,0.0
2014-03-21,81123579964.79999,30464000000.0,0.0015628608732568194,130921290786.62938,130921290786.62936,130921290786.62936,130921290786.62936,-2.043115150332013,-2.186138649181885,-7.820701742045958,4.284922469858727,25.597862145884815,0.01891754931126144,3892.1590439395686,-3594.1472493160277,6.235885699849235,15.10515815768454,3893.2624334755005,-3593.8232941121078,6.148915448027266,14.556640491773457,100080,2014-01-03,2015-12-25,0.0
2014-03-28,82115917334.4,30464000000.0,0.0010185372587998964,131990009048.06511,131990009048.06454,131990009048.06454,131990009048.06454,-2.062314686931542,-2.206765682918558,-7.8380040212291755,4.2677686958373915,25.605992067638407,0.00812992175359284,3892.1590439395686,-3594.1472493160277,6.235885699849235,15.10515815768454,3893.2624334755005,-3593.8232941121078,6.148915448027266,14.556640491773457,100080,2014-01-03,2015-12-25,0.0
2014-04-04,81867832992.0,30464000000.0,0.0012174990697765287,131715868283.38995,131715868283.38942,131715868283.38942,131715868283.38942,-2.055297058324492,-2.199226298635722,-7.83167985752907,4.274038591756995,25.60391292654224,-0.0020791410961678025,3892.1590439395686,-3594.1472493160277,6.235885699849235,15.10515815768454,3893.2624334755005,-3593.8232941121078,6.148915448027266,14.556640491773457,100080,2014-01-03,2015-12-25,0.0
2014-04-11,76749026060.48,30464000000.0,0.0010920891506333507,126614030849.88258,126614030849.88184,126614030849.88184,126614030849.88184,-2.059720448953679,-2.20397856644081,-7.835666139206046,4.270086518110954,25.564409168713613,-0.03950375782862636,3892.1590439395686,-3594.1472493160277,6.235885699849235,15.10515815768454,3893.2624334755005,-3593.8232941121078,6.148915448027266,14.556640491773457,100080,2014-01-03,2015-12-25,0.0
2014-04-18,77394045350.72,30464000000.0,0.0009723391601175702,127276497409.5598,127276497409.56044,127276497409.56044,127276497409.56044,-2.0639441164850267,-2.208516257871679,-7.839472434906292,4.266312880603097,25.56962770181634,0.005218533102727463,3892.1590439395686,-3594.1472493160277,6.235885699849235,15.10515815768454,3893.2624334755005,-3593.8232941121078,6.148915448027266,14.556640491773457,100080,2014-01-03,2015-12-25,0.0
2014-04-25,79196791572.16,30464000000.0,0.001184705562471653,129052449125.96587,129052449125.96593,129052449125.96593,129052449125.96593,-2.056453742347433,-2.2004689820230396,-7.832722240686143,4.273005154295108,25.583484741047698,0.013857039231357504,3892.1590439395686,-3594.1472493160277,6.235885699849235,15.10515815768454,3893.2624334755005,-3593.8232941121078,6.148915448027266,14.556640491773457,100080,2014-01-03,2015-12-25,0.0
2014-05-02,82694780800.0,30464000000.0,0.0009240548547331073,132586796749.57831,132586796749.57883,132586796749.57883,132586796749.57883,-2.065647113714681,-2.2103458695221434,-7.841007146647007,4.264791335294764,25.610503337716256,0.027018596668558104,3892.1590439395686,-3594.1472493160277,6.235885699849235,15.10515815768454,3893.2624334755005,-3593.8232941121078,6.148915448027266,14.556640491773457,100080,2014-01-03,2015-12-25,0.0
2014-05-09,82860170361.6,30464000000.0,0.0007824827679862367,132771780301.87415,132771780301.87315,132771780301.87315,132771780301.87315,-2.070640308254639,-2.215710294423161,-7.845506928353393,4.260330152776125,25.611897553681043,0.001394215964786838,3892.1590439395686,-3594.1472493160277,6.235885699849235,15.10515815768454,3893.2624334755005,-3593.8232941121078,6.148915448027266,14.556640491773457,100080,2014-01-03,2015-12-25,0.0
2014-05-16,85589098128.0,30464000000.0,0.0005954409775943014,135526268730.0912,135526268730.09163,135526268730.09163,135526268730.09163,-2.077237015565817,-2.2227974406141584,-7.851451770407902,4.254436294557083,25.632431323643473,0.02053376996243017,3892.1590439395686,-3594.1472493160277,6.235885699849235,15.10515815768454,3893.2624334755005,-3593.8232941121078,6.148915448027266,14.556640491773457,100080,2014-01-03,2015-12-25,0.0
2014-05-23,85423708566.4,30464000000.0,0.0004306259369306353,135382857459.92253,135382857459.9229,135382857459.9229,135382857459.9229,-2.083049639798696,-2.2290422024741474,-7.85669001182805,4.24924296659374,25.631372582761745,-0.0010587408817279709,3892.1590439395686,-3594.1472493160277,6.235885699849235,15.10515815768454,3893.2624334755005,-3593.8232941121078,6.148915448027266,14.556640491773457,100080,2014-01-03,2015-12-25,0.0
2014-05-30,87739162428.79999,30464000000.0,0.00030940122363873443,137714578860.26547,137714578860.26508,137714578860.26508,137714578860.26508,-2.0873248342724673,-2.233635230202026,-7.86054274794983,4.245423258141138,25.648449111152754,0.017076528391008594,3892.1590439395686,-3594.1472493160277,6.235885699849235,15.10515815768454,3893.2624334755005,-3593.8232941121078,6.148915448027266,14.556640491773457,100080,2014-01-03,2015-12-25,0.0
2014-06-06,86994909401.6,30464000000.0,0.00019365440072094398,136985405039.12953,136985405039.12938,136985405039.12938,136985405039.12938,-2.0914067583883345,-2.2380206154718962,-7.864221312845552,4.241776222876776,25.643140224538442,-0.005308886614312058,3892.1590439395686,-3594.1472493160277,6.235885699849235,15.10515815768454,3893.2624334755005,-3593.8232941121078,6.148915448027266,14.556640491773457,100080,2014-01-03,2015-12-25,0.0
2014-06-13,85671792908.79999,30464000000.0,-0.00020942098232975325,135713582450.75273,135713582450.75275,135713582450.75275,135713582450.75275,-2.105620968197921,-2.2532915195117766,-7.877030938795678,4.229076352751806,25.633812490530435,-0.009327734008007127,3892.1590439395686,-3594.1472493160277,6.235885699849235,15.10515815768454,3893.2624334755005,-3593.8232941121078,6.148915448027266,14.556640491773457,100080,2014-01-03,2015-12-25,0.0
2014-06-20,85795835080.0,30464000000.0,-6.618845464369861e-05,135819428123.32101,135819428123.32173,135819428123.32173,135819428123.32173,-2.1005700726733387,-2.2478651419123707,-7.872479148684851,4.233589148794524,25.63459210607483,0.0007796155443955399,3892.1590439395686,-3594.1472493160277,6.235885699849235,15.10515815768454,3893.2624334755005,-3593.8232941121078,6.148915448027266,14.556640491773457,100080,2014-01-03,2015-12-25,0.0
2014-06-27,84679455539.20001,30464000000.0,-0.00012624488700352376,134710449946.55193,134710449946.55185,134710449946.55185,134710449946.55185,-2.102687894252038,-2.2501404023910254,-7.874387697069801,4.231696951376354,25.626393496763786,-0.008198609311044436,3892.1590439395686,-3594.1472493160277,6.235885699849235,15.10515815768454,3893.2624334755005,-3593.8232941121078,6.148915448027266,14.556640491773457,100080,2014-01-03,2015-12-25,0.0
2014-07-04,86912214620.79999,30464000000.0,-0.00018149751769413135,136950149426.85234,136950149426.85303,136950149426.85303,136950149426.85303,-2.1046362958995877,-2.252233647399862,-7.876143567014355,4.229956123218587,25.642882823760072,0.016489326996286024,3892.1590439395686,-3594.1472493160277,6.235885699849235,15.10515815768454,3893.2624334755005,-3593.8232941121078,6.148915448027266,14.556640491773457,100080,2014-01-03,2015-12-25,0.0
2014-07-11,83645770779.20001,30464000000.0,-0.00023097593189612685,133689427292.64862,133689427292.64914,133689427292.64914,133689427292.64914,-2.1063810626769826,-2.2541081187107466,-7.877715924478343,4.228397234532488,25.618785240086424,-0.02409758367364745,3892.1590439395686,-3594.1472493160277,6.235885699849235,15.10515815768454,3893.2624334755005,-3593.8232941121078,6.148915448027266,14.556640491773457,100080,2014-01-03,2015-12-25,0.0
2014-07-18,83397686436.79999,30464000000.0,-0.00015002170554340166,133431255013.78911,133431255013.78934,133431255013.78934,133431255013.78934,-2.10352635058243,-2.25104118931381,-7.8751433011442025,4.230947820374197,25.616852238440732,-0.0019330016456926558,3892.1590439395686,-3594.1472493160277,6.235885699849235,15.10515815768454,3893.2624334755005,-3593.8232941121078,6.148915448027266,14.556640491773457,100080,2014-01-03,2015-12-25,0.0
2014-07-25,81628018127.68,30464000000.0,-0.0002569906890467366,131674302832.60437,131674302832.60428,131674302832.60428,131674302832.60428,-2.1072984200678198,-2.2550936714344516,-7.878542633165807,4.2275776070581985,25.603597307694702,-0.013254930746029459,3892.1590439395686,-3594.1472493160277,6.235885699849235,15.10515815768454,3893.2624334755005,-3593.8232941121078,6.148915448027266,14.556640491773457,100080,2014-01-03,2015-12-25,0.0
2014-08-01,79163713659.84,30464000000.0,-0.00026581342468347426,129210607528.0076,129210607528.00702,129210607528.00702,129210607528.00702,-2.107609534925338,-2.2554279141852476,-7.878823005206845,4.227299636501313,25.58470952653472,-0.018887781159982353,3892.1590439395686,-3594.1472493160277,6.235885699849235,15.10515815768454,3893.2624334755005,-3593.8232941121078,6.148915448027266,14.556640491773457,100080,2014-01-03,2015-12-25,0.0
2014-08-08,78659275496.96,30464000000.0,-0.0002710997517292601,128706548219.53992,128706548219.54071,128706548219.54071,128706548219.54071,-2.1077959456890616,-2.2556281824838607,-7.8789909957925826,4.227133084800155,25.580800829970876,-0.003908696563843961,3892.1590439395686,-3594.1472493160277,6.235885699849235,15.10515815768454,3893.2624334755005,-3593.8232941121078,6.148915448027266,14.556640491773457,100080,2014-01-03,2015-12-25,0.0
2014-08-15,78899090361.28,30464000000.0,-0.0002666909149261487,128945669897.66425,128945669897.6647,128945669897.6647,128945669897.6647,-2.1076404777117053,-2.255461157218406,-7.878850890382318,4.227271990170859,25.582656989009795,0.001856159038919003,3892.1590439395686,-3594.1472493160277,6.235885699849235,15.10515815768454,3893.2624334755005,-3593.8232941121078,6.148915448027266,14.556640491773457,100080,2014-01-03,2015-12-25,0.0
2014-08-22,81892641426.24,30464000000.0,-0.0003000152210712015,131943200062.6825,131943200062.6824,131943200062.6824,131943200062.6824,-2.108815583483321,-2.2567236186989703,-7.87990987812052,4.226222072769112,25.605637364370633,0.022980375360837968,3892.1590439395686,-3594.1472493160277,6.235885699849235,15.10515815768454,3893.2624334755005,-3593.8232941121078,6.148915448027266,14.556640491773457,100080,2014-01-03,2015-12-25,0.0
2014-08-29,84390023806.4,30464000000.0,-0.0005535894785573525,134470025391.01286,134470025391.01279,134470025391.01279,134470025391.01279,-2.1177570813602853,-2.266329805158648,-7.887967824589168,4.218233130295951,25.62460715160505,0.018969787234418334,3892.1590439395686,-3594.1472493160277,6.235885699849235,15.10515815768454,3893.2624334755005,-3593.8232941121078,6.148915448027266,14.556640491773457,100080,2014-01-03,2015-12-25,0.0
2014-09-05,87325688524.79999,30464000000.0,-0.0009985114507866256,137456753840.69275,137456753840.69287,137456753840.69287,137456753840.69287,-2.1334449104540907,-2.283183786415293,-7.902105475733083,4.204216490438627,25.646575187059796,0.02196803545474424,3892.1590439395686,-3594.1472493160277,6.235885699849235,15.10515815768454,3893.2624334755005,-3593.8232941121078,6.148915448027266,14.556640491773457,100080,2014-01-03,2015-12-25,0.0
2014-09-12,87780509819.20001,30464000000.0,-0.0008644968736981573,137895278366.15704,137895278366.15793,137895278366.15793,137895278366.15793,-2.1287197190002023,-2.278107354245776,-7.89784719823117,4.208438326714783,25.64976038161023,0.0031851945504328683,3892.1590439395686,-3594.1472493160277,6.235885699849235,15.10515815768454,3893.2624334755005,-3593.8232941121078,6.148915448027266,14.556640491773457,100080,2014-01-03,2015-12-25,0.0
2014-09-19,92824891448.0,30464000000.0,-0.0009151518061543284,142944721190.85153,142944721190.85147,142944721190.85147,142944721190.85147,-2.1305057633029203,-2.280026162303784,-7.8994567566368,4.206842543252357,25.685723827371827,0.03596344576159893,3892.1590439395686,-3594.1472493160277,6.235885699849235,15.10515815768454,3893.2624334755005,-3593.8232941121078,6.148915448027266,14.556640491773457,100080,2014-01-03,2015-12-25,0.0
2014-09-26,91005606270.4,30464000000.0,-0.0009479075010087468,141128227328.2742,141128227328.275,141128227328.275,141128227328.275,-2.131660689371973,-2.281266938239469,-7.900497560114104,4.205810646698571,25.672934727734205,-0.012789099637622314,3892.1590439395686,-3594.1472493160277,6.235885699849235,15.10515815768454,3893.2624334755005,-3593.8232941121078,6.148915448027266,14.556640491773457,100080,2014-01-03,2015-12-25,0.0
2014-10-03,89789992992.64,30464000000.0,-0.000828643689372841,139898356931.60944,139898356931.6098,139898356931.6098,139898356931.6098,-2.1274555607146324,-2.2767492256450623,-7.896707956382443,4.20956781813102,25.664181973957096,-0.00875275377710949,3892.1590439395686,-3594.1472493160277,6.235885699849235,15.10515815768454,3893.2624334755005,-3593.8232941121078,6.148915448027266,14.556640491773457,100080,2014-01-03,2015-12-25,0.0
2014-10-10,84968887272.0,30464000000.0,-0.0008556882255797649,135079337902.44026,135079337902.44038,135079337902.44038,135079337902.44038,-2.1284091329314228,-2.277773681013059,-7.897567302382708,4.208715827061953,25.629128130930003,-0.03505384302709302,3892.1590439395686,-3594.1472493160277,6.235885699849235,15.10515815768454,3893.2624334755005,-3593.8232941121078,6.148915448027266,14.556640491773457,100080,2014-01-03,2015-12-25,0.0
2014-10-17,86705477668.79999,30464000000.0,-0.0007103674000181104,136799213529.23354,136799213529.23245,136799213529.23245,136799213529.23245,-2.1232851658593503,-2.2722688249743896,-7.89294965518959,4.213293949848982,25.641780093063016,0.012651962133013228,3892.1590439395686,-3594.1472493160277,6.235885699849235,15.10515815768454,3893.2624334755005,-3593.8232941121078,6.148915448027266,14.556640491773457,100080,2014-01-03,2015-12-25,0.0
2014-10-24,87449730696.0,30464000000.0,-0.000726557193000541,137544577929.4529,137544577929.45224,137544577929.45224,137544577929.45224,-2.123856019267199,-2.272882112926254,-7.893464100198844,4.212783908571125,25.64721390463385,0.005433811570835445,3892.1590439395686,-3594.1472493160277,6.235885699849235,15.10515815768454,3893.2624334755005,-3593.8232941121078,6.148915448027266,14.556640491773457,100080,2014-01-03,2015-12-25,0.0
2014-10-31,93817228817.6,30464000000.0,-0.0008147725709067233,143920999591.71112,143920999591.7116,143920999591.7116,143920999591.7116,-2.126966472653329,-2.2762237814743003,-7.896267197053157,4.210004805007954,25.69253037203227,0.045316467398418325,3892.1590439395686,-3594.1472493160277,6.235885699849235,15.10515815768454,3893.2624334755005,-3593.8232941121078,6.148915448027266,14.556640491773457,100080,2014-01-03,2015-12-25,0.0
2014-11-07,92494112324.79999,30464000000.0,-0.0008388353061636144,142599665666.61963,142599665666.6195,142599665666.6195,142599665666.6195,-2.127814910811962,-2.2771352878139623,-7.897031797680074,4.209246748543162,25.683307000369997,-0.009223371662272939,3892.1590439395686,-3594.1472493160277,6.235885699849235,15.10515815768454,3893.2624334755005,-3593.8232941121078,6.148915448027266,14.556640491773457,100080,2014-01-03,2015-12-25,0.0
2014-11-14,90881564099.20001,30464000000.0,-0.0007905419066487274,140981181105.778,140981181105.7775,140981181105.7775,140981181105.7775,-2.1261121098623956,-2.2753059099409256,-7.895497257268198,4.210768154721702,25.67189225108211,-0.011414749287887105,3892.1590439395686,-3594.1472493160277,6.235885699849235,15.10515815768454,3893.2624334755005,-3593.8232941121078,6.148915448027266,14.556640491773457,100080,2014-01-03,2015-12-25,0.0
2014-11-21,97579841344.0,30464000000.0,-0.0006802536365304391,147667172731.83655,147667172731.83698,147667172731.83698,147667172731.83698,-2.122223347893978,-2.27112807629328,-7.891992759917638,4.214242653694398,25.718226745395466,0.046334494313356345,3892.1590439395686,-3594.1472493160277,6.235885699849235,15.10515815768454,3893.2624334755005,-3593.8232941121078,6.148915448027266,14.556640491773457,100080,2014-01-03,2015-12-25,0.0
2014-11-28,100019337377.6,30464000000.0,-0.0006331650785279575,150101127798.20862,150101127798.20868,150101127798.20868,150101127798.20868,-2.1205629838801148,-2.2693442878855876,-7.890496463565591,4.215726140463177,25.73457508920323,0.0163483438077634,3892.1590439395686,-3594.1472493160277,6.235885699849235,15.10515815768454,3893.2624334755005,-3593.8232941121078,6.148915448027266,14.556640491773457,100080,2014-01-03,2015-12-25,0.0
2014-12-05,100019337377.6,30464000000.0,-0.0005971037003509272,150096804409.59378,150096804409.59396,150096804409.59396,150096804409.59396,-2.1192914341484794,-2.2679782161549156,-7.889350561193169,4.2168622323849165,25.734546285616318,-2.880358691115248e-05,3892.1590439395686,-3594.1472493160277,6.235885699849235,15.10515815768454,3893.2624334755005,-3593.8232941121078,6.148915448027266,14.556640491773457,100080,2014-01-03,2015-12-25,0.0
2014-12-12,93279712742.4,30464000000.0,-0.0006205328303227952,143358970935.66165,143358970935.66193,143358970935.66193,143358970935.66193,-2.1201175627614006,-2.268865755954721,-7.890095056434802,4.216124111067395,25.688617607964108,-0.04592867765220987,3892.1590439395686,-3594.1472493160277,6.235885699849235,15.10515815768454,3893.2624334755005,-3593.8232941121078,6.148915448027266,14.556640491773457,100080,2014-01-03,2015-12-25,0.0
2014-12-19,94272050112.0,30464000000.0,-0.0007444405112366903,144363251424.6725,144363251424.67303,144363251424.67303,144363251424.67303,-2.124486584662224,-2.273559551489825,-7.894032356824482,4.212220516201912,25.69559853949779,0.006980931533682622,3892.1590439395686,-3594.1472493160277,6.235885699849235,15.10515815768454,3893.2624334755005,-3593.8232941121078,6.148915448027266,14.556640491773457,100080,2014-01-03,2015-12-25,0.0
2014-12-26,95264387481.6,30464000000.0,-0.0007939924924829911,145359843961.75778,145359843961.75778,145359843961.75778,145359843961.75778,-2.126233776251206,-2.275436620365099,-7.895606901312908,4.2106594491562435,25.702478187573085,0.006879648075294398,3892.1590439395686,-3594.1472493160277,6.235885699849235,15.10515815768454,3893.2624334755005,-3593.8232941121078,6.148915448027266,14.556640491773457,100080,2014-01-03,2015-12-25,0.0
2015-01-02,93445102304.0,30464000000.0,-0.0008897279313009143,143549289704.14377,143549289704.14404,143549289704.14404,143549289704.14404,-2.129609343823375,-2.279063108496075,-7.898648915788158,4.207643470543395,25.689944295428404,-0.012533892144681147,3892.1590439395686,-3594.1472493160277,6.235885699849235,15.10515815768454,3893.2624334755005,-3593.8232941121078,6.148915448027266,14.556640491773457,100080,2014-01-03,2015-12-25,0.0
2015-01-09,93569144475.20001,30464000000.0,-0.0010103659306464373,143684336128.17432,143684336128.17432,143684336128.17432,143684336128.17432,-2.1338628797871917,-2.2836328247005895,-7.9024821440000546,4.203843045288956,25.690884620110722,0.0009403246823183053,3892.1590439395686,-3594.1472493160277,6.235885699849235,15.10515815768454,3893.2624334755005,-3593.8232941121078,6.148915448027266,14.556640491773457,100080,2014-01-03,2015-12-25,0.0
2015-01-16,102293443849.6,30464000000.0,-0.0012027075172804747,152426409920.2656,152426409920.26547,152426409920.26547,152426409920.26547,-2.1406444064523598,-2.2909184379204817,-7.90859356468718,4.1977839123916985,25.749947758625446,0.059063138514723335,3892.1590439395686,-3594.1472493160277,6.235885699849235,15.10515815768454,3893.2624334755005,-3593.8232941121078,6.148915448027266,14.556640491773457,100080,2014-01-03,2015-12-25,0.0
2015-01-23,105932014204.79999,30464000000.0,-0.0018699821637219061,156128196259.30228,156128196259.30182,156128196259.30182,156128196259.30182,-2.1641692508837,-2.3161918612840964,-7.929793857022172,4.176764900969944,25.773943277620077,0.023995518994631482,3892.1590439395686,-3594.1472493160277,6.235885699849235,15.10515815768454,3893.2624334755005,-3593.8232941121078,6.148915448027266,14.556640491773457,100080,2014-01-03,2015-12-25,0.0
2015-01-30,105890666814.40001,30464000000.0,-0.0018365672540792072,156081851264.1769,156081851264.17636,156081851264.17636,156081851264.17636,-2.1629912686901056,-2.3149263236618935,-7.928732273674336,4.17781741067961,25.773646394186418,-0.0002968834336591897,3892.1590439395686,-3594.1472493160277,6.235885699849235,15.10515815768454,3893.2624334755005,-3593.8232941121078,6.148915448027266,14.556640491773457,100080,2014-01-03,2015-12-25,0.0
2015-02-06,103575212952.0,30464000000.0,-0.0020336007627560996,153783264201.83835,153783264201.83875,153783264201.83875,153783264201.83875,-2.1699372307652554,-2.322388551249105,-7.934991891989898,4.171611289188242,25.75881007276449,-0.014836321421928034,3892.1590439395686,-3594.1472493160277,6.235885699849235,15.10515815768454,3893.2624334755005,-3593.8232941121078,6.148915448027266,14.556640491773457,100080,2014-01-03,2015-12-25,0.0
2015-02-13,104567550321.6,30464000000.0,-0.0019239942691234469,154763375376.56793,154763375376.5678,154763375376.5678,154763375376.5678,-2.1660733356217845,-2.3182374695600174,-7.931509795381885,4.175063628345221,25.76516317693483,0.006353104170340629,3892.1590439395686,-3594.1472493160277,6.235885699849235,15.10515815768454,3893.2624334755005,-3593.8232941121078,6.148915448027266,14.556640491773457,100080,2014-01-03,2015-12-25,0.0
2015-02-20,102955002096.0,30464000000.0,-0.0020314025243390234,153158923577.90344,153158923577.90326,153158923577.90326,153158923577.90326,-2.169859738237989,-2.3223052990701945,-7.934922056632967,4.1716805277852265,25.754741935441903,-0.01042124149292789,3892.1590439395686,-3594.1472493160277,6.235885699849235,15.10515815768454,3893.2624334755005,-3593.8232941121078,6.148915448027266,14.556640491773457,100080,2014-01-03,2015-12-25,0.0
2015-02-27,109198458046.40001,30464000000.0,-0.0024664515505081032,159440337713.89124,159440337713.892,159440337713.892,159440337713.892,-2.1851955598268553,-2.338780934072247,-7.948742525346983,4.157978124227158,25.79493563097397,0.040193695532067863,3892.1590439395686,-3594.1472493160277,6.235885699849235,15.10515815768454,3893.2624334755005,-3593.8232941121078,6.148915448027266,14.556640491773457,100080,2014-01-03,2015-12-25,0.0
2015-03-06,110521574539.20001,50016000000.0,-0.0022610116689517935,160742417624.7338,160742417624.73312,160742417624.73312,160742417624.73312,-2.17795378499487,-2.3310009308333974,-7.942216318355349,4.164448587811082,25.80306903020972,0.008133399235749295,3892.1590439395686,-3594.1472493160277,6.235885699849235,15.10515815768454,3893.2624334755005,-3593.8232941121078,6.148915448027266,14.556640491773457,100080,2014-01-03,2015-12-25,0.0
2015-03-13,117178504393.59999,50016000000.0,-0.0024755877278853167,167416440390.8052,167416440390.80573,167416440390.80573,167416440390.80573,-2.185517604975145,-2.3391269142284727,-7.949032748919262,4.157690379236944,25.843750200399345,0.04068117018962525,3892.1590439395686,-3594.1472493160277,6.235885699849235,15.10515815768454,3893.2624334755005,-3593.8232941121078,6.148915448027266,14.556640491773457,100080,2014-01-03,2015-12-25,0.0
2015-03-20,119039136961.59999,50016000000.0,-0.002382728941192464,169266429020.7522,169266429020.75284,169266429020.75284,169266429020.75284,-2.1822443610295297,-2.3356103955222807,-7.946082937458345,4.160614997160725,25.854739813574398,0.010989613175052426,3892.1590439395686,-3594.1472493160277,6.235885699849235,15.10515815768454,3893.2624334755005,-3593.8232941121078,6.148915448027266,14.556640491773457,100080,2014-01-03,2015-12-25,0.0
2015-03-27,115069787483.20001,50016000000.0,-0.0025900388100694493,165313002490.81253,165313002490.8126,165313002490.8126,165313002490.8126,-2.1895518987533324,-2.343461042491299,-7.952668410895899,4.154085764181357,25.831106498636377,-0.02363331493802079,3892.1590439395686,-3594.1472493160277,6.235885699849235,15.10515815768454,3893.2624334755005,-3593.8232941121078,6.148915448027266,14.556640491773457,100080,2014-01-03,2015-12-25,0.0
2015-04-03,114780355750.40001,50016000000.0,-0.00254129996086175,165016830424.4276,165016830424.42767,165016830424.42767,165016830424.42767,-2.187833909548305,-2.341615370301497,-7.951120177476969,4.15562077695952,25.829313308217372,-0.0017931904190042758,3892.1590439395686,-3594.1472493160277,6.235885699849235,15.10515815768454,3893.2624334755005,-3593.8232941121078,6.148915448027266,14.556640491773457,100080,2014-01-03,2015-12-25,0.0
2015-04-10,120899769529.59999,50016000000.0,-0.0027766791350716472,171154030786.85153,171154030786.85144,171154030786.85144,171154030786.85144,-2.1961306253956097,-2.350528701953408,-7.958597090118678,4.148207703079244,25.86582975283927,0.03651644462189907,3892.1590439395686,-3594.1472493160277,6.235885699849235,15.10515815768454,3893.2624334755005,-3593.8232941121078,6.148915448027266,14.556640491773457,100080,2014-01-03,2015-12-25,0.0
2015-04-17,110397532368.0,50016000000.0,-0.0029147858761081904,160660855953.67743,160660855953.67715,160660855953.67715,160660855953.67715,-2.2009984967657177,-2.3557583488677665,-7.962983966035949,4.143858273522621,25.802561495411467,-0.06326825742780429,3892.1590439395686,-3594.1472493160277,6.235885699849235,15.10515815768454,3893.2624334755005,-3593.8232941121078,6.148915448027266,14.556640491773457,100080,2014-01-03,2015-12-25,0.0
2015-04-24,111886038422.40001,50016000000.0,-0.0026941512127789825,162127995148.1087,162127995148.1078,162127995148.1078,162127995148.1078,-2.1932216946777925,-2.3474035798396926,-7.955975592086087,4.150806820727578,25.811651953726066,0.009090458314599204,3892.1590439395686,-3594.1472493160277,6.235885699849235,15.10515815768454,3893.2624334755005,-3593.8232941121078,6.148915448027266,14.556640491773457,100080,2014-01-03,2015-12-25,0.0
2015-05-01,107420520259.20001,50016000000.0,-0.002587917817145178,157651047787.17474,157651047787.17535,157651047787.17535,157651047787.17535,-2.1894771364562606,-2.3433807237856854,-7.952601035914335,4.15415256385427,25.783649869202584,-0.028002084523482296,3892.1590439395686,-3594.1472493160277,6.235885699849235,15.10515815768454,3893.2624334755005,-3593.8232941121078,6.148915448027266,14.556640491773457,100080,2014-01-03,2015-12-25,0.0
2015-05-08,109777321512.0,50016000000.0,-0.0026562975539913235,160010964022.4295,160010964022.4289,160010964022.4289,160010964022.4289,-2.191887421270558,-2.3459701427730124,-7.954773158952321,4.1519989875677785,25.798508174972678,0.01485830577009395,3892.1590439395686,-3594.1472493160277,6.235885699849235,15.10515815768454,3893.2624334755005,-3593.8232941121078,6.148915448027266,14.556640491773457,100080,2014-01-03,2015-12-25,0.0
2015-05-15,107875341553.59999,50016000000.0,-0.0023763760604034925,158083709623.159,158083709623.1594,158083709623.1594,158083709623.1594,-2.1820204220040145,-2.335369812765748,-7.945881126091581,4.160815084798266,25.786390537416324,-0.01211763755635431,3892.1590439395686,-3594.1472493160277,6.235885699849235,15.10515815768454,3893.2624334755005,-3593.8232941121078,6.148915448027266,14.556640491773457,100080,2014-01-03,2015-12-25,0.0
2015-05-22,113374544476.79999,50016000000.0,-0.0025450576896501064,163594137754.07828,163594137754.0787,163594137754.0787,163594137754.0787,-2.18796636574295,-2.341757670819561,-7.951239545570979,4.155502428201591,25.820654427674018,0.034263890257694385,3892.1590439395686,-3594.1472493160277,6.235885699849235,15.10515815768454,3893.2624334755005,-3593.8232941121078,6.148915448027266,14.556640491773457,100080,2014-01-03,2015-12-25,0.0
2015-05-29,106800309403.20001,50016000000.0,-0.0024557794986057803,157010375315.94254,157010375315.94202,157010375315.94202,157010375315.94202,-2.1848193753181717,-2.338376790786924,-7.948403511981018,4.158314242295457,25.77957772492613,-0.041076702747886884,3892.1590439395686,-3594.1472493160277,6.235885699849235,15.10515815768454,3893.2624334755005,-3593.8232941121078,6.148915448027266,14.556640491773457,100080,2014-01-03,2015-12-25,0.0
2015-06-05,104443508150.4,50016000000.0,-0.0024254601275671473,154648831635.54614,154648831635.5451,154648831635.5451,154648831635.5451,-2.183750628833741,-2.33722861278261,-7.947440369375499,4.15926915908715,25.76442278115432,-0.015154943771811702,3892.1590439395686,-3594.1472493160277,6.235885699849235,15.10515815768454,3893.2624334755005,-3593.8232941121078,6.148915448027266,14.556640491773457,100080,2014-01-03,2015-12-25,0.0
2015-06-12,105311803348.79999,50016000000.0,-0.0023845845925611854,155511628313.2338,155511628313.23334,155511628313.23334,155511628313.23334,-2.182309772687519,-2.3356806687422704,-7.946141885719953,4.1605565523901324,25.769986345919214,0.005563564764894835,3892.1590439395686,-3594.1472493160277,6.235885699849235,15.10515815768454,3893.2624334755005,-3593.8232941121078,6.148915448027266,14.556640491773457,100080,2014-01-03,2015-12-25,0.0
2015-06-19,105601235081.6,50016000000.0,-0.002422766757622434,155801670044.83575,155801670044.83508,155801670044.83508,155801670044.83508,-2.1836556882811466,-2.3371266160338564,-7.947354809993748,4.159353987724059,25.77184968948373,0.0018633435645156737,3892.1590439395686,-3594.1472493160277,6.235885699849235,15.10515815768454,3893.2624334755005,-3593.8232941121078,6.148915448027266,14.556640491773457,100080,2014-01-03,2015-12-25,0.0
2015-06-26,109942711073.59999,50016000000.0,-0.002460915246111546,160143679865.54968,160143679865.5503,160143679865.5503,160143679865.5503,-2.1850004079434378,-2.3385712781184793,-7.948566656602178,4.158152490994145,25.799337248379903,0.027487558896172715,3892.1590439395686,-3594.1472493160277,6.235885699849235,15.10515815768454,3893.2624334755005,-3593.8232941121078,6.148915448027266,14.556640491773457,100080,2014-01-03,2015-12-25,0.0
2015-07-03,104071381636.79999,50016000000.0,-0.00271000448128766,154288493444.11496,154288493444.1152,154288493444.1152,154288493444.1152,-2.1937804913029764,-2.3480039063076674,-7.9564791737439915,4.150307538463496,25.76209002091084,-0.03724722746906295,3892.1590439395686,-3594.1472493160277,6.235885699849235,15.10515815768454,3893.2624334755005,-3593.8232941121078,6.148915448027266,14.556640491773457,100080,2014-01-03,2015-12-25,0.0
2015-07-10,109777321512.0,50016000000.0,-0.0028624652795235773,160003006850.50723,160003006850.50638,160003006850.50638,160003006850.50638,-2.1991543575787422,-2.3537771556234475,-7.961322046505757,4.145506007721635,25.79845844481932,0.03636842390848116,3892.1590439395686,-3594.1472493160277,6.235885699849235,15.10515815768454,3893.2624334755005,-3593.8232941121078,6.148915448027266,14.556640491773457,100080,2014-01-03,2015-12-25,0.0
2015-07-17,113250502305.59999,50016000000.0,-0.002900279842478238,163476162208.67984,163476162208.68033,163476162208.68033,163476162208.68033,-2.2004872056161746,-2.355209059289564,-7.962523195619769,4.144315111126277,25.819933019765514,0.021474574946193314,3892.1590439395686,-3594.1472493160277,6.235885699849235,15.10515815768454,3893.2624334755005,-3593.8232941121078,6.148915448027266,14.556640491773457,100080,2014-01-03,2015-12-25,0.0
2015-07-24,108330162848.0,50016000000.0,-0.0027894960759879918,158545104284.8331,158545104284.83234,158545104284.83234,158545104284.83234,-2.1965823911259243,-2.351014042696761,-7.9590042167243835,4.147804051994424,25.789304959401885,-0.030628060363628862,3892.1590439395686,-3594.1472493160277,6.235885699849235,15.10515815768454,3893.2624334755005,-3593.8232941121078,6.148915448027266,14.556640491773457,100080,2014-01-03,2015-12-25,0.0
2015-07-31,111059090614.40001,50016000000.0,-0.0029062925276816167,161279572102.08652,161279572102.0873,161279572102.0873,161279572102.0873,-2.2006991336356396,-2.3554367375040783,-7.962714183007415,4.1441257538817595,25.806405168689036,0.017100209287150392,3892.1590439395686,-3594.1472493160277,6.235885699849235,15.10515815768454,3893.2624334755005,-3593.8232941121078,6.148915448027266,14.556640491773457,100080,2014-01-03,2015-12-25,0.0
2015-08-07,111348522347.20001,50016000000.0,-0.0030009562957898804,161572779693.42966,161572779693.42966,161572779693.42966,161572779693.42966,-2.204035701296307,-2.3590212729352515,-7.965721064339959,4.141144535593641,25.808221526354224,0.001816357665187951,3892.1590439395686,-3594.1472493160277,6.235885699849235,15.10515815768454,3893.2624334755005,-3593.8232941121078,6.148915448027266,14.556640491773457,100080,2014-01-03,2015-12-25,0.0
2015-08-14,106634919841.59999,50016000000.0,-0.0029242938774928363,156851022198.07104,156851022198.07205,156851022198.07205,156851022198.07205,-2.2013336226196496,-2.3561183807657926,-7.9632859780746905,4.143558839202957,25.778562288604082,-0.029659237750141898,3892.1590439395686,-3594.1472493160277,6.235885699849235,15.10515815768454,3893.2624334755005,-3593.8232941121078,6.148915448027266,14.556640491773457,100080,2014-01-03,2015-12-25,0.0
2015-08-21,97786578296.0,50016000000.0,-0.0028004841279139713,147991488446.76016,147991488446.75992,147991488446.75992,147991488446.75992,-2.196969692211469,-2.3514301277787126,-7.959353248466959,4.1474579997873455,25.72042059856187,-0.0581416900422127,3892.1590439395686,-3594.1472493160277,6.235885699849235,15.10515815768454,3893.2624334755005,-3593.8232941121078,6.148915448027266,14.556640491773457,100080,2014-01-03,2015-12-25,0.0
2015-08-28,100474158672.0,50016000000.0,-0.002702635304728821,150669847440.52042,150669847440.51965,150669847440.51965,150669847440.51965,-2.1935207424706897,-2.3477248529143253,-7.9562450908186975,4.150539622887006,25.738356839218575,0.01793624065670585,3892.1590439395686,-3594.1472493160277,6.235885699849235,15.10515815768454,3893.2624334755005,-3593.8232941121078,6.148915448027266,14.556640491773457,100080,2014-01-03,2015-12-25,0.0
2015-09-04,97331757001.6,50016000000.0,-0.0028864087493261094,147536900753.6485,147536900753.64886,147536900753.64886,147536900753.64886,-2.199998292887082,-2.3546838112119985,-7.96208259242278,4.144751953573429,25.71734415603885,-0.02101268317972682,3892.1590439395686,-3594.1472493160277,6.235885699849235,15.10515815768454,3893.2624334755005,-3593.8232941121078,6.148915448027266,14.556640491773457,100080,2014-01-03,2015-12-25,0.0
2015-09-11,98324094371.20001,50016000000.0,-0.002765140417905242,148518607972.15704,148518607972.15817,148518607972.15817,148518607972.15817,-2.195723913064353,-2.3500917629189644,-7.958230565179974,4.1485710990509705,25.723976093548817,0.006631937509968822,3892.1590439395686,-3594.1472493160277,6.235885699849235,15.10515815768454,3893.2624334755005,-3593.8232941121078,6.148915448027266,14.556640491773457,100080,2014-01-03,2015-12-25,0.0
2015-09-18,95140345310.4,50016000000.0,-0.0028794374500842102,145339471642.0365,145339471642.03632,145339471642.03632,145339471642.03632,-2.1997525759117282,-2.3544198328554558,-7.961861154779899,4.144971501119359,25.702338026804476,-0.02163806674434099,3892.1590439395686,-3594.1472493160277,6.235885699849235,15.10515815768454,3893.2624334755005,-3593.8232941121078,6.148915448027266,14.556640491773457,100080,2014-01-03,2015-12-25,0.0
2015-09-25,96463461803.20001,50016000000.0,-0.0028835143513214535,146660064343.4188,146660064343.4184,146660064343.4184,146660064343.4184,-2.199896274246224,-2.3545742106739453,-7.961990654259057,4.144843106994428,25.711383258337037,0.00904523153256065,3892.1590439395686,-3594.1472493160277,6.235885699849235,15.10515815768454,3893.2624334755005,-3593.8232941121078,6.148915448027266,14.556640491773457,100080,2014-01-03,2015-12-25,0.0
2015-10-02,93569144475.20001,50016000000.0,-0.002914101498148973,143764853174.03595,143764853174.0356,143764853174.0356,143764853174.0356,-2.2009743746668997,-2.3557324340501964,-7.962962227443745,4.143879826570198,25.691444837714137,-0.019938420622899855,3892.1590439395686,-3594.1472493160277,6.235885699849235,15.10515815768454,3893.2624334755005,-3593.8232941121078,6.148915448027266,14.556640491773457,100080,2014-01-03,2015-12-25,0.0
2015-10-09,92080638420.79999,50016000000.0,-0.0028248906442560704,142268109531.7117,142268109531.71252,142268109531.71252,142268109531.71252,-2.1978299576646214,-2.3523543275543943,-7.960128510847266,4.146689355335254,25.680979209629957,-0.010465628084180167,3892.1590439395686,-3594.1472493160277,6.235885699849235,15.10515815768454,3893.2624334755005,-3593.8232941121078,6.148915448027266,14.556640491773457,100080,2014-01-03,2015-12-25,0.0
2015-10-16,90922911489.6,50016000000.0,-0.002991415426572077,141117621358.2343,141117621358.23398,141117621358.23398,141117621358.23398,-2.2036994213971592,-2.3586600014218675,-7.965418012239047,4.14144500136115,25.672859573608147,-0.008119636021810095,3892.1590439395686,-3594.1472493160277,6.235885699849235,15.10515815768454,3893.2624334755005,-3593.8232941121078,6.148915448027266,14.556640491773457,100080,2014-01-03,2015-12-25,0.0
2015-10-23,96256724851.20001,50016000000.0,-0.003258473276524514,146464273835.84357,146464273835.843,146464273835.843,146464273835.843,-2.2131120015085255,-2.368772095434906,-7.973900538076236,4.133034855440816,25.71004737106197,0.037187797453825056,3892.1590439395686,-3594.1472493160277,6.235885699849235,15.10515815768454,3893.2624334755005,-3593.8232941121078,6.148915448027266,14.556640491773457,100080,2014-01-03,2015-12-25,0.0
2015-10-30,100350116500.79999,50016000000.0,-0.0032980895325971015,150556814395.4213,150556814395.42087,150556814395.42087,150556814395.42087,-2.2145082583081726,-2.370272116096885,-7.975158831548174,4.131787296577797,25.737606354187037,0.027558983125064884,3892.1590439395686,-3594.1472493160277,6.235885699849235,15.10515815768454,3893.2624334755005,-3593.8232941121078,6.148915448027266,14.556640491773457,100080,2014-01-03,2015-12-25,0.0
2015-11-06,102086706897.6,50016000000.0,-0.003263758493655935,152288265032.2416,152288265032.24097,152288265032.24097,152288265032.24097,-2.2132982771160625,-2.368972214276937,-7.974068407892787,4.132868417768511,25.749041042219282,0.011434688032245788,3892.1590439395686,-3594.1472493160277,6.235885699849235,15.10515815768454,3893.2624334755005,-3593.8232941121078,6.148915448027266,14.556640491773457,100080,2014-01-03,2015-12-25,0.0
2015-11-13,98985652617.6,50016000000.0,-0.0036960776742885047,149208271587.29703,149208271587.29755,149208271587.29755,149208271587.29755,-2.228534639632315,-2.385340854970309,-7.98779927991086,4.119254653540248,25.7286089627725,-0.02043207944678116,3892.1590439395686,-3594.1472493160277,6.235885699849235,15.10515815768454,3893.2624334755005,-3593.8232941121078,6.148915448027266,14.556640491773457,100080,2014-01-03,2015-12-25,0.0
2015-11-20,104360813369.6,50016000000.0,-0.0037500744134523335,154582835216.01547,154582835216.015,154582835216.015,154582835216.015,-2.230437584227731,-2.387385211852461,-7.989514197215817,4.117554357677865,25.76399593987248,0.03538697709997862,3892.1590439395686,-3594.1472493160277,6.235885699849235,15.10515815768454,3893.2624334755005,-3593.8232941121078,6.148915448027266,14.556640491773457,100080,2014-01-03,2015-12-25,0.0
2015-11-27,104030034246.4,50016000000.0,-0.004022029296182588,154263144213.032,154263144213.0332,154263144213.0332,154263144213.0332,-2.2400215065257787,-2.3976813260314884,-7.998151148460874,4.108991029382675,25.761925709800185,-0.0020702300722952316,3892.1590439395686,-3594.1472493160277,6.235885699849235,15.10515815768454,3893.2624334755005,-3593.8232941121078,6.148915448027266,14.556640491773457,100080,2014-01-03,2015-12-25,0.0
2015-12-04,96298072241.6,50016000000.0,-0.003145713841542994,146480762490.56314,146480762490.56393,146480762490.56393,146480762490.56393,-2.209137794735528,-2.3645025402199735,-7.9703190209393595,4.136585815253331,25.710159942723504,-0.0517657670766809,3892.1590439395686,-3594.1472493160277,6.235885699849235,15.10515815768454,3893.2624334755005,-3593.8232941121078,6.148915448027266,14.556640491773457,100080,2014-01-03,2015-12-25,0.0
2015-12-11,92700849276.79999,50016000000.0,-0.003569725131760979,142902603780.2162,142902603780.2161,142902603780.2161,142902603780.2161,-2.2240816740485085,-2.380556975983154,-7.983786306364163,4.123233408231342,25.685429142711445,-0.024730800012058296,3892.1590439395686,-3594.1472493160277,6.235885699849235,15.10515815768454,3893.2624334755005,-3593.8232941121078,6.148915448027266,14.556640491773457,100080,2014-01-03,2015-12-25,0.0
2015-12-18,95801903556.79999,50016000000.0,-0.0038079263706040224,146012400631.87738,146012400631.8772,146012400631.8772,146012400631.8772,-2.232476374177865,-2.3895755082064625,-7.9913515373969854,4.115732681554142,25.70695739088268,0.02152824817123289,3892.1590439395686,-3594.1472493160277,6.235885699849235,15.10515815768454,3893.2624334755005,-3593.8232941121078,6.148915448027266,14.556640491773457,100080,2014-01-03,2015-12-25,0.0
2015-12-25,96008640508.79999,50016000000.0,-0.0038224843274157205,146216191750.5186,146216191750.51886,146216191750.51886,146216191750.51886,-2.232989415265527,-2.3901266742227563,-7.991813885700071,4.115274274763694,25.70835212881723,0.0013947379345502497,3892.1590439395686,-3594.1472493160277,6.235885699849235,15.10515815768454,3893.2624334755005,-3593.8232941121078,6.148915448027266,14.556640491773457,100080,2014-01-03,2015-12-25,0.0
2014-04-04,81867832992.0,30464000000.0,0.0012174990697765287,130158595938.72987,130158595938.72949,130158595938.72949,130158595938.72949,-0.7805699740103756,-0.6662205048358061,-7.351556967863305,5.686129147092562,25.592019512604246,,369.639418622471,-235.3286438959251,5.493889010734838,4.522717427442864,368.32922548161605,-235.81648414902534,5.468713445899498,4.514728403827975,100080,2014-04-04,2016-03-25,1.0
2014-04-11,76749026060.48,30464000000.0,0.0010920891506333507,125056101755.9326,125056101755.93224,125056101755.93224,125056101755.93224,-0.7844663866299368,-0.669370103441139,-7.355479987609032,5.6822081470222585,25.55202828760927,-0.03999122499497432,369.639418622471,-235.3286438959251,5.493889010734838,4.522717427442864,368.32922548161605,-235.81648414902534,5.468713445899498,4.514728403827975,100080,2014-04-04,2016-03-25,1.0
2014-04-18,77394045350.72,30464000000.0,0.0009723391601175702,125719881887.45387,125719881887.45454,125719881887.45454,125719881887.45454,-0.7881868183240744,-0.6723774647246756,-7.359225837634516,5.678464322405668,25.55732210938643,0.005293821777158314,369.639418622471,-235.3286438959251,5.493889010734838,4.522717427442864,368.32922548161605,-235.81648414902534,5.468713445899498,4.514728403827975,100080,2014-04-04,2016-03-25,1.0
2014-04-25,79196791572.16,30464000000.0,0.001184705562471653,127494916706.0987,127494916706.09906,127494916706.09906,127494916706.09906,-0.7815888625215525,-0.6670441045318114,-7.352582812642363,5.685103820415804,25.571342331778332,0.014020222391902593,369.639418622471,-235.3286438959251,5.493889010734838,4.522717427442864,368.32922548161605,-235.81648414902534,5.468713445899498,4.514728403827975,100080,2014-04-04,2016-03-25,1.0
2014-05-02,82694780800.0,30464000000.0,0.0009240548547331073,131032370408.41385,131032370408.41322,131032370408.41322,131032370408.41322,-0.7896868948455044,-0.6735900353799877,-7.360736166384963,5.676954837091786,25.598710231977105,0.027367900198772332,369.639418622471,-235.3286438959251,5.493889010734838,4.522717427442864,368.32922548161605,-235.81648414902534,5.468713445899498,4.514728403827975,100080,2014-04-04,2016-03-25,1.0
2014-05-09,82860170361.6,30464000000.0,0.0007824827679862367,131218594712.2031,131218594712.20297,131218594712.20297,131218594712.20297,-0.7940850777246956,-0.677145271693405,-7.365164420336756,5.672529144825783,25.60013043140329,0.0014201994261853201,369.639418622471,-235.3286438959251,5.493889010734838,4.522717427442864,368.32922548161605,-235.81648414902534,5.468713445899498,4.514728403827975,100080,2014-04-04,2016-03-25,1.0
2014-05-16,85589098128.0,30464000000.0,0.0005954409775943014,133975201771.39568,133975201771.39558,133975201771.39558,133975201771.39558,-0.7998955832597558,-0.681842176848221,-7.3710146802472325,5.666682472138461,25.620920558363853,0.020790126960562816,369.639418622471,-235.3286438959251,5.493889010734838,4.522717427442864,368.32922548161605,-235.81648414902534,5.468713445899498,4.514728403827975,100080,2014-04-04,2016-03-25,1.0
2014-05-23,85423708566.4,30464000000.0,0.0004306259369306353,133833152399.40117,133833152399.401,133833152399.401,133833152399.401,-0.8050153513197239,-0.685980753747927,-7.37559123248959,5.661531002336945,25.619859729729466,-0.0010608286343867235,369.639418622471,-235.3286438959251,5.493889010734838,4.522717427442864,368.32922548161605,-235.81648414902534,5.468713445899498,4.514728403827975,100080,2014-04-04,2016-03-25,1.0
2014-05-30,87739162428.79999,30464000000.0,0.00030940122363873443,136166286240.57794,136166286240.57753,136166286240.57753,136166286240.57753,-0.8087808878831646,-0.6890246507010716,-7.378732259751279,5.65774224869196,25.637142668747607,0.017282939018141263,369.639418622471,-235.3286438959251,5.493889010734838,4.522717427442864,368.32922548161605,-235.81648414902534,5.468713445899498,4.514728403827975,100080,2014-04-04,2016-03-25,1.0
2014-06-06,86994909401.6,30464000000.0,0.00019365440072094398,135438007387.07555,135438007387.0759,135438007387.0759,135438007387.0759,-0.8123761460745662,-0.6919309149213717,-7.381731259487016,5.654124901781141,25.631779862518027,-0.005362806229580741,369.639418622471,-235.3286438959251,5.493889010734838,4.522717427442864,368.32922548161605,-235.81648414902534,5.468713445899498,4.514728403827975,100080,2014-04-04,2016-03-25,1.0
2014-06-13,85671792908.79999,30464000000.0,-0.00020942098232975325,134169338998.64862,134169338998.64911,134169338998.64911,134169338998.64911,-0.8248953035188369,-0.702051004248105,-7.392174246598367,5.641529426806321,25.622368562940913,-0.009411299577113397,369.639418622471,-235.3286438959251,5.493889010734838,4.522717427442864,368.32922548161605,-235.81648414902534,5.468713445899498,4.514728403827975,100080,2014-04-04,2016-03-25,1.0
2014-06-20,85795835080.0,30464000000.0,-6.618845464369861e-05,134274115557.51224,134274115557.51202,134274115557.51202,134274115557.51202,-0.8204467956285606,-0.6984549541755882,-7.388463462750283,5.646004946595801,25.62314918591685,0.0007806229759381722,369.639418622471,-235.3286438959251,5.493889010734838,4.522717427442864,368.32922548161605,-235.81648414902534,5.468713445899498,4.514728403827975,100080,2014-04-04,2016-03-25,1.0
2014-06-27,84679455539.20001,30464000000.0,-0.00012624488700352376,133165536373.12779,133165536373.12785,133165536373.12785,133165536373.12785,-0.8223120471265302,-0.6999627692602957,-7.390019385966861,5.644128354767005,25.614858825637302,-0.008290360279548992,369.639418622471,-235.3286438959251,5.493889010734838,4.522717427442864,368.32922548161605,-235.81648414902534,5.468713445899498,4.514728403827975,100080,2014-04-04,2016-03-25,1.0
2014-07-04,86912214620.79999,30464000000.0,-0.00018149751769413135,135406092772.00797,135406092772.00833,135406092772.00833,135406092772.00833,-0.8240280723867923,-0.7013499571983175,-7.391450832638526,5.642401914664485,25.631544194728352,0.016685369091050006,369.639418622471,-235.3286438959251,5.493889010734838,4.522717427442864,368.32922548161605,-235.81648414902534,5.468713445899498,4.514728403827975,100080,2014-04-04,2016-03-25,1.0
2014-07-11,83645770779.20001,30464000000.0,-0.00023097593189612685,132145382167.10223,132145382167.10268,132145382167.10268,132145382167.10268,-0.8255647401903048,-0.7025921599130243,-7.392732667722962,5.640855935391547,25.60716853351255,-0.024375661215803035,369.639418622471,-235.3286438959251,5.493889010734838,4.522717427442864,368.32922548161605,-235.81648414902534,5.468713445899498,4.514728403827975,100080,2014-04-04,2016-03-25,1.0
2014-07-18,83397686436.79999,30464000000.0,-0.00015002170554340166,131886585002.0391,131886585002.03922,131886585002.03922,131886585002.03922,-0.8230505061669111,-0.7005597190205322,-7.390635381706036,5.643385411755253,25.605208185674996,-0.001960347837552945,369.639418622471,-235.3286438959251,5.493889010734838,4.522717427442864,368.32922548161605,-235.81648414902534,5.468713445899498,4.514728403827975,100080,2014-04-04,2016-03-25,1.0
2014-07-25,81628018127.68,30464000000.0,-0.0002569906890467366,130130309892.08263,130130309892.08287,130130309892.08287,130130309892.08287,-0.8263726805692503,-0.7032452790538883,-7.393406624361994,5.640043104899315,25.59180216913609,-0.013406016538905163,369.639418622471,-235.3286438959251,5.493889010734838,4.522717427442864,368.32922548161605,-235.81648414902534,5.468713445899498,4.514728403827975,100080,2014-04-04,2016-03-25,1.0
2014-08-01,79163713659.84,30464000000.0,-0.00026581342468347426,127666300972.91333,127666300972.91272,127666300972.91272,127666300972.91272,-0.8266466869290606,-0.7034667792043621,-7.393635191350708,5.6397674409768355,25.57268567301291,-0.019116496123182003,369.639418622471,-235.3286438959251,5.493889010734838,4.522717427442864,368.32922548161605,-235.81648414902534,5.468713445899498,4.514728403827975,100080,2014-04-04,2016-03-25,1.0
2014-08-08,78659275496.96,30464000000.0,-0.0002710997517292601,127162287348.19604,127162287348.19662,127162287348.19662,127162287348.19662,-0.8268108632538852,-0.7035994954315044,-7.3937721418067515,5.639602271703872,25.568729960780963,-0.003955712231945796,369.639418622471,-235.3286438959251,5.493889010734838,4.522717427442864,368.32922548161605,-235.81648414902534,5.468713445899498,4.514728403827975,100080,2014-04-04,2016-03-25,1.0
2014-08-15,78899090361.28,30464000000.0,-0.0002666909149261487,127401533092.58234,127401533092.58206,127401533092.58206,127401533092.58206,-0.8266739389724055,-0.7034888091046838,-7.393657924101791,5.639740024100388,25.570609613705805,0.0018796529248419347,369.639418622471,-235.3286438959251,5.493889010734838,4.522717427442864,368.32922548161605,-235.81648414902534,5.468713445899498,4.514728403827975,100080,2014-04-04,2016-03-25,1.0
2014-08-22,81892641426.24,30464000000.0,-0.0003000152210712015,130399981066.49568,130399981066.49594,130399981066.49594,130399981066.49594,-0.8277088803946785,-0.7043254315465219,-7.394521238356738,5.6386988261311135,25.59387234124337,0.02326272753756342,369.639418622471,-235.3286438959251,5.493889010734838,4.522717427442864,368.32922548161605,-235.81648414902534,5.468713445899498,4.514728403827975,100080,2014-04-04,2016-03-25,1.0
2014-08-29,84390023806.4,30464000000.0,-0.0005535894785573525,132929385620.89148,132929385620.89252,132929385620.89252,132929385620.89252,-0.8355837255237742,-0.7106913064991573,-7.401090203956943,5.630776583152627,25.613083888990914,0.01921154774754541,369.639418622471,-235.3286438959251,5.493889010734838,4.522717427442864,368.32922548161605,-235.81648414902534,5.468713445899498,4.514728403827975,100080,2014-04-04,2016-03-25,1.0
2014-09-05,87325688524.79999,30464000000.0,-0.0009985114507866256,135920304564.42711,135920304564.42735,135920304564.42735,135920304564.42735,-0.8493995684962837,-0.7218599176420071,-7.412615094095727,5.6168784727920995,25.635334555069992,0.022250666079077774,369.639418622471,-235.3286438959251,5.493889010734838,4.522717427442864,368.32922548161605,-235.81648414902534,5.468713445899498,4.514728403827975,100080,2014-04-04,2016-03-25,1.0
2014-09-12,87780509819.20001,30464000000.0,-0.0008644968736981573,136357792699.45648,136357792699.45695,136357792699.45695,136357792699.45695,-0.845238294710499,-0.7184959592948701,-7.409143829871458,5.621064406029066,25.638548096782788,0.0032135417127960864,369.639418622471,-235.3286438959251,5.493889010734838,4.522717427442864,368.32922548161605,-235.81648414902534,5.468713445899498,4.514728403827975,100080,2014-04-04,2016-03-25,1.0
2014-09-19,92824891448.0,30464000000.0,-0.0009151518061543284,141408065468.67984,141408065468.6802,141408065468.6802,141408065468.6802,-0.8468111948878685,-0.7197674839927544,-7.41045591500078,5.619482172869209,25.674915628871837,0.03636753208904864,369.639418622471,-235.3286438959251,5.493889010734838,4.522717427442864,368.32922548161605,-235.81648414902534,5.468713445899498,4.514728403827975,100080,2014-04-04,2016-03-25,1.0
2014-09-26,91005606270.4,30464000000.0,-0.0009479075010087468,139591817898.03644,139591817898.0365,139591817898.0365,139591817898.0365,-0.8478282888211809,-0.7205896989697465,-7.411304357561359,5.618459051705037,25.661988414511406,-0.012927214360431094,369.639418622471,-235.3286438959251,5.493889010734838,4.522717427442864,368.32922548161605,-235.81648414902534,5.468713445899498,4.514728403827975,100080,2014-04-04,2016-03-25,1.0
2014-10-03,89789992992.64,30464000000.0,-0.000828643689372841,138360901559.10916,138360901559.10855,138360901559.10855,138360901559.10855,-0.8441249939124454,-0.7175959739174118,-7.408215135480515,5.622184321592843,25.653131337032807,-0.00885707747859854,369.639418622471,-235.3286438959251,5.493889010734838,4.522717427442864,368.32922548161605,-235.81648414902534,5.468713445899498,4.514728403827975,100080,2014-04-04,2016-03-25,1.0
2014-10-10,84968887272.0,30464000000.0,-0.0008556882255797649,133541828476.11217,133541828476.11215,133541828476.11215,133541828476.11215,-0.8449647726430408,-0.7182748456599342,-7.408915662864982,5.621339552568606,25.617680587630097,-0.03545074940270965,369.639418622471,-235.3286438959251,5.493889010734838,4.522717427442864,368.32922548161605,-235.81648414902534,5.468713445899498,4.514728403827975,100080,2014-04-04,2016-03-25,1.0
2014-10-17,86705477668.79999,30464000000.0,-0.0007103674000181104,135260644745.75458,135260644745.75453,135260644745.75453,135260644745.75453,-0.8404522382451064,-0.7146269498867639,-7.405151399336842,5.625878951359154,25.630469455795986,0.01278886816588809,369.639418622471,-235.3286438959251,5.493889010734838,4.522717427442864,368.32922548161605,-235.81648414902534,5.468713445899498,4.514728403827975,100080,2014-04-04,2016-03-25,1.0
2014-10-24,87449730696.0,30464000000.0,-0.000726557193000541,136006263552.95229,136006263552.9512,136006263552.9512,136006263552.9512,-0.8409549765470327,-0.715033358418026,-7.405570772511867,5.625373214135933,25.635966777158345,0.005497321362359031,369.639418622471,-235.3286438959251,5.493889010734838,4.522717427442864,368.32922548161605,-235.81648414902534,5.468713445899498,4.514728403827975,100080,2014-04-04,2016-03-25,1.0
2014-10-31,93817228817.6,30464000000.0,-0.0008147725709067233,142383818307.2056,142383818307.20554,142383818307.20554,142383818307.20554,-0.8436942696346144,-0.7172477794399725,-7.407855833726228,5.622617607025591,25.68179219398418,0.045825416825834964,369.639418622471,-235.3286438959251,5.493889010734838,4.522717427442864,368.32922548161605,-235.81648414902534,5.468713445899498,4.514728403827975,100080,2014-04-04,2016-03-25,1.0
2014-11-07,92494112324.79999,30464000000.0,-0.0008388353061636144,141062697434.15884,141062697434.15872,141062697434.15872,141062697434.15872,-0.8444414616657,-0.7178518043394604,-7.408479126773324,5.621865972773293,25.672470291145046,-0.009321902839133145,369.639418622471,-235.3286438959251,5.493889010734838,4.522717427442864,368.32922548161605,-235.81648414902534,5.468713445899498,4.514728403827975,100080,2014-04-04,2016-03-25,1.0
2014-11-14,90881564099.20001,30464000000.0,-0.0007905419066487274,139443771151.84122,139443771151.84134,139443771151.84134,139443771151.84134,-0.8429418579107375,-0.7166395355287136,-7.407228186956624,5.6233744953488785,25.66092728277125,-0.011543008373795516,369.639418622471,-235.3286438959251,5.493889010734838,4.522717427442864,368.32922548161605,-235.81648414902534,5.468713445899498,4.514728403827975,100080,2014-04-04,2016-03-25,1.0
2014-11-21,97579841344.0,30464000000.0,-0.0006802536365304391,146129017343.98364,146129017343.9829,146129017343.9829,146129017343.9829,-0.8395171155753149,-0.7138710068869472,-7.404371341211615,5.626819656185413,25.707755748877297,0.04682846610604585,369.639418622471,-235.3286438959251,5.493889010734838,4.522717427442864,368.32922548161605,-235.81648414902534,5.468713445899498,4.514728403827975,100080,2014-04-04,2016-03-25,1.0
2014-11-28,100019337377.6,30464000000.0,-0.0006331650785279575,148562626032.31265,148562626032.3131,148562626032.3131,148562626032.3131,-0.83805485850447,-0.7126889358829374,-7.4031515609010174,5.628290652504609,25.72427243041186,0.01651668153456498,369.639418622471,-235.3286438959251,5.493889010734838,4.522717427442864,368.32922548161605,-235.81648414902534,5.468713445899498,4.514728403827975,100080,2014-04-04,2016-03-25,1.0
2014-12-05,100019337377.6,30464000000.0,-0.0005971037003509272,148558008447.22964,148558008447.23035,148558008447.23035,148558008447.23035,-0.8369350189157474,-0.7117836724615785,-7.402217418303026,5.629417193442284,25.724241348187693,-3.108222416869921e-05,369.639418622471,-235.3286438959251,5.493889010734838,4.522717427442864,368.32922548161605,-235.81648414902534,5.468713445899498,4.514728403827975,100080,2014-04-04,2016-03-25,1.0
2014-12-12,93279712742.4,30464000000.0,-0.0006205328303227952,141820287652.74536,141820287652.7457,141820287652.7457,141820287652.7457,-0.8376625816416401,-0.7123718243475992,-7.4028243330934815,5.628685275985987,25.677826513114844,-0.046414835072848604,369.639418622471,-235.3286438959251,5.493889010734838,4.522717427442864,368.32922548161605,-235.81648414902534,5.468713445899498,4.514728403827975,100080,2014-04-04,2016-03-25,1.0
2014-12-19,94272050112.0,30464000000.0,-0.0007444405112366903,142825744346.99744,142825744346.9975,142825744346.9975,142825744346.9975,-0.8415103008369585,-0.7154822772146616,-7.406034011986321,5.624814578982563,25.68489115314495,0.007064640030105096,369.639418622471,-235.3286438959251,5.493889010734838,4.522717427442864,368.32922548161605,-235.81648414902534,5.468713445899498,4.514728403827975,100080,2014-04-04,2016-03-25,1.0
2014-12-26,95264387481.6,30464000000.0,-0.0007939924924829911,143822841906.28595,143822841906.28558,143822841906.28558,143822841906.28558,-0.8430490059820118,-0.7167261531802609,-7.407317567701495,5.623266709577199,25.691848114586048,0.006956961441098031,369.639418622471,-235.3286438959251,5.493889010734838,4.522717427442864,368.32922548161605,-235.81648414902534,5.468713445899498,4.514728403827975,100080,2014-04-04,2016-03-25,1.0
2015-01-02,93445102304.0,30464000000.0,-0.0008897279313009143,142013159187.80725,142013159187.80716,142013159187.80716,142013159187.80716,-0.8460217540333049,-0.7191293036209316,-7.409797377349674,5.620276296126945,25.67918556059071,-0.012662553995337333,369.639418622471,-235.3286438959251,5.493889010734838,4.522717427442864,368.32922548161605,-235.81648414902534,5.468713445899498,4.514728403827975,100080,2014-04-04,2016-03-25,1.0
2015-01-09,93569144475.20001,30464000000.0,-0.0010103659306464373,142149349578.12506,142149349578.12534,142149349578.12534,142149349578.12534,-0.8497676531456073,-0.7221574767275314,-7.4129221447413185,5.616508211839914,25.6801440994306,0.000958538839888945,369.639418622471,-235.3286438959251,5.493889010734838,4.522717427442864,368.32922548161605,-235.81648414902534,5.468713445899498,4.514728403827975,100080,2014-04-04,2016-03-25,1.0
2015-01-16,102293443849.6,30464000000.0,-0.0012027075172804747,150893335780.9013,150893335780.90158,150893335780.90158,150893335780.90158,-0.8557397347255339,-0.7269853171581815,-7.417903979728687,5.610500932574662,25.73983903859656,0.05969493916596136,369.639418622471,-235.3286438959251,5.493889010734838,4.522717427442864,368.32922548161605,-235.81648414902534,5.468713445899498,4.514728403827975,100080,2014-04-04,2016-03-25,1.0
2015-01-23,105932014204.79999,30464000000.0,-0.0018699821637219061,154601333491.17117,154601333491.17032,154601333491.17032,154601333491.17032,-0.8764556365085578,-0.7445935682131619,-7.435185140608427,5.589664576890101,25.764115598490545,0.02427655989398403,369.639418622471,-235.3286438959251,5.493889010734838,4.522717427442864,368.32922548161605,-235.81648414902534,5.468713445899498,4.514728403827975,100080,2014-04-04,2016-03-25,1.0
2015-01-30,105890666814.40001,30464000000.0,-0.0018365672540792072,154554737758.65567,154554737758.65518,154554737758.65518,154554737758.65518,-0.8754183465018366,-0.7436728067856961,-7.434319827480567,5.590707837752132,25.763814160238468,-0.0003014382520767356,369.639418622471,-235.3286438959251,5.493889010734838,4.522717427442864,368.32922548161605,-235.81648414902534,5.468713445899498,4.514728403827975,100080,2014-04-04,2016-03-25,1.0
2015-02-06,103575212952.0,30464000000.0,-0.0020336007627560996,152258027823.06024,152258027823.06046,152258027823.06046,152258027823.06046,-0.8815346615175708,-0.7491019960168614,-7.4394221039077975,5.584556408086444,25.748842470048224,-0.014971690190243692,369.639418622471,-235.3286438959251,5.493889010734838,4.522717427442864,368.32922548161605,-235.81648414902534,5.468713445899498,4.514728403827975,100080,2014-04-04,2016-03-25,1.0
2015-02-13,104567550321.6,30464000000.0,-0.0019239942691234469,153237185886.1642,153237185886.16473,153237185886.16473,153237185886.16473,-0.8781322987593398,-0.7460818718867159,-7.4365838234294275,5.587978276919427,25.755252792515776,0.006410322467552021,369.639418622471,-235.3286438959251,5.493889010734838,4.522717427442864,368.32922548161605,-235.81648414902534,5.468713445899498,4.514728403827975,100080,2014-04-04,2016-03-25,1.0
2015-02-20,102955002096.0,30464000000.0,-0.0020314025243390234,151633791210.40076,151633791210.40082,151633791210.40082,151633791210.40082,-0.8814664256900773,-0.7490414263109528,-7.439365180900071,5.584625034441887,25.744734182483032,-0.01051861003274368,369.639418622471,-235.3286438959251,5.493889010734838,4.522717427442864,368.32922548161605,-235.81648414902534,5.468713445899498,4.514728403827975,100080,2014-04-04,2016-03-25,1.0
2015-02-27,109198458046.40001,30464000000.0,-0.0024664515505081032,157919375367.039,157919375367.03864,157919375367.03864,157919375367.03864,-0.8949700088058434,-0.7610277855358447,-7.450630075938607,5.571044705492146,25.785350457247866,0.040616274764833094,369.639418622471,-235.3286438959251,5.493889010734838,4.522717427442864,368.32922548161605,-235.81648414902534,5.468713445899498,4.514728403827975,100080,2014-04-04,2016-03-25,1.0
2015-03-06,110521574539.20001,50016000000.0,-0.0022610116689517935,159219595703.802,159219595703.80167,159219595703.80167,159219595703.80167,-0.8885935239161815,-0.7553677769461302,-7.445310697093815,5.577457295527012,25.793550191373633,0.008199734125767577,369.639418622471,-235.3286438959251,5.493889010734838,4.522717427442864,368.32922548161605,-235.81648414902534,5.468713445899498,4.514728403827975,100080,2014-04-04,2016-03-25,1.0
2015-03-13,117178504393.59999,50016000000.0,-0.0024755877278853167,165895723097.50507,165895723097.50418,165895723097.50418,165895723097.50418,-0.8952535706499183,-0.7612794843678188,-7.450866629092426,5.570759543654989,25.834625253807513,0.041075062433879594,369.639418622471,-235.3286438959251,5.493889010734838,4.522717427442864,368.32922548161605,-235.81648414902534,5.468713445899498,4.514728403827975,100080,2014-04-04,2016-03-25,1.0
2015-03-20,119039136961.59999,50016000000.0,-0.002382728941192464,167744905280.68732,167744905280.68668,167744905280.68668,167744905280.68668,-0.8923714545784124,-0.7587212178248848,-7.4484623112148665,5.5736579442280005,25.845710241432,0.01108498762448562,369.639418622471,-235.3286438959251,5.493889010734838,4.522717427442864,368.32922548161605,-235.81648414902534,5.468713445899498,4.514728403827975,100080,2014-04-04,2016-03-25,1.0
2015-03-27,115069787483.20001,50016000000.0,-0.0025900388100694493,163793519374.7635,163793519374.76328,163793519374.76328,163793519374.76328,-0.8988057550853709,-0.7644325104496517,-7.453829940159575,5.567187356481635,25.82187244332606,-0.023837798105937225,369.639418622471,-235.3286438959251,5.493889010734838,4.522717427442864,368.32922548161605,-235.81648414902534,5.468713445899498,4.514728403827975,100080,2014-04-04,2016-03-25,1.0
2015-04-03,114780355750.40001,50016000000.0,-0.00254129996086175,163496958145.85092,163496958145.85004,163496958145.85004,163496958145.85004,-0.8972930760141115,-0.7630898130876176,-7.45256802850354,5.568708544465072,25.820060222498114,-0.0018122208279471863,369.639418622471,-235.3286438959251,5.493889010734838,4.522717427442864,368.32922548161605,-235.81648414902534,5.468713445899498,4.514728403827975,100080,2014-04-04,2016-03-25,1.0
2015-04-10,120899769529.59999,50016000000.0,-0.0027766791350716472,169636492136.63486,169636492136.63507,169636492136.63507,169636492136.63507,-0.9045982066328436,-0.7699396576273045,-7.458662153045983,5.56136244751979,25.856923703059323,0.03686348056120892,369.639418622471,-235.3286438959251,5.493889010734838,4.522717427442864,368.32922548161605,-235.81648414902534,5.468713445899498,4.514728403827975,100080,2014-04-04,2016-03-25,1.0
2015-04-17,110397532368.0,50016000000.0,-0.0029147858761081904,159144720418.75714,159144720418.75632,159144720418.75632,159144720418.75632,-0.9088842016476186,-0.7741898238313212,-7.4622376579236,5.5570525644601645,25.79307981650664,-0.06384388655268225,369.639418622471,-235.3286438959251,5.493889010734838,4.522717427442864,368.32922548161605,-235.81648414902534,5.468713445899498,4.514728403827975,100080,2014-04-04,2016-03-25,1.0
2015-04-24,111886038422.40001,50016000000.0,-0.0026941512127789825,160609818896.6479,160609818896.64728,160609818896.64728,160609818896.64728,-0.9020369601127997,-0.7673998171942742,-7.456525491704222,5.563938021183411,25.80224377542359,0.009163958916950321,369.639418622471,-235.3286438959251,5.493889010734838,4.522717427442864,368.32922548161605,-235.81648414902534,5.468713445899498,4.514728403827975,100080,2014-04-04,2016-03-25,1.0
2015-05-01,107420520259.20001,50016000000.0,-0.002587917817145178,156131919663.08817,156131919663.0882,156131919663.0882,156131919663.0882,-0.8987399275104995,-0.7643740800733383,-7.453775025245825,5.567253554058239,25.773967125710797,-0.028276649712793755,369.639418622471,-235.3286438959251,5.493889010734838,4.522717427442864,368.32922548161605,-235.81648414902534,5.468713445899498,4.514728403827975,100080,2014-04-04,2016-03-25,1.0
2015-05-08,109777321512.0,50016000000.0,-0.0026562975539913235,158492577894.3275,158492577894.32675,158492577894.32675,158492577894.32675,-0.9008621550759602,-0.7662578248191068,-7.455545439192777,5.565119410879842,25.78897360200219,0.015006476291393511,369.639418622471,-235.3286438959251,5.493889010734838,4.522717427442864,368.32922548161605,-235.81648414902534,5.468713445899498,4.514728403827975,100080,2014-04-04,2016-03-25,1.0
2015-05-15,107875341553.59999,50016000000.0,-0.0023763760604034925,156562679408.2711,156562679408.27078,156562679408.27078,156562679408.27078,-0.8921742734615822,-0.7585461925649497,-7.448297819090246,5.573856241256012,25.776722274146028,-0.012251327856162675,369.639418622471,-235.3286438959251,5.493889010734838,4.522717427442864,368.32922548161605,-235.81648414902534,5.468713445899498,4.514728403827975,100080,2014-04-04,2016-03-25,1.0
2015-05-22,113374544476.79999,50016000000.0,-0.0025450576896501064,162074825452.75775,162074825452.75754,162074825452.75754,162074825452.75754,-0.8974097031873774,-0.7631933348314277,-7.452665321508614,5.568591260774037,25.811323951053367,0.034601676907339396,369.639418622471,-235.3286438959251,5.493889010734838,4.522717427442864,368.32922548161605,-235.81648414902534,5.468713445899498,4.514728403827975,100080,2014-04-04,2016-03-25,1.0
2015-05-29,106800309403.20001,50016000000.0,-0.0024557794986057803,155490260988.25015,155490260988.25064,155490260988.25064,155490260988.25064,-0.8946387766992543,-0.7607337728621673,-7.450353755346176,5.571377807174339,25.769848936303703,-0.04147501474966475,369.639418622471,-235.3286438959251,5.493889010734838,4.522717427442864,368.32922548161605,-235.81648414902534,5.468713445899498,4.514728403827975,100080,2014-04-04,2016-03-25,1.0
2015-06-05,104443508150.4,50016000000.0,-0.0024254601275671473,153128490540.72733,153128490540.72852,153128490540.72852,153128490540.72852,-0.8936977385533642,-0.7598984751314362,-7.449568722564523,5.572324160378412,25.754543213353614,-0.015305722950088807,369.639418622471,-235.3286438959251,5.493889010734838,4.522717427442864,368.32922548161605,-235.81648414902534,5.468713445899498,4.514728403827975,100080,2014-04-04,2016-03-25,1.0
2015-06-12,105311803348.79999,50016000000.0,-0.0023845845925611854,153990958025.28143,153990958025.2821,153990958025.2821,153990958025.2821,-0.8924290503357519,-0.7587723419410395,-7.448510358663792,5.573600022561307,25.760159723514754,0.005616510161139843,369.639418622471,-235.3286438959251,5.493889010734838,4.522717427442864,368.32922548161605,-235.81648414902534,5.468713445899498,4.514728403827975,100080,2014-04-04,2016-03-25,1.0
2015-06-19,105601235081.6,50016000000.0,-0.002422766757622434,154281446954.71332,154281446954.7134,154281446954.7134,154281446954.7134,-0.8936141426302942,-0.7598242724615574,-7.449498985212658,5.572408228711949,25.762044349,0.0018846254852462607,369.639418622471,-235.3286438959251,5.493889010734838,4.522717427442864,368.32922548161605,-235.81648414902534,5.468713445899498,4.514728403827975,100080,2014-04-04,2016-03-25,1.0
2015-06-26,109942711073.59999,50016000000.0,-0.002460915246111546,158623907730.55692,158623907730.55704,158623907730.55704,158623907730.55704,-0.8947981767683315,-0.7608752617036458,-7.450486730130523,5.571217507321132,25.789801877097883,0.02775752809788301,369.639418622471,-235.3286438959251,5.493889010734838,4.522717427442864,368.32922548161605,-235.81648414902534,5.468713445899498,4.514728403827975,100080,2014-04-04,2016-03-25,1.0
2015-07-03,104071381636.79999,50016000000.0,-0.00271000448128766,152771262609.9321,152771262609.93243,152771262609.93243,152771262609.93243,-0.9025289695361944,-0.7678877148301098,-7.456935938914581,5.563443256530454,25.752207624066564,-0.037594253031318914,369.639418622471,-235.3286438959251,5.493889010734838,4.522717427442864,368.32922548161605,-235.81648414902534,5.468713445899498,4.514728403827975,100080,2014-04-04,2016-03-25,1.0
2015-07-10,109777321512.0,50016000000.0,-0.0028624652795235773,158487376724.60654,158487376724.60583,158487376724.60583,158487376724.60583,-0.907260507779202,-0.7725797043974723,-7.460883122369074,5.558685295187262,25.788940784976095,0.03673316090953094,369.639418622471,-235.3286438959251,5.493889010734838,4.522717427442864,368.32922548161605,-235.81648414902534,5.468713445899498,4.514728403827975,100080,2014-04-04,2016-03-25,1.0
2015-07-17,113250502305.59999,50016000000.0,-0.002900279842478238,161960994381.4631,161960994381.4632,161960994381.4632,161960994381.4632,-0.9084340303539092,-0.7737434162085464,-7.4618621109241134,5.55750523966844,25.81062136776467,0.02168058278857643,369.639418622471,-235.3286438959251,5.493889010734838,4.522717427442864,368.32922548161605,-235.81648414902534,5.468713445899498,4.514728403827975,100080,2014-04-04,2016-03-25,1.0
2015-07-24,108330162848.0,50016000000.0,-0.0027894960759879918,157028910200.68527,157028910200.68515,157028910200.68515,157028910200.68515,-0.9049959738052629,-0.7703341000740238,-7.458993981676881,5.560962458800924,25.77969576674841,-0.03092560101626063,369.639418622471,-235.3286438959251,5.493889010734838,4.522717427442864,368.32922548161605,-235.81648414902534,5.468713445899498,4.514728403827975,100080,2014-04-04,2016-03-25,1.0
2015-07-31,111059090614.40001,50016000000.0,-0.0029062925276816167,159764633720.14343,159764633720.14413,159764633720.14413,159764633720.14413,-0.9086206245414746,-0.7739284503827832,-7.462017773623073,5.557317607472545,25.796967529890644,0.017271763142233,369.639418622471,-235.3286438959251,5.493889010734838,4.522717427442864,368.32922548161605,-235.81648414902534,5.468713445899498,4.514728403827975,100080,2014-04-04,2016-03-25,1.0
2015-08-07,111348522347.20001,50016000000.0,-0.0030009562957898804,160058880393.79614,160058880393.79492,160058880393.79492,160058880393.79492,-0.9115583228113153,-0.77684158569582,-7.464468496879388,5.554363594242159,25.79880758694516,0.0018400570545153982,369.639418622471,-235.3286438959251,5.493889010734838,4.522717427442864,368.32922548161605,-235.81648414902534,5.468713445899498,4.514728403827975,100080,2014-04-04,2016-03-25,1.0
2015-08-14,106634919841.59999,50016000000.0,-0.0029242938774928363,155336434649.16333,155336434649.16214,155336434649.16214,155336434649.16214,-0.9091792660817155,-0.7744824213115464,-7.462483810007001,5.556755859489245,25.768859147757183,-0.02994843918797585,369.639418622471,-235.3286438959251,5.493889010734838,4.522717427442864,368.32922548161605,-235.81648414902534,5.468713445899498,4.514728403827975,100080,2014-04-04,2016-03-25,1.0
2015-08-21,97786578296.0,50016000000.0,-0.0028004841279139713,146475728109.08575,146475728109.0852,146475728109.0852,146475728109.0852,-0.9053369811886709,-0.7706722570896289,-7.4592784597846755,5.560619547624005,25.710125573241065,-0.05873357451611838,369.639418622471,-235.3286438959251,5.493889010734838,4.522717427442864,368.32922548161605,-235.81648414902534,5.468713445899498,4.514728403827975,100080,2014-04-04,2016-03-25,1.0
2015-08-28,100474158672.0,50016000000.0,-0.002702635304728821,149153176733.49234,149153176733.49286,149153176733.49286,149153176733.49286,-0.9023002659149667,-0.767660922531249,-7.456745148310782,5.563673240702636,25.7282396465975,0.018114073356436222,369.639418622471,-235.3286438959251,5.493889010734838,4.522717427442864,368.32922548161605,-235.81648414902534,5.468713445899498,4.514728403827975,100080,2014-04-04,2016-03-25,1.0
2015-09-04,97331757001.6,50016000000.0,-0.0028864087493261094,146022180262.91342,146022180262.91272,146022180262.91272,146022180262.91272,-0.9080035616663906,-0.773316546366658,-7.4615030006051954,5.557938103806079,25.707024366725122,-0.021215279872379256,369.639418622471,-235.3286438959251,5.493889010734838,4.522717427442864,368.32922548161605,-235.81648414902534,5.468713445899498,4.514728403827975,100080,2014-04-04,2016-03-25,1.0
2015-09-11,98324094371.20001,50016000000.0,-0.002765140417905242,147002733405.90314,147002733405.90253,147002733405.90253,147002733405.90253,-0.9042401072317223,-0.7695845513178199,-7.458363416498882,5.561722547723768,25.713717018150245,0.006692651425122875,369.639418622471,-235.3286438959251,5.493889010734838,4.522717427442864,368.32922548161605,-235.81648414902534,5.468713445899498,4.514728403827975,100080,2014-04-04,2016-03-25,1.0
2015-09-18,95140345310.4,50016000000.0,-0.0028794374500842102,143824847764.4187,143824847764.41815,143824847764.41815,143824847764.41815,-0.9077872171479668,-0.77310201051516,-7.4613225193587045,5.558155652642379,25.69186206121732,-0.021854956932923386,369.639418622471,-235.3286438959251,5.493889010734838,4.522717427442864,368.32922548161605,-235.81648414902534,5.468713445899498,4.514728403827975,100080,2014-04-04,2016-03-25,1.0
2015-09-25,96463461803.20001,50016000000.0,-0.0028835143513214535,145145567434.6881,145145567434.68857,145145567434.68857,145145567434.68857,-0.9079137381261662,-0.7732274737653597,-7.461428067042817,5.558028427330323,25.701002989125673,0.009140927908351415,369.639418622471,-235.3286438959251,5.493889010734838,4.522717427442864,368.32922548161605,-235.81648414902534,5.468713445899498,4.514728403827975,100080,2014-04-04,2016-03-25,1.0
2015-10-02,93569144475.20001,50016000000.0,-0.002914101498148973,142250754559.66666,142250754559.6669,142250754559.6669,142250754559.6669,-0.9088629631264039,-0.7741687628778635,-7.462219940080125,5.557073921085946,25.68085721440041,-0.020145774725261134,369.639418622471,-235.3286438959251,5.493889010734838,4.522717427442864,368.32922548161605,-235.81648414902534,5.468713445899498,4.514728403827975,100080,2014-04-04,2016-03-25,1.0
2015-10-09,92080638420.79999,50016000000.0,-0.0028248906442560704,140753173578.89764,140753173578.89667,140753173578.89667,140753173578.89667,-0.9060944184722405,-0.7714233629840948,-7.459910335947299,5.5598578841478306,25.670273651341834,-0.010583563058577994,369.639418622471,-235.3286438959251,5.493889010734838,4.522717427442864,368.32922548161605,-235.81648414902534,5.468713445899498,4.514728403827975,100080,2014-04-04,2016-03-25,1.0
2015-10-16,90922911489.6,50016000000.0,-0.002991415426572077,139604493421.36203,139604493421.36218,139604493421.36218,139604493421.36218,-0.9112622448630096,-0.7765479835505573,-7.46422149873635,5.554661314185717,25.662079214588772,-0.008194436753061751,369.639418622471,-235.3286438959251,5.493889010734838,4.522717427442864,368.32922548161605,-235.81648414902534,5.468713445899498,4.514728403827975,100080,2014-04-04,2016-03-25,1.0
2015-10-23,96256724851.20001,50016000000.0,-0.003258473276524514,144954012643.92206,144954012643.92267,144954012643.92267,144954012643.92267,-0.9195494386595672,-0.7844930873772995,-7.471134979471813,5.546328357474886,25.699682374883118,0.03760316029434563,369.639418622471,-235.3286438959251,5.493889010734838,4.522717427442864,368.32922548161605,-235.81648414902534,5.468713445899498,4.514728403827975,100080,2014-04-04,2016-03-25,1.0
2015-10-30,100350116500.79999,50016000000.0,-0.0032980895325971015,149047061986.41412,149047061986.4144,149047061986.4144,149047061986.4144,-0.9207787349030464,-0.785653073466932,-7.4721605080457225,5.545092307595271,25.72752794527886,0.02784557039574409,369.639418622471,-235.3286438959251,5.493889010734838,4.522717427442864,368.32922548161605,-235.81648414902534,5.468713445899498,4.514728403827975,100080,2014-04-04,2016-03-25,1.0
2015-11-06,102086706897.6,50016000000.0,-0.003263758493655935,150778249531.47354,150778249531.4729,150778249531.4729,150778249531.4729,-0.9197134402606036,-0.784647842253321,-7.471271796162195,5.546163454346649,25.739076048241387,0.011548102962525064,369.639418622471,-235.3286438959251,5.493889010734838,4.522717427442864,368.32922548161605,-235.81648414902534,5.468713445899498,4.514728403827975,100080,2014-04-04,2016-03-25,1.0
2015-11-13,98985652617.6,50016000000.0,-0.0036960776742885047,147702887494.56232,147702887494.56177,147702887494.56177,147702887494.56177,-0.9331275734600271,-0.7973056508040628,-7.482462473867637,5.532676122910684,25.718468576018864,-0.02060747222252246,369.639418622471,-235.3286438959251,5.493889010734838,4.522717427442864,368.32922548161605,-235.81648414902534,5.468713445899498,4.514728403827975,100080,2014-04-04,2016-03-25,1.0
2015-11-20,104360813369.6,50016000000.0,-0.0037500744134523335,153078127064.15866,153078127064.159,153078127064.159,153078127064.159,-0.9348028846079312,-0.7988865020371918,-7.483860104280699,5.530991744887847,25.754214262415733,0.03574568639686859,369.639418622471,-235.3286438959251,5.493889010734838,4.522717427442864,368.32922548161605,-235.81648414902534,5.468713445899498,4.514728403827975,100080,2014-04-04,2016-03-25,1.0
2015-11-27,104030034246.4,50016000000.0,-0.004022029296182588,152761416950.3175,152761416950.31723,152761416950.31723,152761416950.31723,-0.9432402058947341,-0.806848092852448,-7.490898983650526,5.5225090133716135,25.75214317492395,-0.0020710874917817534,369.639418622471,-235.3286438959251,5.493889010734838,4.522717427442864,368.32922548161605,-235.81648414902534,5.468713445899498,4.514728403827975,100080,2014-04-04,2016-03-25,1.0
2015-12-04,96298072241.6,50016000000.0,-0.003145713841542994,144969878058.70798,144969878058.708,144969878058.708,144969878058.708,-0.9160504263779115,-0.7811913554143928,-7.468215968620319,5.549846642055906,25.699791820260405,-0.052351354663546346,369.639418622471,-235.3286438959251,5.493889010734838,4.522717427442864,368.32922548161605,-235.81648414902534,5.468713445899498,4.514728403827975,100080,2014-04-04,2016-03-25,1.0
2015-12-11,92700849276.79999,50016000000.0,-0.003569725131760979,141396306675.29935,141396306675.2992,141396306675.2992,141396306675.2992,-0.9292072390290957,-0.7936063573557561,-7.479191938613427,5.536617739454333,25.674832470373975,-0.024959349886430005,369.639418622471,-235.3286438959251,5.493889010734838,4.522717427442864,368.32922548161605,-235.81648414902534,5.468713445899498,4.514728403827975,100080,2014-04-04,2016-03-25,1.0
2015-12-18,95801903556.79999,50016000000.0,-0.0038079263706040224,144508742041.47678,144508742041.47742,144508742041.47742,144508742041.47742,-0.9365977796695749,-0.8005801942791351,-7.4853575001735475,5.5291871542266575,25.69660584122587,0.021773370851896345,369.639418622471,-235.3286438959251,5.493889010734838,4.522717427442864,368.32922548161605,-235.81648414902534,5.468713445899498,4.514728403827975,100080,2014-04-04,2016-03-25,1.0
2015-12-25,96008640508.79999,50016000000.0,-0.0038224843274157205,144712798722.84674,144712798722.84686,144712798722.84686,144712798722.84686,-0.9370494451937763,-0.8010063931749585,-7.485734303715904,5.528733051920755,25.6980169167266,0.0014110755007301634,369.639418622471,-235.3286438959251,5.493889010734838,4.522717427442864,368.32922548161605,-235.81648414902534,5.468713445899498,4.514728403827975,100080,2014-04-04,2016-03-25,1.0
2016-01-01,95760556166.4,50016000000.0,-0.0039681064438854725,144469863602.28146,144469863602.28217,144469863602.28217,144469863602.28217,-0.9415673171524556,-0.8052695290042067,-7.4895033630236565,5.524190872157497,25.6963367663624,-0.0016801503642014382,369.639418622471,-235.3286438959251,5.493889010734838,4.522717427442864,368.32922548161605,-235.81648414902534,5.468713445899498,4.514728403827975,100080,2014-04-04,2016-03-25,1.0
2016-01-08,85919877251.20001,50016000000.0,-0.004354404010770185,134648267120.9018,134648267120.90189,134648267120.90189,134648267120.90189,-0.953551144905562,-0.8165776485030989,-7.499501014459929,5.512143153425109,25.625931786614352,-0.07040497974804794,369.639418622471,-235.3286438959251,5.493889010734838,4.522717427442864,368.32922548161605,-235.81648414902534,5.468713445899498,4.514728403827975,100080,2014-04-04,2016-03-25,1.0
2016-01-15,83190949484.79999,50016000000.0,-0.00419042178824033,131905733152.37224,131905733152.37244,131905733152.37244,131905733152.37244,-0.9484642055100653,-0.8117775381823265,-7.495257160706354,5.517257109464315,25.605353361626296,-0.020578424988055843,369.639418622471,-235.3286438959251,5.493889010734838,4.522717427442864,368.32922548161605,-235.81648414902534,5.468713445899498,4.514728403827975,100080,2014-04-04,2016-03-25,1.0
2016-01-22,87284341134.4,50016000000.0,-0.0043253692270820475,136002912011.00778,136002912011.0076,136002912011.0076,136002912011.0076,-0.9526504659419661,-0.8157277548853159,-7.498749608348982,5.513048604697917,25.635942134298876,0.030588772672579978,369.639418622471,-235.3286438959251,5.493889010734838,4.522717427442864,368.32922548161605,-235.81648414902534,5.468713445899498,4.514728403827975,100080,2014-04-04,2016-03-25,1.0
2016-01-29,85506403347.20001,50016000000.0,-0.004507965977424311,134231186567.15898,134231186567.15874,134231186567.15874,134231186567.15874,-0.9583146185176357,-0.8202972883692752,-7.503475030606547,5.507354520228077,25.62282942321288,-0.013112711085994988,369.639418622471,-235.3286438959251,5.493889010734838,4.522717427442864,368.32922548161605,-235.81648414902534,5.468713445899498,4.514728403827975,100080,2014-04-04,2016-03-25,1.0
2016-02-05,79717768691.20001,50016000000.0,-0.0045924088331738225,128442995194.31161,128442995194.31065,128442995194.31065,128442995194.31065,-0.9609339366365877,-0.8222849799932277,-7.5056602529032475,5.504721424808415,25.578751025689584,-0.044078397523296786,369.639418622471,-235.3286438959251,5.493889010734838,4.522717427442864,368.32922548161605,-235.81648414902534,5.468713445899498,4.514728403827975,100080,2014-04-04,2016-03-25,1.0
2016-02-12,78369843764.16,50016000000.0,-0.004854214196369675,127104996413.67276,127104996413.67365,127104996413.67365,127104996413.67365,-0.9690544296400276,-0.8284473261635412,-7.512434982609186,5.4965584775896685,25.568279325255663,-0.010471700433921427,369.639418622471,-235.3286438959251,5.493889010734838,4.522717427442864,368.32922548161605,-235.81648414902534,5.468713445899498,4.514728403827975,100080,2014-04-04,2016-03-25,1.0
2016-02-19,81065693618.24,50016000000.0,-0.0049035102670349625,129798931283.67682,129798931283.67688,129798931283.67688,129798931283.67688,-0.9705833922441652,-0.8296076072008276,-7.513710564709809,5.495021565265143,25.589252407620695,0.020973082365031814,369.639418622471,-235.3286438959251,5.493889010734838,4.522717427442864,368.32922548161605,-235.81648414902534,5.468713445899498,4.514728403827975,100080,2014-04-04,2016-03-25,1.0
2016-02-26,80900304056.64,50016000000.0,-0.005039624489232013,129636090019.78902,129636090019.78879,129636090019.78879,129636090019.78879,-0.9748049872244295,-0.8328112528038787,-7.517232564258106,5.490778092421123,25.587997054473263,-0.001255353147431748,369.639418622471,-235.3286438959251,5.493889010734838,4.522717427442864,368.32922548161605,-235.81648414902534,5.468713445899498,4.514728403827975,100080,2014-04-04,2016-03-25,1.0
2016-03-04,81446089609.92,48472000000.0,-0.005090166714876379,130179757880.75697,130179757880.75616,130179757880.75616,130179757880.75616,-0.9763725171584305,-0.8340008099961267,-7.5185403294091895,5.4892024658768195,25.59218208520842,0.0041850307351580796,369.639418622471,-235.3286438959251,5.493889010734838,4.522717427442864,368.32922548161605,-235.81648414902534,5.468713445899498,4.514728403827975,100080,2014-04-04,2016-03-25,1.0
2016-03-11,81007807271.68,48472000000.0,-0.004514127762970936,129707564788.65628,129707564788.65639,129707564788.65639,129707564788.65639,-0.958505751998825,-0.8204423314003293,-7.503634487628345,5.507162380031403,25.588548251846724,-0.003633833361696759,369.639418622471,-235.3286438959251,5.493889010734838,4.522717427442864,368.32922548161605,-235.81648414902534,5.468713445899498,4.514728403827975,100080,2014-04-04,2016-03-25,1.0
2016-03-18,82082839422.08,48472000000.0,-0.004798085335352043,130792465066.53925,130792465066.53978,130792465066.53978,130792465066.53978,-0.967313515595653,-0.8271262046446708,-7.510982576015143,5.498308460259068,25.596877667785265,0.008329415938540308,369.639418622471,-235.3286438959251,5.493889010734838,4.522717427442864,368.32922548161605,-235.81648414902534,5.468713445899498,4.514728403827975,100080,2014-04-04,2016-03-25,1.0
2016-03-25,84762150320.0,48472000000.0,-0.004772163451317839,133466019330.24658,133466019330.24629,133466019330.24629,133466019330.24629,-0.9665095031853416,-0.8265160674586838,-7.510311806812962,5.499116666931598,25.617112745534627,0.020235077749362063,369.639418622471,-235.3286438959251,5.493889010734838,4.522717427442864,368.32922548161605,-235.81648414902534,5.468713445899498,4.514728403827975,100080,2014-04-04,2016-03-25,1.0
2014-07-04,86912214620.79999,30464000000.0,-0.00018149751769413135,135404917054.93239,135404917054.93233,135404917054.93233,135404917054.93233,1.517159769801965,1.4139821067847151,-4.256990921893975,7.034141856909264,25.631535511794254,,9863.780269443308,-9689.466819622212,2.560717405570703,13.378823319955822,9863.09627425953,-9689.41092443967,2.561008792308651,13.439612313464645,100080,2014-07-04,2016-06-24,2.0
2014-07-11,83645770779.20001,30464000000.0,-0.00023097593189612685,132144044204.35437,132144044204.35428,132144044204.35428,132144044204.35428,1.5158878440456587,1.412857166982576,-4.258281168864324,7.03295580232807,25.607158408531262,-0.02437710326299225,9863.780269443308,-9689.466819622212,2.560717405570703,13.378823319955822,9863.09627425953,-9689.41092443967,2.561008792308651,13.439612313464645,100080,2014-07-04,2016-06-24,2.0
2014-07-18,83397686436.79999,30464000000.0,-0.00015002170554340166,131884334663.23354,131884334663.23273,131884334663.23273,131884334663.23273,1.5179689155374703,1.4146977461159622,-4.256170121189916,7.034896374687924,25.605191122847835,-0.001967285683427633,9863.780269443308,-9689.466819622212,2.560717405570703,13.378823319955822,9863.09627425953,-9689.41092443967,2.561008792308651,13.439612313464645,100080,2014-07-04,2016-06-24,2.0
2014-07-25,81628018127.68,30464000000.0,-0.0002569906890467366,130128933423.74135,130128933423.74052,130128933423.74052,130128933423.74052,1.5152190964889813,1.412265700968419,-4.258959549437895,7.032332203494207,25.591791591464958,-0.013399531382876972,9863.780269443308,-9689.466819622212,2.560717405570703,13.378823319955822,9863.09627425953,-9689.41092443967,2.561008792308651,13.439612313464645,100080,2014-07-04,2016-06-24,2.0
2014-08-01,79163713659.84,30464000000.0,-0.00026581342468347426,127664306810.43768,127664306810.43819,127664306810.43819,127664306810.43819,1.514992295963366,1.412065109861942,-4.259189616952881,7.032120714766279,25.57267005277457,-0.019121538690388462,9863.780269443308,-9689.466819622212,2.560717405570703,13.378823319955822,9863.09627425953,-9689.41092443967,2.561008792308651,13.439612313464645,100080,2014-07-04,2016-06-24,2.0
2014-08-08,78659275496.96,30464000000.0,-0.0002710997517292601,127160328686.63551,127160328686.63492,127160328686.63492,127160328686.63492,1.5148564038809127,1.4119449216732392,-4.259327466524792,7.031993997044629,25.568714557812935,-0.003955494961633832,9863.780269443308,-9689.466819622212,2.560717405570703,13.378823319955822,9863.09627425953,-9689.41092443967,2.561008792308651,13.439612313464645,100080,2014-07-04,2016-06-24,2.0
2014-08-15,78899090361.28,30464000000.0,-0.0002666909149261487,127399779249.38557,127399779249.38525,127399779249.38525,127399779249.38525,1.5149697388963856,1.4120451595235863,-4.2592124989489095,7.032099680575448,25.570595847346592,0.001881289533656627,9863.780269443308,-9689.466819622212,2.560717405570703,13.378823319955822,9863.09627425953,-9689.41092443967,2.561008792308651,13.439612313464645,100080,2014-07-04,2016-06-24,2.0
2014-08-22,81892641426.24,30464000000.0,-0.0003000152210712015,130399767399.61807,130399767399.61911,130399767399.61911,130399767399.61911,1.5141130959619962,1.4112875115033603,-4.260081481677934,7.0313008712899325,25.593870702692122,0.0232748553455302,9863.780269443308,-9689.466819622212,2.560717405570703,13.378823319955822,9863.09627425953,-9689.41092443967,2.561008792308651,13.439612313464645,100080,2014-07-04,2016-06-24,2.0
2014-08-29,84390023806.4,30464000000.0,-0.0005535894785573525,132933009331.43835,132933009331.4393,132933009331.4393,132933009331.4393,1.5075948557087577,1.4055225253432582,-4.266693622342518,7.025222681057676,25.61311114903683,0.019240446344706896,9863.780269443308,-9689.466819622212,2.560717405570703,13.378823319955822,9863.09627425953,-9689.41092443967,2.561008792308651,13.439612313464645,100080,2014-07-04,2016-06-24,2.0
2014-09-05,87325688524.79999,30464000000.0,-0.0009985114507866256,135930028163.67206,135930028163.67247,135930028163.67247,135930028163.67247,1.4961588032467625,1.3954080199155214,-4.278294447013195,7.014558643538749,25.635406091486015,0.02229494244918584,9863.780269443308,-9689.466819622212,2.560717405570703,13.378823319955822,9863.09627425953,-9689.41092443967,2.561008792308651,13.439612313464645,100080,2014-07-04,2016-06-24,2.0
2014-09-12,87780509819.20001,30464000000.0,-0.0008644968736981573,136366062733.61716,136366062733.61697,136366062733.61697,136366062733.61697,1.4996033308882155,1.398454500799744,-4.274800286550089,7.017770646317331,25.638608744459898,0.0032026529738828913,9863.780269443308,-9689.466819622212,2.560717405570703,13.378823319955822,9863.09627425953,-9689.41092443967,2.561008792308651,13.439612313464645,100080,2014-07-04,2016-06-24,2.0
2014-09-19,92824891448.0,30464000000.0,-0.0009151518061543284,141417729284.08517,141417729284.08444,141417729284.08444,141417729284.08444,1.4983013539166858,1.3973029794005924,-4.276121023577434,7.016556560599383,25.674983966453397,0.03637522199349874,9863.780269443308,-9689.466819622212,2.560717405570703,13.378823319955822,9863.09627425953,-9689.41092443967,2.561008792308651,13.439612313464645,100080,2014-07-04,2016-06-24,2.0
2014-09-26,91005606270.4,30464000000.0,-0.0009479075010087468,139601728598.02597,139601728598.02588,139601728598.02588,139601728598.02588,1.497459446281179,1.3965583619128665,-4.2769750624136575,7.015771486433096,25.662059409705368,-0.012924556748028948,9863.780269443308,-9689.466819622212,2.560717405570703,13.378823319955822,9863.09627425953,-9689.41092443967,2.561008792308651,13.439612313464645,100080,2014-07-04,2016-06-24,2.0
2014-10-03,89789992992.64,30464000000.0,-0.000828643689372841,138369278111.42947,138369278111.42886,138369278111.42886,138369278111.42886,1.500524869152135,1.3992695465904035,-4.273865470200235,7.018629974827764,25.65319187652534,-0.008867533180026754,9863.780269443308,-9689.466819622212,2.560717405570703,13.378823319955822,9863.09627425953,-9689.41092443967,2.561008792308651,13.439612313464645,100080,2014-07-04,2016-06-24,2.0
2014-10-10,84968887272.0,30464000000.0,-0.0008556882255797649,133549851695.07791,133549851695.07733,133549851695.07733,133549851695.07733,1.4998297398565288,1.3986547460781367,-4.274570615323046,7.0179817712532895,25.61774066601938,-0.03545121050596123,9863.780269443308,-9689.466819622212,2.560717405570703,13.378823319955822,9863.09627425953,-9689.41092443967,2.561008792308651,13.439612313464645,100080,2014-07-04,2016-06-24,2.0
2014-10-17,86705477668.79999,30464000000.0,-0.0007103674000181104,135267294467.81169,135267294467.81091,135267294467.81091,135267294467.81091,1.5035649882179738,1.4019583502740716,-4.270781548817922,7.0214648640212545,25.63051861687027,0.012777950850889397,9863.780269443308,-9689.466819622212,2.560717405570703,13.378823319955822,9863.09627425953,-9689.41092443967,2.561008792308651,13.439612313464645,100080,2014-07-04,2016-06-24,2.0
2014-10-24,87449730696.0,30464000000.0,-0.000726557193000541,136013300225.0462,136013300225.04564,136013300225.04564,136013300225.04564,1.5031488486537758,1.401590299767122,-4.271203684016564,7.021076817075937,25.636018513673164,0.005499896802895421,9863.780269443308,-9689.466819622212,2.560717405570703,13.378823319955822,9863.09627425953,-9689.41092443967,2.561008792308651,13.439612313464645,100080,2014-07-04,2016-06-24,2.0
2014-10-31,93817228817.6,30464000000.0,-0.0008147725709067233,142392687900.3742,142392687900.3733,142392687900.3733,142392687900.3733,1.500881401929843,1.3995848785971248,-4.273503800340132,7.018962439264488,25.68185448559165,0.04583597191848554,9863.780269443308,-9689.466819622212,2.560717405570703,13.378823319955822,9863.09627425953,-9689.41092443967,2.561008792308651,13.439612313464645,100080,2014-07-04,2016-06-24,2.0
2014-11-07,92494112324.79999,30464000000.0,-0.0008388353061636144,141071795556.45334,141071795556.4541,141071795556.4541,141071795556.4541,1.5002629121970918,1.3990378612534187,-4.27413120156898,7.018385701683383,25.67253478607583,-0.0093196995158209,9863.780269443308,-9689.466819622212,2.560717405570703,13.378823319955822,9863.09627425953,-9689.41092443967,2.561008792308651,13.439612313464645,100080,2014-07-04,2016-06-24,2.0
2014-11-14,90881564099.20001,30464000000.0,-0.0007905419066487274,139452186556.8703,139452186556.87057,139452186556.87057,139452186556.87057,1.5015042112420753,1.4001357162969725,-4.272872017394457,7.019543204679121,25.660987630759802,-0.011547155316026902,9863.780269443308,-9689.466819622212,2.560717405570703,13.378823319955822,9863.09627425953,-9689.41092443967,2.561008792308651,13.439612313464645,100080,2014-07-04,2016-06-24,2.0
2014-11-21,97579841344.0,30464000000.0,-0.0006802536365304391,146136626133.6094,146136626133.60962,146136626133.60962,146136626133.60962,1.5043390309371474,1.4026429446103066,-4.269996354004161,7.022186652732035,25.707807816506854,0.04682018574705182,9863.780269443308,-9689.466819622212,2.560717405570703,13.378823319955822,9863.09627425953,-9689.41092443967,2.561008792308651,13.439612313464645,100080,2014-07-04,2016-06-24,2.0
2014-11-28,100019337377.6,30464000000.0,-0.0006331650785279575,148569808065.42892,148569808065.42792,148569808065.42792,148569808065.42792,1.5055494030918999,1.4037134459840672,-4.2687685436133505,7.023315314728098,25.724320772715103,0.016512956208249108,9863.780269443308,-9689.466819622212,2.560717405570703,13.378823319955822,9863.09627425953,-9689.41092443967,2.561008792308651,13.439612313464645,100080,2014-07-04,2016-06-24,2.0
2014-12-05,100019337377.6,30464000000.0,-0.0005971037003509272,148564778985.64124,148564778985.64185,148564778985.64185,148564778985.64185,1.5064763391390685,1.4045332650312048,-4.267828253145126,7.024179674526204,25.72428692219749,-3.385051761384261e-05,9863.780269443308,-9689.466819622212,2.560717405570703,13.378823319955822,9863.09627425953,-9689.41092443967,2.561008792308651,13.439612313464645,100080,2014-07-04,2016-06-24,2.0
2014-12-12,93279712742.4,30464000000.0,-0.0006205328303227952,141827024236.5853,141827024236.5846,141827024236.5846,141827024236.5846,1.5058741066124337,1.4040006266859564,-4.268439162043796,7.0236180979742135,25.677874012834092,-0.04641290936339715,9863.780269443308,-9689.466819622212,2.560717405570703,13.378823319955822,9863.09627425953,-9689.41092443967,2.561008792308651,13.439612313464645,100080,2014-07-04,2016-06-24,2.0
2014-12-19,94272050112.0,30464000000.0,-0.0007444405112366903,142834085848.14322,142834085848.1433,142834085848.1433,142834085848.1433,1.502689180716364,1.4011837509933684,-4.2716699747872555,7.020648180178796,25.68494955478401,0.007075541949916442,9863.780269443308,-9689.466819622212,2.560717405570703,13.378823319955822,9863.09627425953,-9689.41092443967,2.561008792308651,13.439612313464645,100080,2014-07-04,2016-06-24,2.0
2014-12-26,95264387481.6,30464000000.0,-0.0007939924924829911,143831874641.3836,143831874641.38477,143831874641.38477,143831874641.38477,1.501415519417072,1.4000572736713366,-4.272961987114013,7.01946050016959,25.691910917207263,0.0069613624232545135,9863.780269443308,-9689.466819622212,2.560717405570703,13.378823319955822,9863.09627425953,-9689.41092443967,2.561008792308651,13.439612313464645,100080,2014-07-04,2016-06-24,2.0
2015-01-02,93445102304.0,30464000000.0,-0.0008897279313009143,142023289263.8515,142023289263.8513,142023289263.8513,142023289263.8513,1.498954818591404,1.3978809301715955,-4.275458143141714,7.017165912571636,25.679256890000044,-0.012654027207219087,9863.780269443308,-9689.466819622212,2.560717405570703,13.378823319955822,9863.09627425953,-9689.41092443967,2.561008792308651,13.439612313464645,100080,2014-07-04,2016-06-24,2.0
2015-01-09,93569144475.20001,30464000000.0,-0.0010103659306464373,142160988125.5984,142160988125.59802,142160988125.59802,142160988125.59802,1.4958541167106887,1.3951385426244087,-4.278603523980928,7.014274524826124,25.680225971567737,0.0009690815676925979,9863.780269443308,-9689.466819622212,2.560717405570703,13.378823319955822,9863.09627425953,-9689.41092443967,2.561008792308651,13.439612313464645,100080,2014-07-04,2016-06-24,2.0
2015-01-16,102293443849.6,30464000000.0,-0.0012027075172804747,150907669048.2415,150907669048.24072,150907669048.24072,150907669048.24072,1.490910619060002,1.3907663083955413,-4.283618259191007,7.009664732376496,25.739934023484754,0.059708051917017,9863.780269443308,-9689.466819622212,2.560717405570703,13.378823319955822,9863.09627425953,-9689.41092443967,2.561008792308651,13.439612313464645,100080,2014-07-04,2016-06-24,2.0
2015-01-23,105932014204.79999,30464000000.0,-0.0018699821637219061,154623895105.3852,154623895105.38538,154623895105.38538,154623895105.38538,1.4737621539075432,1.37559946890633,-4.301013889303067,6.993673782371025,25.76426152199334,0.024327498508586842,9863.780269443308,-9689.466819622212,2.560717405570703,13.378823319955822,9863.09627425953,-9689.41092443967,2.561008792308651,13.439612313464645,100080,2014-07-04,2016-06-24,2.0
2015-01-30,105890666814.40001,30464000000.0,-0.0018365672540792072,154576902088.21582,154576902088.21533,154576902088.21533,154576902088.21533,1.4746208333269957,1.3763589228474302,-4.300142831703852,6.99447450392081,25.763957557592484,-0.0003039644008566711,9863.780269443308,-9689.466819622212,2.560717405570703,13.378823319955822,9863.09627425953,-9689.41092443967,2.561008792308651,13.439612313464645,100080,2014-07-04,2016-06-24,2.0
2015-02-06,103575212952.0,30464000000.0,-0.0020336007627560996,152282571339.5939,152282571339.59442,152282571339.59442,152282571339.59442,1.469557655925637,1.371880824024629,-4.305278999453185,6.989753069281142,25.749003653920948,-0.01495390367153604,9863.780269443308,-9689.466819622212,2.560717405570703,13.378823319955822,9863.09627425953,-9689.41092443967,2.561008792308651,13.439612313464645,100080,2014-07-04,2016-06-24,2.0
2015-02-13,104567550321.6,30464000000.0,-0.0019239942691234469,153260419399.73495,153260419399.7356,153260419399.7356,153260419399.7356,1.4723741913524828,1.3743718934038043,-4.302421860258255,6.992379501856431,25.755404399009365,0.006400745088416926,9863.780269443308,-9689.466819622212,2.560717405570703,13.378823319955822,9863.09627425953,-9689.41092443967,2.561008792308651,13.439612313464645,100080,2014-07-04,2016-06-24,2.0
2015-02-20,102955002096.0,30464000000.0,-0.0020314025243390234,151658321569.85098,151658321569.85034,151658321569.85034,151658321569.85034,1.4696141429458172,1.371930783672724,-4.305221698083097,6.989805743721809,25.74489594309908,-0.010508455910283487,9863.780269443308,-9689.466819622212,2.560717405570703,13.378823319955822,9863.09627425953,-9689.41092443967,2.561008792308651,13.439612313464645,100080,2014-07-04,2016-06-24,2.0
2015-02-27,109198458046.40001,30464000000.0,-0.0024664515505081032,157949320368.48166,157949320368.48145,157949320368.48145,157949320368.48145,1.4584354332517069,1.3620438242232922,-4.3165615826887915,6.979381514469424,25.785540061358287,0.04064411825920544,9863.780269443308,-9689.466819622212,2.560717405570703,13.378823319955822,9863.09627425953,-9689.41092443967,2.561008792308651,13.439612313464645,100080,2014-07-04,2016-06-24,2.0
2015-03-06,110521574539.20001,50016000000.0,-0.0022610116689517935,159247043122.28677,159247043122.2864,159247043122.2864,159247043122.2864,1.4637141385164674,1.3667125534711886,-4.31120676485416,6.984303952032224,25.79372256370534,0.00818250234705431,9863.780269443308,-9689.466819622212,2.560717405570703,13.378823319955822,9863.09627425953,-9689.41092443967,2.561008792308651,13.439612313464645,100080,2014-07-04,2016-06-24,2.0
2015-03-13,117178504393.59999,50016000000.0,-0.0024755877278853167,165925839034.60104,165925839034.60046,165925839034.60046,165925839034.60046,1.4582006878629121,1.3618362045372123,-4.316799712991269,6.979162612149048,25.834806772675577,0.04108420897023635,9863.780269443308,-9689.466819622212,2.560717405570703,13.378823319955822,9863.09627425953,-9689.41092443967,2.561008792308651,13.439612313464645,100080,2014-07-04,2016-06-24,2.0
2015-03-20,119039136961.59999,50016000000.0,-0.002382728941192464,167773892688.87448,167773892688.8739,167773892688.8739,167773892688.8739,1.460586627747204,1.3639464398465861,-4.314379369681501,6.981387522924251,25.845883032992024,0.011076260316446707,9863.780269443308,-9689.466819622212,2.560717405570703,13.378823319955822,9863.09627425953,-9689.41092443967,2.561008792308651,13.439612313464645,100080,2014-07-04,2016-06-24,2.0
2015-03-27,115069787483.20001,50016000000.0,-0.0025900388100694493,163825032830.99493,163825032830.99576,163825032830.99576,163825032830.99576,1.455260015583408,1.3592353372259822,-4.319782789559031,6.976420405339832,25.822064822274793,-0.02381821071723067,9863.780269443308,-9689.466819622212,2.560717405570703,13.378823319955822,9863.09627425953,-9689.41092443967,2.561008792308651,13.439612313464645,100080,2014-07-04,2016-06-24,2.0
2015-04-03,114780355750.40001,50016000000.0,-0.00254129996086175,163527875541.93027,163527875541.93097,163527875541.93097,163527875541.93097,1.4565122882420776,1.3603429055447123,-4.3185124589394945,6.977588162735265,25.820249305362704,-0.0018155169120888104,9863.780269443308,-9689.466819622212,2.560717405570703,13.378823319955822,9863.09627425953,-9689.41092443967,2.561008792308651,13.439612313464645,100080,2014-07-04,2016-06-24,2.0
2015-04-10,120899769529.59999,50016000000.0,-0.0027766791350716472,169670312805.36514,169670312805.3652,169670312805.3652,169670312805.3652,1.450464690882248,1.3549941265091547,-4.32464726735252,6.971948709182107,25.857123054609893,0.03687374924718867,9863.780269443308,-9689.466819622212,2.560717405570703,13.378823319955822,9863.09627425953,-9689.41092443967,2.561008792308651,13.439612313464645,100080,2014-07-04,2016-06-24,2.0
2015-04-17,110397532368.0,50016000000.0,-0.0029147858761081904,159180199182.64346,159180199182.64417,159180199182.64417,159180199182.64417,1.4469164580239642,1.3518559004369308,-4.328246672931982,6.9686399350288415,25.793302725627793,-0.0638203289821,9863.780269443308,-9689.466819622212,2.560717405570703,13.378823319955822,9863.09627425953,-9689.41092443967,2.561008792308651,13.439612313464645,100080,2014-07-04,2016-06-24,2.0
2015-04-24,111886038422.40001,50016000000.0,-0.0026941512127789825,160642602789.65683,160642602789.65762,160642602789.65762,160642602789.65762,1.4525850457100509,1.3568694684418006,-4.32249633427391,6.9739259658522315,25.802447875943376,0.009145150315582384,9863.780269443308,-9689.466819622212,2.560717405570703,13.378823319955822,9863.09627425953,-9689.41092443967,2.561008792308651,13.439612313464645,100080,2014-07-04,2016-06-24,2.0
2015-05-01,107420520259.20001,50016000000.0,-0.002587917817145178,156163382342.48996,156163382342.4902,156163382342.4902,156163382342.4902,1.455314511084501,1.3592835355921125,-4.319727508215692,6.976471222978944,25.77416861884442,-0.028279257098954957,9863.780269443308,-9689.466819622212,2.560717405570703,13.378823319955822,9863.09627425953,-9689.41092443967,2.561008792308651,13.439612313464645,100080,2014-07-04,2016-06-24,2.0
2015-05-08,109777321512.0,50016000000.0,-0.0026562975539913235,158524893256.53107,158524893256.53033,158524893256.53033,158524893256.53033,1.4535576163770687,1.3577296556577494,-4.321509738274926,6.974832899252579,25.78917747317811,0.015008854333689925,9863.780269443308,-9689.466819622212,2.560717405570703,13.378823319955822,9863.09627425953,-9689.41092443967,2.561008792308651,13.439612313464645,100080,2014-07-04,2016-06-24,2.0
2015-05-15,107875341553.59999,50016000000.0,-0.0023763760604034925,156591562413.58868,156591562413.58917,156591562413.58917,156591562413.58917,1.4607498622170048,1.3640908119141386,-4.314213781549279,6.981539740480731,25.776906739189403,-0.01227073398870715,9863.780269443308,-9689.466819622212,2.560717405570703,13.378823319955822,9863.09627425953,-9689.41092443967,2.561008792308651,13.439612313464645,100080,2014-07-04,2016-06-24,2.0
2015-05-22,113374544476.79999,50016000000.0,-0.0025450576896501064,162105794693.23505,162105794693.23593,162105794693.23593,162105794693.23593,1.4564157384863634,1.3602575124468785,-4.318610400942452,6.977498129095238,25.811515012693995,0.034608273504591835,9863.780269443308,-9689.466819622212,2.560717405570703,13.378823319955822,9863.09627425953,-9689.41092443967,2.561008792308651,13.439612313464645,100080,2014-07-04,2016-06-24,2.0
2015-05-29,106800309403.20001,50016000000.0,-0.0024557794986057803,155520115800.70078,155520115800.70056,155520115800.70056,155520115800.70056,1.4587096420652295,1.3622863471809978,-4.316283419933643,6.979637216783977,25.770040922261533,-0.04147409043246242,9863.780269443308,-9689.466819622212,2.560717405570703,13.378823319955822,9863.09627425953,-9689.41092443967,2.561008792308651,13.439612313464645,100080,2014-07-04,2016-06-24,2.0
2015-06-05,104443508150.4,50016000000.0,-0.0024254601275671473,153157965336.8358,153157965336.83533,153157965336.83533,153157965336.83533,1.4594886746080373,1.3629753595332659,-4.31549315427892,6.9803636718437705,25.754735678907558,-0.015305243353974873,9863.780269443308,-9689.466819622212,2.560717405570703,13.378823319955822,9863.09627425953,-9689.41092443967,2.561008792308651,13.439612313464645,100080,2014-07-04,2016-06-24,2.0
2015-06-12,105311803348.79999,50016000000.0,-0.0023845845925611854,154019940552.78925,154019940552.79,154019940552.79,154019940552.79,1.460538947646237,1.3639042693739611,-4.314427737276583,6.981343060815289,25.760347915086722,0.005612236179164398,9863.780269443308,-9689.466819622212,2.560717405570703,13.378823319955822,9863.09627425953,-9689.41092443967,2.561008792308651,13.439612313464645,100080,2014-07-04,2016-06-24,2.0
2015-06-19,105601235081.6,50016000000.0,-0.002422766757622434,154310900263.30246,154310900263.30258,154310900263.30258,154310900263.30258,1.4595578788915737,1.3630365669932871,-4.315422952126118,6.980428205471345,25.762235237134096,0.0018873220473736296,9863.780269443308,-9689.466819622212,2.560717405570703,13.378823319955822,9863.09627425953,-9689.41092443967,2.561008792308651,13.439612313464645,100080,2014-07-04,2016-06-24,2.0
2015-06-26,109942711073.59999,50016000000.0,-0.002460915246111546,158653843373.43982,158653843373.44016,158653843373.44016,158653843373.44016,1.4585776835544797,1.3621696369718848,-4.316417281211306,6.979514164226294,25.789990580168727,0.027755343034630897,9863.780269443308,-9689.466819622212,2.560717405570703,13.378823319955822,9863.09627425953,-9689.41092443967,2.561008792308651,13.439612313464645,100080,2014-07-04,2016-06-24,2.0
2015-07-03,104071381636.79999,50016000000.0,-0.00271000448128766,152804227880.84616,152804227880.84662,152804227880.84662,152804227880.84662,1.4521777314745365,1.356509220546286,-4.322909522414738,6.973546140504187,25.75242338267331,-0.03756719749541659,9863.780269443308,-9689.466819622212,2.560717405570703,13.378823319955822,9863.09627425953,-9689.41092443967,2.561008792308651,13.439612313464645,100080,2014-07-04,2016-06-24,2.0
2015-07-10,109777321512.0,50016000000.0,-0.0028624652795235773,158522226967.12433,158522226967.12354,158522226967.12354,158522226967.12354,1.4482606641847573,1.3530447805660515,-4.326883080201514,6.9698934256540275,25.78916065366305,0.03673727098973956,9863.780269443308,-9689.466819622212,2.560717405570703,13.378823319955822,9863.09627425953,-9689.41092443967,2.561008792308651,13.439612313464645,100080,2014-07-04,2016-06-24,2.0
2015-07-17,113250502305.59999,50016000000.0,-0.002900279842478238,161996313273.3303,161996313273.3305,161996313273.3305,161996313273.3305,1.4472891414612543,1.352185519493105,-4.327868614488489,6.968987467498938,25.810839414347804,0.02167876068475394,9863.780269443308,-9689.466819622212,2.560717405570703,13.378823319955822,9863.09627425953,-9689.41092443967,2.561008792308651,13.439612313464645,100080,2014-07-04,2016-06-24,2.0
2015-07-24,108330162848.0,50016000000.0,-0.0027894960759879918,157062864344.36224,157062864344.36282,157062864344.36282,157062864344.36282,1.4501353940735802,1.354702880806144,-4.32498131314951,6.971641635749075,25.7799119719888,-0.030927442359004687,9863.780269443308,-9689.466819622212,2.560717405570703,13.378823319955822,9863.09627425953,-9689.41092443967,2.561008792308651,13.439612313464645,100080,2014-07-04,2016-06-24,2.0
2015-07-31,111059090614.40001,50016000000.0,-0.0029062925276816167,159800022020.9398,159800022020.94006,159800022020.94006,159800022020.94006,1.4471346657230364,1.3520488937647315,-4.328025318138953,6.968843416741311,25.797189008081705,0.017277036092906428,9863.780269443308,-9689.466819622212,2.560717405570703,13.378823319955822,9863.09627425953,-9689.41092443967,2.561008792308651,13.439612313464645,100080,2014-07-04,2016-06-24,2.0
2015-08-07,111348522347.20001,50016000000.0,-0.0030009562957898804,160095427468.7818,160095427468.78226,160095427468.78226,160095427468.78226,1.4447026249210528,1.3498978801571866,-4.3304924356692025,6.966575503886543,25.799035896071405,0.001846887989700008,9863.780269443308,-9689.466819622212,2.560717405570703,13.378823319955822,9863.09627425953,-9689.41092443967,2.561008792308651,13.439612313464645,100080,2014-07-04,2016-06-24,2.0
2015-08-14,106634919841.59999,50016000000.0,-0.0029242938774928363,155372035368.94025,155372035368.9405,155372035368.9405,155372035368.9405,1.4466721827452724,1.3516398516849222,-4.328494471277191,6.968412144919057,25.76908830610573,-0.029947589965676258,9863.780269443308,-9689.466819622212,2.560717405570703,13.378823319955822,9863.09627425953,-9689.41092443967,2.561008792308651,13.439612313464645,100080,2014-07-04,2016-06-24,2.0
2015-08-21,97786578296.0,50016000000.0,-0.0028004841279139713,146509787515.18497,146509787515.18475,146509787515.18475,146509787515.18475,1.4498530863754786,1.3544531944871778,-4.3252676922024875,6.971378380219085,25.710358072149283,-0.05873023395644594,9863.780269443308,-9689.466819622212,2.560717405570703,13.378823319955822,9863.09627425953,-9689.41092443967,2.561008792308651,13.439612313464645,100080,2014-07-04,2016-06-24,2.0
2015-08-28,100474158672.0,50016000000.0,-0.002702635304728821,149186051270.0185,149186051270.01862,149186051270.01862,149186051270.01862,1.4523670657907253,1.3566766767371519,-4.322717457689214,6.9737226970041775,25.728460030198267,0.018101958048983846,9863.780269443308,-9689.466819622212,2.560717405570703,13.378823319955822,9863.09627425953,-9689.41092443967,2.561008792308651,13.439612313464645,100080,2014-07-04,2016-06-24,2.0
2015-09-04,97331757001.6,50016000000.0,-0.0028864087493261094,146057292885.36407,146057292885.3633,146057292885.3633,146057292885.3633,1.4476455133492527,1.352500711817811,-4.327507102881009,6.969319789175007,25.70726479870236,-0.02119523149590563,9863.780269443308,-9689.466819622212,2.560717405570703,13.378823319955822,9863.09627425953,-9689.41092443967,2.561008792308651,13.439612313464645,100080,2014-07-04,2016-06-24,2.0
2015-09-11,98324094371.20001,50016000000.0,-0.002765140417905242,147036367771.7812,147036367771.78076,147036367771.78076,147036367771.78076,1.4507611479544418,1.3552563271796316,-4.324346534916731,6.972225159112714,25.713945792934894,0.0066809942325321,9863.780269443308,-9689.466819622212,2.560717405570703,13.378823319955822,9863.09627425953,-9689.41092443967,2.561008792308651,13.439612313464645,100080,2014-07-04,2016-06-24,2.0
2015-09-18,95140345310.4,50016000000.0,-0.0028794374500842102,143859869401.3986,143859869401.399,143859869401.399,143859869401.399,1.44782461824474,1.3526591207382808,-4.32732541488358,6.969486806927853,25.69210553356788,-0.02184025936701417,9863.780269443308,-9689.466819622212,2.560717405570703,13.378823319955822,9863.09627425953,-9689.41092443967,2.561008792308651,13.439612313464645,100080,2014-07-04,2016-06-24,2.0
2015-09-25,96463461803.20001,50016000000.0,-0.0028835143513214535,145180645642.92987,145180645642.93045,145180645642.93045,145180645642.93045,1.4477198754738674,1.3525664812323157,-4.327431668282861,6.969389132869037,25.701244635982434,0.0091391024145544,9863.780269443308,-9689.466819622212,2.560717405570703,13.378823319955822,9863.09627425953,-9689.41092443967,2.561008792308651,13.439612313464645,100080,2014-07-04,2016-06-24,2.0
2015-10-02,93569144475.20001,50016000000.0,-0.002914101498148973,142286197105.3101,142286197105.31036,142286197105.31036,142286197105.31036,1.446934040772782,1.351871451459374,-4.328228836596191,6.968656331189232,25.681106338780353,-0.020138297202080935,9863.780269443308,-9689.466819622212,2.560717405570703,13.378823319955822,9863.09627425953,-9689.41092443967,2.561008792308651,13.439612313464645,100080,2014-07-04,2016-06-24,2.0
2015-10-09,92080638420.79999,50016000000.0,-0.0028248906442560704,140787520456.9772,140787520456.97797,140787520456.97797,140787520456.97797,1.449226030639117,1.3538985966142718,-4.325903791218297,6.970793642641638,25.67051764362415,-0.010588695156201311,9863.780269443308,-9689.466819622212,2.560717405570703,13.378823319955822,9863.09627425953,-9689.41092443967,2.561008792308651,13.439612313464645,100080,2014-07-04,2016-06-24,2.0
2015-10-16,90922911489.6,50016000000.0,-0.002991415426572077,139640873259.39822,139640873259.39758,139640873259.39758,139640873259.39758,1.444947740548705,1.3501146722201156,-4.330243784729737,6.966804077820689,25.662339772811627,-0.00817787081252419,9863.780269443308,-9689.466819622212,2.560717405570703,13.378823319955822,9863.09627425953,-9689.41092443967,2.561008792308651,13.439612313464645,100080,2014-07-04,2016-06-24,2.0
2015-10-23,96256724851.20001,50016000000.0,-0.003258473276524514,144993679912.6869,144993679912.6864,144993679912.6864,144993679912.6864,1.4380869166297938,1.3440466261135953,-4.337203568516179,6.960406249765583,25.699955991607993,0.037616218796365786,9863.780269443308,-9689.466819622212,2.560717405570703,13.378823319955822,9863.09627425953,-9689.41092443967,2.561008792308651,13.439612313464645,100080,2014-07-04,2016-06-24,2.0
2015-10-30,100350116500.79999,50016000000.0,-0.0032980895325971015,149087220450.07892,149087220450.08008,149087220450.08008,149087220450.08008,1.4370691928875627,1.3431465012208719,-4.338235972855,6.959457204560568,25.727797343776615,0.027841352168621825,9863.780269443308,-9689.466819622212,2.560717405570703,13.378823319955822,9863.09627425953,-9689.41092443967,2.561008792308651,13.439612313464645,100080,2014-07-04,2016-06-24,2.0
2015-11-06,102086706897.6,50016000000.0,-0.003263758493655935,150817988199.5263,150817988199.5266,150817988199.5266,150817988199.5266,1.4379511412807975,1.3439265397300915,-4.337341302398363,6.960279636898486,25.73933957054911,0.011542226772494502,9863.780269443308,-9689.466819622212,2.560717405570703,13.378823319955822,9863.09627425953,-9689.41092443967,2.561008792308651,13.439612313464645,100080,2014-07-04,2016-06-24,2.0
2015-11-13,98985652617.6,50016000000.0,-0.0036960776742885047,147747914849.06012,147747914849.06024,147747914849.06024,147747914849.06024,1.426845542484595,1.3341041944640892,-4.348607113746039,6.949923449581092,25.718773380436318,-0.020566190112791816,9863.780269443308,-9689.466819622212,2.560717405570703,13.378823319955822,9863.09627425953,-9689.41092443967,2.561008792308651,13.439612313464645,100080,2014-07-04,2016-06-24,2.0
2015-11-20,104360813369.6,50016000000.0,-0.0037500744134523335,153123817902.06802,153123817902.06793,153123817902.06793,153123817902.06793,1.425458524485924,1.3328774453984806,-4.350014143528005,6.94863002494867,25.754512698392375,0.03573931795605745,9863.780269443308,-9689.466819622212,2.560717405570703,13.378823319955822,9863.09627425953,-9689.41092443967,2.561008792308651,13.439612313464645,100080,2014-07-04,2016-06-24,2.0
2015-11-27,104030034246.4,50016000000.0,-0.004022029296182588,152810437741.06308,152810437741.06366,152810437741.06366,152810437741.06366,1.4184730474898304,1.3266991312220853,-4.357100414055731,6.942115903595369,25.752464021169537,-0.00204867722283808,9863.780269443308,-9689.466819622212,2.560717405570703,13.378823319955822,9863.09627425953,-9689.41092443967,2.561008792308651,13.439612313464645,100080,2014-07-04,2016-06-24,2.0
2015-12-04,96298072241.6,50016000000.0,-0.003145713841542994,145008161409.4603,145008161409.45963,145008161409.45963,145008161409.45963,1.4409837035190927,1.3466086860116775,-4.334264997147602,6.96310755207669,25.700055863365492,-0.052408157804045175,9863.780269443308,-9689.466819622212,2.560717405570703,13.378823319955822,9863.09627425953,-9689.41092443967,2.561008792308651,13.439612313464645,100080,2014-07-04,2016-06-24,2.0
2015-12-11,92700849276.79999,50016000000.0,-0.003569725131760979,141439771050.7897,141439771050.79034,141439771050.79034,141439771050.79034,1.430091232544346,1.3369748463310316,-4.345314597098877,6.952950123704977,25.675139817132443,-0.02491604623304866,9863.780269443308,-9689.466819622212,2.560717405570703,13.378823319955822,9863.09627425953,-9689.41092443967,2.561008792308651,13.439612313464645,100080,2014-07-04,2016-06-24,2.0
2015-12-18,95801903556.79999,50016000000.0,-0.0038079263706040224,144555125054.5967,144555125054.5968,144555125054.5968,144555125054.5968,1.42397249526571,1.3315631254918117,-4.3515216136134764,6.947244269366547,25.696926760017856,0.02178694288541294,9863.780269443308,-9689.466819622212,2.560717405570703,13.378823319955822,9863.09627425953,-9689.41092443967,2.561008792308651,13.439612313464645,100080,2014-07-04,2016-06-24,2.0
2015-12-25,96008640508.79999,50016000000.0,-0.0038224843274157205,144759357729.23517,144759357729.23615,144759357729.23615,144759357729.23615,1.423598551490292,1.3312323905311132,-4.351900952851702,6.946895558274173,25.6983385988349,0.0014118388170452079,9863.780269443308,-9689.466819622212,2.560717405570703,13.378823319955822,9863.09627425953,-9689.41092443967,2.561008792308651,13.439612313464645,100080,2014-07-04,2016-06-24,2.0
2016-01-01,95760556166.4,50016000000.0,-0.0039681064438854725,144518203165.17712,144518203165.17682,144518203165.17682,144518203165.17682,1.4198580858134968,1.3279241306954646,-4.355695389985248,6.943407485846274,25.69667131002634,-0.0016672888085622617,9863.780269443308,-9689.466819622212,2.560717405570703,13.378823319955822,9863.09627425953,-9689.41092443967,2.561008792308651,13.439612313464645,100080,2014-07-04,2016-06-24,2.0
2016-01-08,85919877251.20001,50016000000.0,-0.004354404010770185,134701322674.35959,134701322674.36029,134701322674.36029,134701322674.36029,1.4099361766297078,1.3191486755968072,-4.365760480841073,6.934155045653643,25.62632573972328,-0.07034557030305777,9863.780269443308,-9689.466819622212,2.560717405570703,13.378823319955822,9863.09627425953,-9689.41092443967,2.561008792308651,13.439612313464645,100080,2014-07-04,2016-06-24,2.0
2016-01-15,83190949484.79999,50016000000.0,-0.00419042178824033,131956768998.23888,131956768998.2388,131956768998.2388,131956768998.2388,1.414147897387223,1.3228737432391426,-4.361487978192327,6.938082590181148,25.60574019830136,-0.020585541421922926,9863.780269443308,-9689.466819622212,2.560717405570703,13.378823319955822,9863.09627425953,-9689.41092443967,2.561008792308651,13.439612313464645,100080,2014-07-04,2016-06-24,2.0
2016-01-22,87284341134.4,50016000000.0,-0.0043253692270820475,136055610140.76051,136055610140.7605,136055610140.7605,136055610140.7605,1.4106818953369535,1.3198082286708086,-4.365003999877445,6.9348504491913445,25.636329537200247,0.030589338898888485,9863.780269443308,-9689.466819622212,2.560717405570703,13.378823319955822,9863.09627425953,-9689.41092443967,2.561008792308651,13.439612313464645,100080,2014-07-04,2016-06-24,2.0
2016-01-29,85506403347.20001,50016000000.0,-0.004507965977424311,134286116559.37227,134286116559.37233,134286116559.37233,134286116559.37233,1.4059922256701733,1.31566043544899,-4.369761353543344,6.930477197608434,25.62323855880556,-0.013090978394686204,9863.780269443308,-9689.466819622212,2.560717405570703,13.378823319955822,9863.09627425953,-9689.41092443967,2.561008792308651,13.439612313464645,100080,2014-07-04,2016-06-24,2.0
2016-02-05,79717768691.20001,50016000000.0,-0.0045924088331738225,128498940866.96448,128498940866.96478,128498940866.96478,128498940866.96478,1.403823525367734,1.31374232055623,-4.371961355713938,6.928454819476338,25.57918649896729,-0.04405205983827187,9863.780269443308,-9689.466819622212,2.560717405570703,13.378823319955822,9863.09627425953,-9689.41092443967,2.561008792308651,13.439612313464645,100080,2014-07-04,2016-06-24,2.0
2016-02-12,78369843764.16,50016000000.0,-0.004854214196369675,127164144855.79245,127164144855.79211,127164144855.79211,127164144855.79211,1.3970999720249833,1.3077956451570572,-4.378781961065579,6.922184892702171,25.568744568052253,-0.010441930915035869,9863.780269443308,-9689.466819622212,2.560717405570703,13.378823319955822,9863.09627425953,-9689.41092443967,2.561008792308651,13.439612313464645,100080,2014-07-04,2016-06-24,2.0
2016-02-19,81065693618.24,50016000000.0,-0.0049035102670349625,129858691709.40895,129858691709.40869,129858691709.40869,129858691709.40869,1.3958340179151068,1.3066759659559466,-4.380066190076195,6.921004348400311,25.58971270935263,0.02096814130037572,9863.780269443308,-9689.466819622212,2.560717405570703,13.378823319955822,9863.09627425953,-9689.41092443967,2.561008792308651,13.439612313464645,100080,2014-07-04,2016-06-24,2.0
2016-02-26,80900304056.64,50016000000.0,-0.005039624489232013,129697515998.30023,129697515998.30017,129697515998.30017,129697515998.30017,1.3923385893533669,1.3035844161995556,-4.383612079680097,6.917744741850675,25.58847077618333,-0.0012419331693003244,9863.780269443308,-9689.466819622212,2.560717405570703,13.378823319955822,9863.09627425953,-9689.41092443967,2.561008792308651,13.439612313464645,100080,2014-07-04,2016-06-24,2.0
2016-03-04,81446089609.92,48472000000.0,-0.005090166714876379,130241801006.2424,130241801006.24298,130241801006.24298,130241801006.24298,1.3910406855839332,1.3024364781113036,-4.3849287211844965,6.916534401051923,25.59265856746992,0.00418779128658997,9863.780269443308,-9689.466819622212,2.560717405570703,13.378823319955822,9863.09627425953,-9689.41092443967,2.561008792308651,13.439612313464645,100080,2014-07-04,2016-06-24,2.0
2016-03-11,81007807271.68,48472000000.0,-0.004514127762970936,129762544207.71857,129762544207.71819,129762544207.71819,129762544207.71819,1.405833974512819,1.3155204696568035,-4.369921888771842,6.930329623714442,25.58897203414749,-0.0036865333224298524,9863.780269443308,-9689.466819622212,2.560717405570703,13.378823319955822,9863.09627425953,-9689.41092443967,2.561008792308651,13.439612313464645,100080,2014-07-04,2016-06-24,2.0
2016-03-18,82082839422.08,48472000000.0,-0.004798085335352043,130850920604.94269,130850920604.94334,130850920604.94334,130850920604.94334,1.3985414129744702,1.3090705342719957,-4.3773197124535725,6.923529083571703,25.59732450147247,0.008352467324982626,9863.780269443308,-9689.466819622212,2.560717405570703,13.378823319955822,9863.09627425953,-9689.41092443967,2.561008792308651,13.439612313464645,100080,2014-07-04,2016-06-24,2.0
2016-03-25,84762150320.0,48472000000.0,-0.004772163451317839,133524155539.56184,133524155539.5615,133524155539.5615,133524155539.5615,1.3992071168034756,1.309659319005732,-4.376644399160341,6.924149873913848,25.617548238790228,0.02022373731775673,9863.780269443308,-9689.466819622212,2.560717405570703,13.378823319955822,9863.09627425953,-9689.41092443967,2.561008792308651,13.439612313464645,100080,2014-07-04,2016-06-24,2.0
2016-04-01,83604423388.79999,48472000000.0,-0.004837807331449042,132365893141.89502,132365893141.89487,132365893141.89487,132365893141.89487,1.397521313641749,1.308168302728518,-4.378354537189262,6.922577807634571,25.60883584259507,-0.008712396195157623,9863.780269443308,-9689.466819622212,2.560717405570703,13.378823319955822,9863.09627425953,-9689.41092443967,2.561008792308651,13.439612313464645,100080,2014-07-04,2016-06-24,2.0
2016-04-08,84141939464.0,48472000000.0,-0.0050752543855854945,132912902192.01842,132912902192.01842,132912902192.01842,132912902192.01842,1.3914236266464832,1.302775172453039,-4.384540251586714,6.91689150709417,25.61295987990996,0.004124037314888085,9863.780269443308,-9689.466819622212,2.560717405570703,13.378823319955822,9863.09627425953,-9689.41092443967,2.561008792308651,13.439612313464645,100080,2014-07-04,2016-06-24,2.0
2016-04-15,87408383305.6,48472000000.0,-0.005192512967785851,136181406331.03825,136181406331.03746,136181406331.03746,136181406331.03746,1.3884125190802055,1.3001119811606259,-4.387594831674323,6.91408354161058,25.637253703949213,0.02429382403925473,9863.780269443308,-9689.466819622212,2.560717405570703,13.378823319955822,9863.09627425953,-9689.41092443967,2.561008792308651,13.439612313464645,100080,2014-07-04,2016-06-24,2.0
2016-04-22,91212343222.4,48472000000.0,-0.005201653725431045,139981020048.7161,139981020048.71594,139981020048.71594,139981020048.71594,1.3881777948782352,1.299904377947314,-4.387832944778802,6.9138646527523635,25.664772679284525,0.02751897533531178,9863.780269443308,-9689.466819622212,2.560717405570703,13.378823319955822,9863.09627425953,-9689.41092443967,2.561008792308651,13.439612313464645,100080,2014-07-04,2016-06-24,2.0
2016-04-29,83314991656.0,48472000000.0,-0.005180846165192681,132077618084.50067,132077618084.50113,132077618084.50113,132077618084.50113,1.3887121099036146,1.3003769560318688,-4.387290915435369,6.914362920922122,25.606655602510912,-0.05811707677361255,9863.780269443308,-9689.466819622212,2.560717405570703,13.378823319955822,9863.09627425953,-9689.41092443967,2.561008792308651,13.439612313464645,100080,2014-07-04,2016-06-24,2.0
2016-05-06,80850687188.16,48472000000.0,-0.005255255910523684,129612571581.8837,129612571581.88454,129612571581.88454,129612571581.88454,1.386801361438247,1.2986869830629075,-4.389229251191682,6.9125810780688886,25.587815619106745,-0.018839983404166816,9863.780269443308,-9689.466819622212,2.560717405570703,13.378823319955822,9863.09627425953,-9689.41092443967,2.561008792308651,13.439612313464645,100080,2014-07-04,2016-06-24,2.0
2016-05-13,79502762261.12,48472000000.0,-0.005330627522565173,128263817863.49649,128263817863.49646,128263817863.49646,128263817863.49646,1.3848659448937177,1.2969751917526082,-4.391192612156283,6.910776229900785,25.577355056819282,-0.010460562287462949,9863.780269443308,-9689.466819622212,2.560717405570703,13.378823319955822,9863.09627425953,-9689.41092443967,2.561008792308651,13.439612313464645,100080,2014-07-04,2016-06-24,2.0
2016-05-20,74044906728.32,48472000000.0,-0.005381800125490273,122803695252.39851,122803695252.39893,122803695252.39893,122803695252.39893,1.3835519363409245,1.2958130083443393,-4.392525593519258,6.90955086706299,25.53385294383862,-0.04350211298066142,9863.780269443308,-9689.466819622212,2.560717405570703,13.378823319955822,9863.09627425953,-9689.41092443967,2.561008792308651,13.439612313464645,100080,2014-07-04,2016-06-24,2.0
2016-05-27,70563456456.64,48472000000.0,-0.005511659954575418,119324013518.22368,119324013518.22453,119324013518.22453,119324013518.22453,1.3802174650498333,1.2928638124658391,-4.395908212854556,6.906441343081861,25.505108432619824,-0.02874451121879673,9863.780269443308,-9689.466819622212,2.560717405570703,13.378823319955822,9863.09627425953,-9689.41092443967,2.561008792308651,13.439612313464645,100080,2014-07-04,2016-06-24,2.0
2016-06-03,73879517166.72,48472000000.0,-0.0055372453045172375,122636231663.07333,122636231663.07318,122636231663.07318,122636231663.07318,1.3795605091847392,1.2922827631864493,-4.396574655165932,6.905828705718796,25.53248834422016,0.027379911600334594,9863.780269443308,-9689.466819622212,2.560717405570703,13.378823319955822,9863.09627425953,-9689.41092443967,2.561008792308651,13.439612313464645,100080,2014-07-04,2016-06-24,2.0
2016-06-10,72771407104.0,48472000000.0,-0.005629565200942901,121527604013.41885,121527604013.41931,121527604013.41931,121527604013.41931,1.3771900385090885,1.29018618308055,-4.3989793563891,6.903618146565259,25.523407267448558,-0.009081076771600749,9863.780269443308,-9689.466819622212,2.560717405570703,13.378823319955822,9863.09627425953,-9689.41092443967,2.561008792308651,13.439612313464645,100080,2014-07-04,2016-06-24,2.0
2016-06-17,72837562928.64,48472000000.0,-0.005830890049573294,121598487202.93675,121598487202.93613,121598487202.93613,121598487202.93613,1.3720208445645887,1.2856142490445563,-4.404223200661908,6.898797658039348,25.52399036563576,0.000583098187203035,9863.780269443308,-9689.466819622212,2.560717405570703,13.378823319955822,9863.09627425953,-9689.41092443967,2.561008792308651,13.439612313464645,100080,2014-07-04,2016-06-24,2.0
2016-06-24,72473705893.12,48472000000.0,-0.006369741549732035,121255442292.30492,121255442292.30562,121255442292.30562,121255442292.30562,1.3581864653882803,1.2733783059939014,-4.418257401800565,6.885896473231696,25.5211652506417,-0.0028251149940601294,9863.780269443308,-9689.466819622212,2.560717405570703,13.378823319955822,9863.09627425953,-9689.41092443967,2.561008792308651,13.439612313464645,100080,2014-07-04,2016-06-24,2.0
2014-10-03,89789992992.64,30464000000.0,-0.000828643689372841,138378685746.29156,138378685746.29123,138378685746.29123,138378685746.29123,1.1818773752137834,1.09903700315499,-4.939530632959667,7.8575189147989954,25.653259863546705,,5304.121861283347,-5131.757971123754,3.045945908910714,11.61016614680248,5303.967187690594,-5131.59474215266,3.0371356636930527,11.514343420104826,100080,2014-10-03,2016-09-30,3.0
2014-10-10,84968887272.0,30464000000.0,-0.0008556882255797649,133559084209.87477,133559084209.87402,133559084209.87402,133559084209.87402,1.1811042987036884,1.098374548411357,-4.940286057826096,7.856621883688834,25.617809795228922,-0.035450068317782524,5304.121861283347,-5131.757971123754,3.045945908910714,11.61016614680248,5303.967187690594,-5131.59474215266,3.0371356636930527,11.514343420104826,100080,2014-10-03,2016-09-30,3.0
2014-10-17,86705477668.79999,30464000000.0,-0.0007103674000181104,135274906626.78195,135274906626.7826,135274906626.7826,135274906626.7826,1.1852583995012538,1.1019342243275787,-4.936226808065385,7.861442051704583,25.630574890227567,0.01276509499864531,5304.121861283347,-5131.757971123754,3.045945908910714,11.61016614680248,5303.967187690594,-5131.59474215266,3.0371356636930527,11.514343420104826,100080,2014-10-03,2016-09-30,3.0
2014-10-24,87449730696.0,30464000000.0,-0.000726557193000541,136021257653.53987,136021257653.54071,136021257653.54071,136021257653.54071,1.1847955953177947,1.1015376447271592,-4.936679044927541,7.86090504148265,25.636077016743943,0.005502126516375938,5304.121861283347,-5131.757971123754,3.045945908910714,11.61016614680248,5303.967187690594,-5131.59474215266,3.0371356636930527,11.514343420104826,100080,2014-10-03,2016-09-30,3.0
2014-10-31,93817228817.6,30464000000.0,-0.0008147725709067233,142402400266.71014,142402400266.7091,142402400266.7091,142402400266.7091,1.18227388743437,1.099376777204725,-4.939143174314358,7.857979003581616,25.681922691587772,0.04584567484382873,5304.121861283347,-5131.757971123754,3.045945908910714,11.61016614680248,5303.967187690594,-5131.59474215266,3.0371356636930527,11.514343420104826,100080,2014-10-03,2016-09-30,3.0
2014-11-07,92494112324.79999,30464000000.0,-0.0008388353061636144,141081761213.96417,141081761213.96463,141081761213.96463,141081761213.96463,1.1815860440703454,1.098787359457674,-4.939815312138216,7.857180871790026,25.67260542603252,-0.009317265555253584,5304.121861283347,-5131.757971123754,3.045945908910714,11.61016614680248,5303.967187690594,-5131.59474215266,3.0371356636930527,11.514343420104826,100080,2014-10-03,2016-09-30,3.0
2014-11-14,90881564099.20001,30464000000.0,-0.0007905419066487274,139461430987.77347,139461430987.77362,139461430987.77362,139461430987.77362,1.1829665351791574,1.0999703116890487,-4.938466341841967,7.858782710176459,25.661053919605703,-0.011551506426815905,5304.121861283347,-5131.757971123754,3.045945908910714,11.61016614680248,5303.967187690594,-5131.59474215266,3.0371356636930527,11.514343420104826,100080,2014-10-03,2016-09-30,3.0
2014-11-21,97579841344.0,30464000000.0,-0.0006802536365304391,146144877756.19824,146144877756.19843,146144877756.19843,146144877756.19843,1.1861192415182449,1.1026718846628683,-4.9353856219084715,7.8624409212634445,25.70786428003589,0.04681036043018594,5304.121861283347,-5131.757971123754,3.045945908910714,11.61016614680248,5303.967187690594,-5131.59474215266,3.0371356636930527,11.514343420104826,100080,2014-10-03,2016-09-30,3.0
2014-11-28,100019337377.6,30464000000.0,-0.0006331650785279575,148577569938.84128,148577569938.84116,148577569938.84116,148577569938.84116,1.1874653432467372,1.1038253662254647,-4.934070256225141,7.864002857433254,25.72437301529902,0.016508735263130347,5304.121861283347,-5131.757971123754,3.045945908910714,11.61016614680248,5303.967187690594,-5131.59474215266,3.0371356636930527,11.514343420104826,100080,2014-10-03,2016-09-30,3.0
2014-12-05,100019337377.6,30464000000.0,-0.0005971037003509272,148572088968.73145,148572088968.73114,148572088968.73114,148572088968.73114,1.1884962258104041,1.1047087344104511,-4.933062912281593,7.865199032310059,25.72433612499848,-3.689030053877218e-05,5304.121861283347,-5131.757971123754,3.045945908910714,11.61016614680248,5303.967187690594,-5131.59474215266,3.0371356636930527,11.514343420104826,100080,2014-10-03,2016-09-30,3.0
2014-12-12,93279712742.4,30464000000.0,-0.0006205328303227952,141834343553.57816,141834343553.57816,141834343553.57816,141834343553.57816,1.1878264588790504,1.1041348079766067,-4.933717386105263,7.864421874534221,25.677925618853283,-0.046410506145196706,5304.121861283347,-5131.757971123754,3.045945908910714,11.61016614680248,5303.967187690594,-5131.59474215266,3.0371356636930527,11.514343420104826,100080,2014-10-03,2016-09-30,3.0
2014-12-19,94272050112.0,30464000000.0,-0.0007444405112366903,142843109856.9351,142843109856.93542,142843109856.93542,142843109856.93542,1.1842843818467432,1.1010995828369232,-4.9371785857551,7.860311860074447,25.6850127310468,0.007087112193516987,5304.121861283347,-5131.757971123754,3.045945908910714,11.61016614680248,5303.967187690594,-5131.59474215266,3.0371356636930527,11.514343420104826,100080,2014-10-03,2016-09-30,3.0
2014-12-26,95264387481.6,30464000000.0,-0.0007939924924829911,143841623581.77338,143841623581.7731,143841623581.7731,143841623581.7731,1.1828678979111404,1.0998857887652775,-4.938562726916916,7.858668257443972,25.691978695021014,0.006965963974213452,5304.121861283347,-5131.757971123754,3.045945908910714,11.61016614680248,5303.967187690594,-5131.59474215266,3.0371356636930527,11.514343420104826,100080,2014-10-03,2016-09-30,3.0
2015-01-02,93445102304.0,30464000000.0,-0.0008897279313009143,142034223211.5617,142034223211.56055,142034223211.56055,142034223211.56055,1.1801312703033484,1.0975407531727797,-4.941236869145314,7.855492840687341,25.679333874041898,-0.012644820979115678,5304.121861283347,-5131.757971123754,3.045945908910714,11.61016614680248,5303.967187690594,-5131.59474215266,3.0371356636930527,11.514343420104826,100080,2014-10-03,2016-09-30,3.0
2015-01-09,93569144475.20001,30464000000.0,-0.0010103659306464373,142173535054.41165,142173535054.412,142173535054.412,142173535054.412,1.1766828857365272,1.0945858041809515,-4.944606517584679,7.8514915463079005,25.680314226266333,0.0009803522244347107,5304.121861283347,-5131.757971123754,3.045945908910714,11.61016614680248,5303.967187690594,-5131.59474215266,3.0371356636930527,11.514343420104826,100080,2014-10-03,2016-09-30,3.0
2015-01-16,102293443849.6,30464000000.0,-0.0012027075172804747,150923084522.74716,150923084522.74707,150923084522.74707,150923084522.74707,1.1711850942611879,1.0898746928201035,-4.949978781132722,7.845112250203695,25.740036169964775,0.05972194369844175,5304.121861283347,-5131.757971123754,3.045945908910714,11.61016614680248,5303.967187690594,-5131.59474215266,3.0371356636930527,11.514343420104826,100080,2014-10-03,2016-09-30,3.0
2015-01-23,105932014204.79999,30464000000.0,-0.0018699821637219061,154648174618.2415,154648174618.24063,154648174618.24063,154648174618.24063,1.1521140539449213,1.073532447765956,-4.968614400565138,7.82298344225151,25.764418532698684,0.0243823627339097,5304.121861283347,-5131.757971123754,3.045945908910714,11.61016614680248,5303.967187690594,-5131.59474215266,3.0371356636930527,11.514343420104826,100080,2014-10-03,2016-09-30,3.0
2015-01-30,105890666814.40001,30464000000.0,-0.0018365672540792072,154600751320.45605,154600751320.45697,154600751320.45697,154600751320.45697,1.1530689951686206,1.0743507535453318,-4.967681261465941,7.824091492974324,25.76411183285802,-0.0003066998406637822,5304.121861283347,-5131.757971123754,3.045945908910714,11.61016614680248,5303.967187690594,-5131.59474215266,3.0371356636930527,11.514343420104826,100080,2014-10-03,2016-09-30,3.0
2015-02-06,103575212952.0,30464000000.0,-0.0020336007627560996,152308981373.46643,152308981373.46634,152308981373.46634,152308981373.46634,1.14743822478042,1.0695256435428746,-4.973183477522798,7.817557921389929,25.749177066700803,-0.014934766157217894,5304.121861283347,-5131.757971123754,3.045945908910714,11.61016614680248,5303.967187690594,-5131.59474215266,3.0371356636930527,11.514343420104826,100080,2014-10-03,2016-09-30,3.0
2015-02-13,104567550321.6,30464000000.0,-0.0019239942691234469,153285416310.7783,153285416310.77756,153285416310.77756,153285416310.77756,1.1505704963139094,1.0722097456364281,-4.970122717596632,7.8211924002871935,25.7555674866014,0.0063904199005975215,5304.121861283347,-5131.757971123754,3.045945908910714,11.61016614680248,5303.967187690594,-5131.59474215266,3.0371356636930527,11.514343420104826,100080,2014-10-03,2016-09-30,3.0
2015-02-20,102955002096.0,30464000000.0,-0.0020314025243390234,151684712756.8149,151684712756.8151,151684712756.8151,151684712756.8151,1.1475010439586548,1.0695794745070089,-4.973122092536187,7.817630812554265,25.745069945360843,-0.01049754124055724,5304.121861283347,-5131.757971123754,3.045945908910714,11.61016614680248,5303.967187690594,-5131.59474215266,3.0371356636930527,11.514343420104826,100080,2014-10-03,2016-09-30,3.0
2015-02-27,109198458046.40001,30464000000.0,-0.0024664515505081032,157981556936.71313,157981556936.71298,157981556936.71298,157981556936.71298,1.1350692774345923,1.0589264267882754,-4.985270041563944,7.803205838135685,25.785744134911454,0.04067418955061086,5304.121861283347,-5131.757971123754,3.045945908910714,11.61016614680248,5303.967187690594,-5131.59474215266,3.0371356636930527,11.514343420104826,100080,2014-10-03,2016-09-30,3.0
2015-03-06,110521574539.20001,50016000000.0,-0.0022610116689517935,159276588768.88776,159276588768.88693,159276588768.88693,159276588768.88693,1.1409396720846234,1.063956900928133,-4.97953366672973,7.810017440300183,25.793908079903996,0.008163944992542582,5304.121861283347,-5131.757971123754,3.045945908910714,11.61016614680248,5303.967187690594,-5131.59474215266,3.0371356636930527,11.514343420104826,100080,2014-10-03,2016-09-30,3.0
2015-03-13,117178504393.59999,50016000000.0,-0.0024755877278853167,165958271436.70535,165958271436.70566,165958271436.70566,165958271436.70566,1.1348082201861356,1.0587027206320272,-4.98552513899217,7.802902925411357,25.835002216815173,0.041094136911176804,5304.121861283347,-5131.757971123754,3.045945908910714,11.61016614680248,5303.967187690594,-5131.59474215266,3.0371356636930527,11.514343420104826,100080,2014-10-03,2016-09-30,3.0
2015-03-20,119039136961.59999,50016000000.0,-0.002382728941192464,167805110865.338,167805110865.33838,167805110865.33838,167805110865.33838,1.1374615952953808,1.0609764596370042,-4.9829323394867515,7.8059817184481775,25.846069088592785,0.011066871777611453,5304.121861283347,-5131.757971123754,3.045945908910714,11.61016614680248,5303.967187690594,-5131.59474215266,3.0371356636930527,11.514343420104826,100080,2014-10-03,2016-09-30,3.0
2015-03-27,115069787483.20001,50016000000.0,-0.0025900388100694493,163858969994.08652,163858969994.08737,163858969994.08737,163858969994.08737,1.1315379425582979,1.055900340007156,-4.988720758066393,7.7991083231565,25.822271955750463,-0.0237971328423221,5304.121861283347,-5131.757971123754,3.045945908910714,11.61016614680248,5303.967187690594,-5131.59474215266,3.0371356636930527,11.514343420104826,100080,2014-10-03,2016-09-30,3.0
2015-04-03,114780355750.40001,50016000000.0,-0.00254129996086175,163561169987.9973,163561169987.99664,163561169987.99664,163561169987.99664,1.132930575061855,1.0570937212187346,-4.987359918464335,7.800724236616955,25.820452885682105,-0.0018190700683575756,5304.121861283347,-5131.757971123754,3.045945908910714,11.61016614680248,5303.967187690594,-5131.59474215266,3.0371356636930527,11.514343420104826,100080,2014-10-03,2016-09-30,3.0
2015-04-10,120899769529.59999,50016000000.0,-0.0027766791350716472,169706746085.71872,169706746085.71872,169706746085.71872,169706746085.71872,1.1262051543837515,1.0513305356057572,-4.993931803453324,7.79292053169984,25.857337761406,0.03688487572389576,5304.121861283347,-5131.757971123754,3.045945908910714,11.61016614680248,5303.967187690594,-5131.59474215266,3.0371356636930527,11.514343420104826,100080,2014-10-03,2016-09-30,3.0
2015-04-17,110397532368.0,50016000000.0,-0.0029147858761081904,159218406081.75854,159218406081.75967,159218406081.75967,159218406081.75967,1.1222592494926327,1.0479491808841885,-4.997787628210972,7.788341985269656,25.793542719765124,-0.06379504164087635,5304.121861283347,-5131.757971123754,3.045945908910714,11.61016614680248,5303.967187690594,-5131.59474215266,3.0371356636930527,11.514343420104826,100080,2014-10-03,2016-09-30,3.0
2015-04-24,111886038422.40001,50016000000.0,-0.0026941512127789825,160677906844.50067,160677906844.50153,160677906844.50153,160677906844.50153,1.128563156962182,1.0533511703856675,-4.991627631708024,7.795656591004402,25.802667619494922,0.00912489972979813,5304.121861283347,-5131.757971123754,3.045945908910714,11.61016614680248,5303.967187690594,-5131.59474215266,3.0371356636930527,11.514343420104826,100080,2014-10-03,2016-09-30,3.0
2015-05-01,107420520259.20001,50016000000.0,-0.002587917817145178,156197253385.84085,156197253385.8402,156197253385.8402,156197253385.8402,1.1315985461019742,1.0559522726966861,-4.988661538060614,7.799178643267581,25.774385490239908,-0.02828212925501461,5304.121861283347,-5131.757971123754,3.045945908910714,11.61016614680248,5303.967187690594,-5131.59474215266,3.0371356636930527,11.514343420104826,100080,2014-10-03,2016-09-30,3.0
2015-05-08,109777321512.0,50016000000.0,-0.0026562975539913235,158559689487.50778,158559689487.50772,158559689487.50772,158559689487.50772,1.1296447342819314,1.0542780019327438,-4.990570745849845,7.7969115771261865,25.789396949198142,0.015011458958234414,5304.121861283347,-5131.757971123754,3.045945908910714,11.61016614680248,5303.967187690594,-5131.59474215266,3.0371356636930527,11.514343420104826,100080,2014-10-03,2016-09-30,3.0
2015-05-15,107875341553.59999,50016000000.0,-0.0023763760604034925,156622654498.62988,156622654498.62897,156622654498.62897,156622654498.62897,1.137643126621709,1.0611320179714312,-4.982754952473851,7.806192354898033,25.777105274782382,-0.012291674415759957,5304.121861283347,-5131.757971123754,3.045945908910714,11.61016614680248,5303.967187690594,-5131.59474215266,3.0371356636930527,11.514343420104826,100080,2014-10-03,2016-09-30,3.0
2015-05-22,113374544476.79999,50016000000.0,-0.0025450576896501064,162139147244.96152,162139147244.96222,162139147244.96222,162139147244.96222,1.132823203552225,1.0570017119430304,-4.987464838747064,7.800599650205553,25.811720737117295,0.034615462334912195,5304.121861283347,-5131.757971123754,3.045945908910714,11.61016614680248,5303.967187690594,-5131.59474215266,3.0371356636930527,11.514343420104826,100080,2014-10-03,2016-09-30,3.0
2015-05-29,106800309403.20001,50016000000.0,-0.0024557794986057803,155552254971.77902,155552254971.77902,155552254971.77902,155552254971.77902,1.1353742215142513,1.0591877405804553,-4.984972059227948,7.803559674111287,25.770247556949872,-0.041473180167422186,5304.121861283347,-5131.757971123754,3.045945908910714,11.61016614680248,5303.967187690594,-5131.59474215266,3.0371356636930527,11.514343420104826,100080,2014-10-03,2016-09-30,3.0
2015-06-05,104443508150.4,50016000000.0,-0.0024254601275671473,153189689797.8097,153189689797.80933,153189689797.80933,153189689797.80933,1.136240573999612,1.0599301383290367,-4.9841254852387005,7.804564929588063,25.754942793018312,-0.015304763931560217,5304.121861283347,-5131.757971123754,3.045945908910714,11.61016614680248,5303.967187690594,-5131.59474215266,3.0371356636930527,11.514343420104826,100080,2014-10-03,2016-09-30,3.0
2015-06-12,105311803348.79999,50016000000.0,-0.0023845845925611854,154051137626.27832,154051137626.27777,154051137626.27777,154051137626.27777,1.1374085707652708,1.060931021705528,-4.98298415348022,7.805920192436181,25.760550446747786,0.005607653729473583,5304.121861283347,-5131.757971123754,3.045945908910714,11.61016614680248,5303.967187690594,-5131.59474215266,3.0371356636930527,11.514343420104826,100080,2014-10-03,2016-09-30,3.0
2015-06-19,105601235081.6,50016000000.0,-0.002422766757622434,154342606754.77325,154342606754.7726,154342606754.7726,154342606754.7726,1.1363175352627393,1.0599960882259438,-4.984050280974224,7.80465423011888,25.762440687523355,0.0018902407755696515,5304.121861283347,-5131.757971123754,3.045945908910714,11.61016614680248,5303.967187690594,-5131.59474215266,3.0371356636930527,11.514343420104826,100080,2014-10-03,2016-09-30,3.0
2015-06-26,109942711073.59999,50016000000.0,-0.002460915246111546,158686080074.43475,158686080074.43414,158686080074.43414,158686080074.43414,1.1352274721484263,1.0590619875833909,-4.985115458368318,7.803389396315609,25.790193748435453,0.027753060912097283,5304.121861283347,-5131.757971123754,3.045945908910714,11.61016614680248,5303.967187690594,-5131.59474215266,3.0371356636930527,11.514343420104826,100080,2014-10-03,2016-09-30,3.0
2015-07-03,104071381636.79999,50016000000.0,-0.00271000448128766,152839719682.5162,152839719682.5168,152839719682.5168,152839719682.5168,1.1281101908696505,1.0529630119140165,-4.99207025700698,7.795131001128178,25.752655625465046,-0.03753812297040682,5304.121861283347,-5131.757971123754,3.045945908910714,11.61016614680248,5303.967187690594,-5131.59474215266,3.0371356636930527,11.514343420104826,100080,2014-10-03,2016-09-30,3.0
2015-07-10,109777321512.0,50016000000.0,-0.0028624652795235773,158559765013.1065,158559765013.1057,158559765013.1057,158559765013.1057,1.123754107362535,1.049230166473535,-4.996326895964239,7.790076511315331,25.789397425520846,0.03674180005580041,5304.121861283347,-5131.757971123754,3.045945908910714,11.61016614680248,5303.967187690594,-5131.59474215266,3.0371356636930527,11.514343420104826,100080,2014-10-03,2016-09-30,3.0
2015-07-17,113250502305.59999,50016000000.0,-0.002900279842478238,162034362732.60425,162034362732.60492,162034362732.60492,162034362732.60492,1.1226737011702033,1.0483043362187345,-4.997382637899636,7.7888228852813,25.81107426531882,0.021676839797972747,5304.121861283347,-5131.757971123754,3.045945908910714,11.61016614680248,5303.967187690594,-5131.59474215266,3.0371356636930527,11.514343420104826,100080,2014-10-03,2016-09-30,3.0
2015-07-24,108330162848.0,50016000000.0,-0.0027894960759879918,157099435538.17462,157099435538.1748,157099435538.1748,157099435538.1748,1.1258389506892732,1.0510167257957619,-4.994289647121013,7.7924956149453495,25.780144789191823,-0.030929476126996036,5304.121861283347,-5131.757971123754,3.045945908910714,11.61016614680248,5303.967187690594,-5131.59474215266,3.0371356636930527,11.514343420104826,100080,2014-10-03,2016-09-30,3.0
2015-07-31,111059090614.40001,50016000000.0,-0.0029062925276816167,159838145176.83597,159838145176.83603,159838145176.83603,159838145176.83603,1.1225019126509292,1.0481571257973883,-4.997550504719811,7.788623554195331,25.7974275475303,0.017282758338478033,5304.121861283347,-5131.757971123754,3.045945908910714,11.61016614680248,5303.967187690594,-5131.59474215266,3.0371356636930527,11.514343420104826,100080,2014-10-03,2016-09-30,3.0
2015-08-07,111348522347.20001,50016000000.0,-0.0030009562957898804,160134801671.63226,160134801671.6318,160134801671.6318,160134801671.6318,1.1197973057535486,1.0458394705760838,-5.000193369397266,7.785485322933349,25.79928180791523,0.0018542603849276418,5304.121861283347,-5131.757971123754,3.045945908910714,11.61016614680248,5303.967187690594,-5131.59474215266,3.0371356636930527,11.514343420104826,100080,2014-10-03,2016-09-30,3.0
2015-08-14,106634919841.59999,50016000000.0,-0.0029242938774928363,155410382601.75778,155410382601.75775,155410382601.75775,155410382601.75775,1.1219875973138733,1.0477163944356107,-4.998053078948305,7.788026779575469,25.76933508475725,-0.029946723157976862,5304.121861283347,-5131.757971123754,3.045945908910714,11.61016614680248,5303.967187690594,-5131.59474215266,3.0371356636930527,11.514343420104826,100080,2014-10-03,2016-09-30,3.0
2015-08-21,97786578296.0,50016000000.0,-0.0028004841279139713,146546450335.99707,146546450335.99692,146546450335.99692,146546450335.99692,1.1255250026409187,1.0507476952175239,-4.994596428090108,7.792131331950034,25.71060828228828,-0.05872680246897133,5304.121861283347,-5131.757971123754,3.045945908910714,11.61016614680248,5303.967187690594,-5131.59474215266,3.0371356636930527,11.514343420104826,100080,2014-10-03,2016-09-30,3.0
2015-08-28,100474158672.0,50016000000.0,-0.002702635304728821,149221446994.3445,149221446994.34558,149221446994.34558,149221446994.34558,1.1283207457891542,1.0531434419308425,-4.991864508858861,7.795375314187643,25.728697260996412,0.018088978708131975,5304.121861283347,-5131.757971123754,3.045945908910714,11.61016614680248,5303.967187690594,-5131.59474215266,3.0371356636930527,11.514343420104826,100080,2014-10-03,2016-09-30,3.0
2015-09-04,97331757001.6,50016000000.0,-0.0028864087493261094,146095093756.5757,146095093756.5758,146095093756.5758,146095093756.5758,1.123070013337292,1.0486439472369966,-4.996995373009486,7.789282737535634,25.707523573733145,-0.021173687263267738,5304.121861283347,-5131.757971123754,3.045945908910714,11.61016614680248,5303.967187690594,-5131.59474215266,3.0371356636930527,11.514343420104826,100080,2014-10-03,2016-09-30,3.0
2015-09-11,98324094371.20001,50016000000.0,-0.002765140417905242,147072579825.2289,147072579825.22858,147072579825.22858,147072579825.22858,1.1265348378373436,1.0516130501973748,-4.993609646317554,7.79330307298392,25.714192042183186,0.006668468450040876,5304.121861283347,-5131.757971123754,3.045945908910714,11.61016614680248,5303.967187690594,-5131.59474215266,3.0371356636930527,11.514343420104826,100080,2014-10-03,2016-09-30,3.0
2015-09-18,95140345310.4,50016000000.0,-0.0028794374500842102,143897567881.2838,143897567881.2839,143897567881.2839,143897567881.2839,1.1232691914170694,1.0488146285019866,-4.996800741903734,7.789513849523976,25.692367549246477,-0.02182449293670885,5304.121861283347,-5131.757971123754,3.045945908910714,11.61016614680248,5303.967187690594,-5131.59474215266,3.0371356636930527,11.514343420104826,100080,2014-10-03,2016-09-30,3.0
2015-09-25,96463461803.20001,50016000000.0,-0.0028835143513214535,145218412386.51874,145218412386.51923,145218412386.51923,145218412386.51923,1.1231527095940024,1.0487148119723315,-4.99691456459891,7.7893786923527415,25.70150473836746,0.009137189120984601,5304.121861283347,-5131.757971123754,3.045945908910714,11.61016614680248,5303.967187690594,-5131.59474215266,3.0371356636930527,11.514343420104826,100080,2014-10-03,2016-09-30,3.0
2015-10-02,93569144475.20001,50016000000.0,-0.002914101498148973,142324347514.97897,142324347514.97858,142324347514.97858,142324347514.97858,1.122278802812616,1.0479659366769738,-4.997768521265698,7.78836467353872,25.68137442730074,-0.020130311066722584,5304.121861283347,-5131.757971123754,3.045945908910714,11.61016614680248,5303.967187690594,-5131.59474215266,3.0371356636930527,11.514343420104826,100080,2014-10-03,2016-09-30,3.0
2015-10-09,92080638420.79999,50016000000.0,-0.0028248906442560704,140824484921.29382,140824484921.29388,140824484921.29388,140824484921.29388,1.1248276683625469,1.050150130478869,-4.995277843039684,7.791322194896296,25.67078016414048,-0.010594263160257356,5304.121861283347,-5131.757971123754,3.045945908910714,11.61016614680248,5303.967187690594,-5131.59474215266,3.0371356636930527,11.514343420104826,100080,2014-10-03,2016-09-30,3.0
2015-10-16,90922911489.6,50016000000.0,-0.002991415426572077,139680027049.85236,139680027049.85324,139680027049.85324,139680027049.85324,1.1200698919250833,1.0460730576032802,-4.9999270059454375,7.785801612253411,25.662620122693564,-0.008160041446917177,5304.121861283347,-5131.757971123754,3.045945908910714,11.61016614680248,5303.967187690594,-5131.59474215266,3.0371356636930527,11.514343420104826,100080,2014-10-03,2016-09-30,3.0
2015-10-23,96256724851.20001,50016000000.0,-0.003258473276524514,145036403675.75006,145036403675.75034,145036403675.75034,145036403675.75034,1.1124401885471555,1.0395349325854113,-5.0073825371071505,7.776948660370502,25.7002506076895,0.0376304849959368,5304.121861283347,-5131.757971123754,3.045945908910714,11.61016614680248,5303.967187690594,-5131.59474215266,3.0371356636930527,11.514343420104826,100080,2014-10-03,2016-09-30,3.0
2015-10-30,100350116500.79999,50016000000.0,-0.0032980895325971015,149130485846.5389,149130485846.53854,149130485846.53854,149130485846.53854,1.1113084149091477,1.0385650795378751,-5.008488474782325,7.775635433633809,25.72808750358838,0.027836895898879277,5304.121861283347,-5131.757971123754,3.045945908910714,11.61016614680248,5303.967187690594,-5131.59474215266,3.0371356636930527,11.514343420104826,100080,2014-10-03,2016-09-30,3.0
2015-11-06,102086706897.6,50016000000.0,-0.003263758493655935,150860805031.86713,150860805031.8668,150860805031.8668,150860805031.8668,1.1122891976424671,1.039405543673638,-5.007530081208688,7.7767734616360515,25.739623427642073,0.011535924053692526,5304.121861283347,-5131.757971123754,3.045945908910714,11.61016614680248,5303.967187690594,-5131.59474215266,3.0371356636930527,11.514343420104826,100080,2014-10-03,2016-09-30,3.0
2015-11-13,98985652617.6,50016000000.0,-0.0036960776742885047,147796433100.19043,147796433100.19073,147796433100.19073,147796433100.19073,1.099939128321445,1.0288223486063544,-5.019598230199108,7.762443364535332,25.719101711882363,-0.020521715759709735,5304.121861283347,-5131.757971123754,3.045945908910714,11.61016614680248,5303.967187690594,-5131.59474215266,3.0371356636930527,11.514343420104826,100080,2014-10-03,2016-09-30,3.0
2015-11-20,104360813369.6,50016000000.0,-0.0037500744134523335,153173061209.4532,153173061209.45343,153173061209.45343,153173061209.45343,1.098396693589945,1.027500579912612,-5.021105455902124,7.760653640600916,25.754834238121756,0.035732526239392826,5304.121861283347,-5131.757971123754,3.045945908910714,11.61016614680248,5303.967187690594,-5131.59474215266,3.0371356636930527,11.514343420104826,100080,2014-10-03,2016-09-30,3.0
2015-11-27,104030034246.4,50016000000.0,-0.004022029296182588,152863274811.56326,152863274811.56427,152863274811.56427,152863274811.56427,1.0906285195785737,1.020843734750997,-5.028696309115503,7.751640049158735,25.752809730132114,-0.0020245079896419327,5304.121861283347,-5131.757971123754,3.045945908910714,11.61016614680248,5303.967187690594,-5131.59474215266,3.0371356636930527,11.514343420104826,100080,2014-10-03,2016-09-30,3.0
2015-12-04,96298072241.6,50016000000.0,-0.003145713841542994,145049403254.89056,145049403254.89017,145049403254.89017,145049403254.89017,1.115661606428633,1.0422954661448784,-5.00423465779836,7.780686557629091,25.70034023344049,-0.05246949669162504,5304.121861283347,-5131.757971123754,3.045945908910714,11.61016614680248,5303.967187690594,-5131.59474215266,3.0371356636930527,11.514343420104826,100080,2014-10-03,2016-09-30,3.0
2015-12-11,92700849276.79999,50016000000.0,-0.003569725131760979,141486594476.76822,141486594476.7683,141486594476.7683,141486594476.7683,1.1035485095206392,1.031915355943056,-5.016071240729843,7.766631417669762,25.67547081086163,-0.024869422578859712,5304.121861283347,-5131.757971123754,3.045945908910714,11.61016614680248,5303.967187690594,-5131.59474215266,3.0371356636930527,11.514343420104826,100080,2014-10-03,2016-09-30,3.0
2015-12-18,95801903556.79999,50016000000.0,-0.0038079263706040224,144605107069.83124,144605107069.83154,144605107069.83154,144605107069.83154,1.0967441557089326,1.026084458861078,-5.022720271631806,7.758736161841719,25.697272464649267,0.02180165378763732,5304.121861283347,-5131.757971123754,3.045945908910714,11.61016614680248,5303.967187690594,-5131.59474215266,3.0371356636930527,11.514343420104826,100080,2014-10-03,2016-09-30,3.0
2015-12-25,96008640508.79999,50016000000.0,-0.0038224843274157205,144809531531.982,144809531531.98236,144809531531.98236,144809531531.98236,1.0963283121505234,1.0257281069270903,-5.023126622844483,7.758253648813755,25.69868514022874,0.0014126755794734436,5304.121861283347,-5131.757971123754,3.045945908910714,11.61016614680248,5303.967187690594,-5131.59474215266,3.0371356636930527,11.514343420104826,100080,2014-10-03,2016-09-30,3.0
2016-01-01,95760556166.4,50016000000.0,-0.0039681064438854725,144570299254.96872,144570299254.96866,144570299254.96866,144570299254.96866,1.09216874203561,1.0221636119481445,-5.027191244305686,7.753427203894401,25.69703172623051,-0.0016534139982304907,5304.121861283347,-5131.757971123754,3.045945908910714,11.61016614680248,5303.967187690594,-5131.59474215266,3.0371356636930527,11.514343420104826,100080,2014-10-03,2016-09-30,3.0
2016-01-08,85919877251.20001,50016000000.0,-0.004354404010770185,134758479449.31696,134758479449.3169,134758479449.3169,134758479449.3169,1.0811351975023717,1.012708514964288,-5.037972937214499,7.7406247440022105,25.626749972023337,-0.07028175420717275,5304.121861283347,-5131.757971123754,3.045945908910714,11.61016614680248,5303.967187690594,-5131.59474215266,3.0371356636930527,11.514343420104826,100080,2014-10-03,2016-09-30,3.0
2016-01-15,83190949484.79999,50016000000.0,-0.00419042178824033,132011734073.53888,132011734073.53844,132011734073.53844,132011734073.53844,1.0858187795452099,1.0167220738917422,-5.033396261492634,7.746059202557038,25.606156650078404,-0.020593321944932796,5304.121861283347,-5131.757971123754,3.045945908910714,11.61016614680248,5303.967187690594,-5131.59474215266,3.0371356636930527,11.514343420104826,100080,2014-10-03,2016-09-30,3.0
2016-01-22,87284341134.4,50016000000.0,-0.0043253692270820475,136112393296.35138,136112393296.351,136112393296.351,136112393296.351,1.081964461569581,1.0134191468796416,-5.037162601611862,7.741586956206405,25.636746802681106,0.030590152602702148,5304.121861283347,-5131.757971123754,3.045945908910714,11.61016614680248,5303.967187690594,-5131.59474215266,3.0371356636930527,11.514343420104826,100080,2014-10-03,2016-09-30,3.0
2016-01-29,85506403347.20001,50016000000.0,-0.004507965977424311,134345304176.67966,134345304176.6795,134345304176.6795,134345304176.6795,1.0767494028288427,1.0089501354700587,-5.0422586242552825,7.735535818113525,25.62367921923242,-0.013067583448684417,5304.121861283347,-5131.757971123754,3.045945908910714,11.61016614680248,5303.967187690594,-5131.59474215266,3.0371356636930527,11.514343420104826,100080,2014-10-03,2016-09-30,3.0
2016-02-05,79717768691.20001,50016000000.0,-0.0045924088331738225,128559193365.18758,128559193365.18799,128559193365.18799,128559193365.18799,1.0743377488243733,1.006883480622946,-5.04461523183295,7.7327375289382445,25.579655283971945,-0.04402393526047632,5304.121861283347,-5131.757971123754,3.045945908910714,11.61016614680248,5303.967187690594,-5131.59474215266,3.0371356636930527,11.514343420104826,100080,2014-10-03,2016-09-30,3.0
2016-02-12,78369843764.16,50016000000.0,-0.004854214196369675,127227848262.59717,127227848262.59698,127227848262.59698,127227848262.59698,1.066861007049156,1.0004763108900079,-5.051921318390896,7.724062126575703,25.56924539677218,-0.010409887199767098,5304.121861283347,-5131.757971123754,3.045945908910714,11.61016614680248,5303.967187690594,-5131.59474215266,3.0371356636930527,11.514343420104826,100080,2014-10-03,2016-09-30,3.0
2016-02-19,81065693618.24,50016000000.0,-0.0049035102670349625,129923081126.82104,129923081126.82167,129923081126.82167,129923081126.82167,1.0654532433812256,0.9992699301201355,-5.05329695058067,7.722428673415701,25.590208428648317,0.020963031876139127,5304.121861283347,-5131.757971123754,3.045945908910714,11.61016614680248,5303.967187690594,-5131.59474215266,3.0371356636930527,11.514343420104826,100080,2014-10-03,2016-09-30,3.0
2016-02-26,80900304056.64,50016000000.0,-0.005039624489232013,129763706697.12949,129763706697.12965,129763706697.12965,129763706697.12965,1.0615662734167473,0.9959389938912864,-5.057095203220342,7.7179185551343865,25.58898099269721,-0.0012274359511081911,5304.121861283347,-5131.757971123754,3.045945908910714,11.61016614680248,5303.967187690594,-5131.59474215266,3.0371356636930527,11.514343420104826,100080,2014-10-03,2016-09-30,3.0
2016-03-04,81446089609.92,48472000000.0,-0.005090166714876379,130308664899.33261,130308664899.33272,130308664899.33272,130308664899.33272,1.060122988059517,0.9947021701232188,-5.058505546900733,7.716243886966507,25.59317181847736,0.00419082578014951,5304.121861283347,-5131.757971123754,3.045945908910714,11.61016614680248,5303.967187690594,-5131.59474215266,3.0371356636930527,11.514343420104826,100080,2014-10-03,2016-09-30,3.0
2016-03-11,81007807271.68,48472000000.0,-0.004514127762970936,129821784012.544,129821784012.54407,129821784012.54407,129821784012.54407,1.0765734230398811,1.0087993305401142,-5.042430587260423,7.735331625294251,25.58942845465839,-0.0037433638189696694,5304.121861283347,-5131.757971123754,3.045945908910714,11.61016614680248,5303.967187690594,-5131.59474215266,3.0371356636930527,11.514343420104826,100080,2014-10-03,2016-09-30,3.0
2016-03-18,82082839422.08,48472000000.0,-0.004798085335352043,130913920843.96164,130913920843.96237,130913920843.96237,130913920843.96237,1.06846391740182,1.001849921428402,-5.050354993817018,7.725922012349523,25.597805851373295,0.008377396714905672,5304.121861283347,-5131.757971123754,3.045945908910714,11.61016614680248,5303.967187690594,-5131.59474215266,3.0371356636930527,11.514343420104826,100080,2014-10-03,2016-09-30,3.0
2016-03-25,84762150320.0,48472000000.0,-0.004772163451317839,133586822262.66388,133586822262.66342,133586822262.66342,133586822262.66342,1.069204193779921,1.0024842993493621,-5.049631614010604,7.726780968536699,25.618017457425623,0.02021160605232808,5304.121861283347,-5131.757971123754,3.045945908910714,11.61016614680248,5303.967187690594,-5131.59474215266,3.0371356636930527,11.514343420104826,100080,2014-10-03,2016-09-30,3.0
2016-04-01,83604423388.79999,48472000000.0,-0.004837807331449042,132429421013.15125,132429421013.15121,132429421013.15121,132429421013.15121,1.0673295468770871,1.0008778251708463,-5.051463472774412,7.724605781733638,25.609315668853913,-0.008701788571709557,5304.121861283347,-5131.757971123754,3.045945908910714,11.61016614680248,5303.967187690594,-5131.59474215266,3.0371356636930527,11.514343420104826,100080,2014-10-03,2016-09-30,3.0
2016-04-08,84141939464.0,48472000000.0,-0.0050752543855854945,132979568833.91473,132979568833.91528,132979568833.91528,132979568833.91528,1.060548823154583,0.9950670896978409,-5.058089431088501,7.716737990517507,25.613461335577632,0.004145666723719188,5304.121861283347,-5131.757971123754,3.045945908910714,11.61016614680248,5303.967187690594,-5131.59474215266,3.0371356636930527,11.514343420104826,100080,2014-10-03,2016-09-30,3.0
2016-04-15,87408383305.6,48472000000.0,-0.005192512967785851,136249626849.49933,136249626849.49864,136249626849.49864,136249626849.49864,1.0572004395133505,0.9921976890918813,-5.061361391400169,7.7128528061460235,25.63775453176674,0.02429319618910597,5304.121861283347,-5131.757971123754,3.045945908910714,11.61016614680248,5303.967187690594,-5131.59474215266,3.0371356636930527,11.514343420104826,100080,2014-10-03,2016-09-30,3.0
2016-04-22,91212343222.4,48472000000.0,-0.005201653725431045,140049360248.56247,140049360248.56247,140049360248.56247,140049360248.56247,1.056939424128365,0.9919740115369677,-5.061616449417715,7.712549945809999,25.665260770620407,0.027506238853668208,5304.121861283347,-5131.757971123754,3.045945908910714,11.61016614680248,5303.967187690594,-5131.59474215266,3.0371356636930527,11.514343420104826,100080,2014-10-03,2016-09-30,3.0
2016-04-29,83314991656.0,48472000000.0,-0.005180846165192681,132145666279.59825,132145666279.5983,132145666279.5983,132145666279.5983,1.0575335872432516,0.9924831805415124,-5.0610358473792525,7.71323936281847,25.607170683509665,-0.058090087110741706,5304.121861283347,-5131.757971123754,3.045945908910714,11.61016614680248,5303.967187690594,-5131.59474215266,3.0371356636930527,11.514343420104826,100080,2014-10-03,2016-09-30,3.0
2016-05-06,80850687188.16,48472000000.0,-0.005255255910523684,129681592786.48953,129681592786.49022,129681592786.49022,129681592786.49022,1.05540881922521,0.9906623567026145,-5.06311212018104,7.710773960650662,25.588347996735866,-0.018822686773798836,5304.121861283347,-5131.757971123754,3.045945908910714,11.61016614680248,5303.967187690594,-5131.59474215266,3.0371356636930527,11.514343420104826,100080,2014-10-03,2016-09-30,3.0
2016-05-13,79502762261.12,48472000000.0,-0.005330627522565173,128333827275.12584,128333827275.12651,128333827275.12651,128333827275.12651,1.0532566242448078,0.9888180276298044,-5.065215194299025,7.708276735404573,25.577900731455767,-0.010447265280099316,5304.121861283347,-5131.757971123754,3.045945908910714,11.61016614680248,5303.967187690594,-5131.59474215266,3.0371356636930527,11.514343420104826,100080,2014-10-03,2016-09-30,3.0
2016-05-20,74044906728.32,48472000000.0,-0.005381800125490273,122874351753.37497,122874351753.37485,122874351753.37485,122874351753.37485,1.0517954411118202,0.9875658620067043,-5.0666430281487,7.706581302428143,25.53442813974062,-0.0434725917151475,5304.121861283347,-5131.757971123754,3.045945908910714,11.61016614680248,5303.967187690594,-5131.59474215266,3.0371356636930527,11.514343420104826,100080,2014-10-03,2016-09-30,3.0
2016-05-27,70563456456.64,48472000000.0,-0.005511659954575418,119396356564.00023,119396356564.00078,119396356564.00078,119396356564.00078,1.0480875033997805,0.984388329335161,-5.070266338530064,7.702278927794398,25.50571452289998,-0.028713616840640555,5304.121861283347,-5131.757971123754,3.045945908910714,11.61016614680248,5303.967187690594,-5131.59474215266,3.0371356636930527,11.514343420104826,100080,2014-10-03,2016-09-30,3.0
2016-06-03,73879517166.72,48472000000.0,-0.0055372453045172375,122708937714.13562,122708937714.13486,122708937714.13486,122708937714.13486,1.0473569688273103,0.9837622941095105,-5.0709802000214035,7.701431278095382,25.533081028016415,0.027366505116436457,5304.121861283347,-5131.757971123754,3.045945908910714,11.61016614680248,5303.967187690594,-5131.59474215266,3.0371356636930527,11.514343420104826,100080,2014-10-03,2016-09-30,3.0
2016-06-10,72771407104.0,48472000000.0,-0.005629565200942901,121601521319.31268,121601521319.31305,121601521319.31305,121601521319.31305,1.0447210106933562,0.9815033951213081,-5.0735559976812965,7.698372739054733,25.52401531724983,-0.0090657107665848,5304.121861283347,-5131.757971123754,3.045945908910714,11.61016614680248,5303.967187690594,-5131.59474215266,3.0371356636930527,11.514343420104826,100080,2014-10-03,2016-09-30,3.0
2016-06-17,72837562928.64,48472000000.0,-0.005830890049573294,121675063635.2138,121675063635.21315,121675063635.21315,121675063635.21315,1.038972900193221,0.9765775112223309,-5.07917292082825,7.6917031306742984,25.52461991565912,0.0006045984092892809,5304.121861283347,-5131.757971123754,3.045945908910714,11.61016614680248,5303.967187690594,-5131.59474215266,3.0371356636930527,11.514343420104826,100080,2014-10-03,2016-09-30,3.0
2016-06-24,72473705893.12,48472000000.0,-0.006369741549732035,121339142221.73721,121339142221.73637,121339142221.73637,121339142221.73637,1.023589305704912,0.9633943730709689,-5.094205432268745,7.673853373708065,25.52185529022292,-0.002764625436199708,5304.121861283347,-5131.757971123754,3.045945908910714,11.61016614680248,5303.967187690594,-5131.59474215266,3.0371356636930527,11.514343420104826,100080,2014-10-03,2016-09-30,3.0
2016-07-01,74995896707.52,48472000000.0,-0.006520102512182806,123864546099.98717,123864546099.9864,123864546099.9864,123864546099.9864,1.0192970309932177,0.9597160465846173,-5.098399752174509,7.668873007213373,25.54245443531891,0.020599145095989257,5304.121861283347,-5131.757971123754,3.045945908910714,11.61016614680248,5303.967187690594,-5131.59474215266,3.0371356636930527,11.514343420104826,100080,2014-10-03,2016-09-30,3.0
2016-07-08,75186094703.36,48472000000.0,-0.006736888254060118,124061659063.24196,124061659063.24136,124061659063.24136,124061659063.24136,1.0131088389434748,0.9544129748865089,-5.1044467247244025,7.661692796182482,25.544044529473393,0.0015900941544835234,5304.121861283347,-5131.757971123754,3.045945908910714,11.61016614680248,5303.967187690594,-5131.59474215266,3.0371356636930527,11.514343420104826,100080,2014-10-03,2016-09-30,3.0
2016-07-15,77642129693.12,48472000000.0,-0.006551731690406832,126500407770.47586,126500407770.4755,126500407770.4755,126500407770.4755,1.018394149539087,0.958942308510359,-5.099282028974539,7.667825385856716,25.56351136859081,0.019466839117416868,5304.121861283347,-5131.757971123754,3.045945908910714,11.61016614680248,5303.967187690594,-5131.59474215266,3.0371356636930527,11.514343420104826,100080,2014-10-03,2016-09-30,3.0
2016-07-22,76137084682.56,48472000000.0,-0.006313785077396439,124975348874.67899,124975348874.67848,124975348874.67848,124975348874.67848,1.0251867054497688,0.9647632860505837,-5.092644487428788,7.675706852455099,25.551382345797887,-0.012129022792922939,5304.121861283347,-5131.757971123754,3.045945908910714,11.61016614680248,5303.967187690594,-5131.59474215266,3.0371356636930527,11.514343420104826,100080,2014-10-03,2016-09-30,3.0
2016-07-29,79568918085.76,48472000000.0,-0.006389155644443183,128405575304.9332,128405575304.93324,128405575304.93324,128405575304.93324,1.0230350930272532,0.9629194329249913,-5.094746997078254,7.6732103153597135,25.578459648637576,0.027077302839689565,5304.121861283347,-5131.757971123754,3.045945908910714,11.61016614680248,5303.967187690594,-5131.59474215266,3.0371356636930527,11.514343420104826,100080,2014-10-03,2016-09-30,3.0
2016-08-05,79279486352.96,48472000000.0,-0.006410756428835769,128111361041.89847,128111361041.89865,128111361041.89865,128111361041.89865,1.0224184601548405,0.9623910008085659,-5.095349557597819,7.672494830321651,25.576165730768142,-0.0022939178694336704,5304.121861283347,-5131.757971123754,3.045945908910714,11.61016614680248,5303.967187690594,-5131.59474215266,3.0371356636930527,11.514343420104826,100080,2014-10-03,2016-09-30,3.0
2016-08-12,81123579964.79999,48472000000.0,-0.006440386896702876,129951077776.5851,129951077776.58444,129951077776.58444,129951077776.58444,1.021572610919796,0.9616661383201972,-5.096176103514244,7.671513383455343,25.590423891778542,0.014258161010399562,5304.121861283347,-5131.757971123754,3.045945908910714,11.61016614680248,5303.967187690594,-5131.59474215266,3.0371356636930527,11.514343420104826,100080,2014-10-03,2016-09-30,3.0
2016-08-19,79676421300.79999,48472000000.0,-0.006291722503460675,128489777101.64511,128489777101.6455,128489777101.6455,128489777101.6455,1.0258165357820024,0.9653030272875185,-5.092029030761432,7.6764376509606365,25.57911518248775,-0.011308709290791086,5304.121861283347,-5131.757971123754,3.045945908910714,11.61016614680248,5303.967187690594,-5131.59474215266,3.0371356636930527,11.514343420104826,100080,2014-10-03,2016-09-30,3.0
2016-08-26,80213937376.0,48472000000.0,-0.0062981295314113875,129021730723.12073,129021730723.12097,129021730723.12097,129021730723.12097,1.0256336310938998,0.9651462847673429,-5.092207761289319,7.6762254247927135,25.583246682339087,0.004131499851336429,5304.121861283347,-5131.757971123754,3.045945908910714,11.61016614680248,5303.967187690594,-5131.59474215266,3.0371356636930527,11.514343420104826,100080,2014-10-03,2016-09-30,3.0
2016-09-02,78502155413.44,48472000000.0,-0.006461880961507811,127312644294.59372,127312644294.59372,127312644294.59372,127312644294.59372,1.020959032167369,0.9611403231538134,-5.096775679679149,7.670801442311543,25.569911664321847,-0.013335018017240685,5304.121861283347,-5131.757971123754,3.045945908910714,11.61016614680248,5303.967187690594,-5131.59474215266,3.0371356636930527,11.514343420104826,100080,2014-10-03,2016-09-30,3.0
2016-09-09,78576580716.16,48472000000.0,-0.006376287794309841,127376586681.21086,127376586681.21045,127376586681.21045,127376586681.21045,1.0234024302696587,0.9632342276199779,-5.094388042955279,7.673636540320243,25.570413785182748,0.0005021208609008454,5304.121861283347,-5131.757971123754,3.045945908910714,11.61016614680248,5303.967187690594,-5131.59474215266,3.0371356636930527,11.514343420104826,100080,2014-10-03,2016-09-30,3.0
2016-09-16,75070322010.24,48472000000.0,-0.006482306155230866,123869715938.52322,123869715938.52272,123869715938.52272,123869715938.52272,1.0203759688305278,0.9606406584875913,-5.097345436851401,7.670124908551864,25.54249617228734,-0.02791761289540773,5304.121861283347,-5131.757971123754,3.045945908910714,11.61016614680248,5303.967187690594,-5131.59474215266,3.0371356636930527,11.514343420104826,100080,2014-10-03,2016-09-30,3.0
2016-09-23,75649185475.84,48472000000.0,-0.006759091107089899,124456264001.26076,124456264001.26028,124456264001.26028,124456264001.26028,1.0124750724703244,0.9538698576393472,-5.10506602829846,7.660957432044782,25.54722019797071,0.004724025683369604,5304.121861283347,-5131.757971123754,3.045945908910714,11.61016614680248,5303.967187690594,-5131.59474215266,3.0371356636930527,11.514343420104826,100080,2014-10-03,2016-09-30,3.0
2016-09-30,73953942469.44,48472000000.0,-0.0072177983354985735,122777067517.5705,122777067517.57086,122777067517.57086,122777067517.57086,0.9993823270524627,0.942649768616775,-5.117859996695551,7.645765835190971,25.53363608862055,-0.013584109350158968,5304.121861283347,-5131.757971123754,3.045945908910714,11.61016614680248,5303.967187690594,-5131.59474215266,3.0371356636930527,11.514343420104826,100080,2014-10-03,2016-09-30,3.0
